{
    "min_pitch": 53,
    "max_pitch": 65,
    "avg_pitch": 59.19047619047619,
    "avg_duration": 0.4805570394345236,
    "avg_position": 18.538243973958338,
    "note_density": 0.2780547642345057,
    "pitch_classes": [
        10,
        2,
        0,
        3,
        2,
        5,
        0,
        3,
        10,
        2,
        9,
        0,
        10,
        2,
        0,
        3,
        10,
        2,
        9,
        0,
        7,
        10,
        9,
        0,
        10,
        2,
        9,
        0,
        7,
        10,
        10,
        2,
        9,
        0,
        5,
        10,
        10,
        2,
        9,
        0,
        5,
        10,
        10,
        2,
        0,
        3,
        2,
        5,
        0,
        3,
        10,
        2,
        9,
        0,
        10,
        2,
        0,
        3,
        10,
        2,
        9,
        0,
        7,
        10,
        9,
        0,
        10,
        2,
        9,
        0,
        7,
        10,
        10,
        2,
        9,
        0,
        5,
        10,
        10,
        2,
        9,
        0,
        5,
        10
    ],
    "octaves": [
        4,
        5,
        5,
        5,
        5,
        5,
        5,
        5,
        4,
        5,
        4,
        5,
        4,
        5,
        5,
        5,
        4,
        5,
        4,
        5,
        4,
        4,
        4,
        5,
        4,
        5,
        4,
        5,
        4,
        4,
        4,
        5,
        4,
        5,
        4,
        4,
        4,
        5,
        4,
        5,
        4,
        4,
        4,
        5,
        5,
        5,
        5,
        5,
        5,
        5,
        4,
        5,
        4,
        5,
        4,
        5,
        5,
        5,
        4,
        5,
        4,
        5,
        4,
        4,
        4,
        5,
        4,
        5,
        4,
        5,
        4,
        4,
        4,
        5,
        4,
        5,
        4,
        4,
        4,
        5,
        4,
        5,
        4,
        4
    ]
}