{
    "min_pitch": 48,
    "max_pitch": 58,
    "avg_pitch": 55.2525,
    "avg_duration": 0.5966363929687495,
    "avg_position": 159.30978036273441,
    "note_density": 1.3222862052171709,
    "pitch_classes": [
        10,
        10,
        10,
        9,
        9,
        9,
        7,
        7,
        7,
        5,
        5,
        5,
        0,
        3,
        5,
        10,
        10,
        10,
        5,
        10,
        9,
        9,
        9,
        7,
        7,
        7,
        5,
        5,
        5,
        10,
        10,
        10,
        9,
        9,
        9,
        7,
        7,
        7,
        5,
        5,
        5,
        10,
        10,
        10,
        9,
        9,
        9,
        7,
        7,
        7,
        5,
        5,
        5,
        10,
        10,
        10,
        9,
        9,
        9,
        7,
        7,
        7,
        5,
        5,
        5,
        10,
        10,
        10,
        9,
        9,
        9,
        7,
        7,
        7,
        5,
        5,
        5,
        10,
        10,
        10,
        9,
        9,
        9,
        7,
        7,
        7,
        5,
        5,
        5,
        10,
        10,
        10,
        10,
        10,
        9,
        9,
        9,
        7,
        7,
        7,
        7,
        5,
        5,
        5,
        7,
        5,
        10,
        10,
        10,
        9,
        9,
        9,
        7,
        7,
        7,
        5,
        5,
        5,
        10,
        10,
        10,
        9,
        9,
        9,
        7,
        7,
        7,
        5,
        5,
        5,
        5,
        5,
        10,
        10,
        10,
        9,
        9,
        9,
        7,
        7,
        7,
        2,
        2,
        2,
        2,
        3,
        3,
        3,
        10,
        10,
        8,
        8,
        8,
        3,
        3,
        3,
        3,
        10,
        10,
        10,
        9,
        9,
        9,
        7,
        7,
        7,
        5,
        5,
        5,
        10,
        5,
        10,
        10,
        10,
        9,
        9,
        9,
        7,
        7,
        7,
        5,
        5,
        5,
        5,
        5,
        5,
        10,
        5,
        7,
        7,
        7,
        6,
        6,
        6,
        5,
        5,
        5,
        2,
        0,
        0,
        0,
        5,
        7,
        9,
        10,
        10,
        10,
        5,
        10,
        8,
        8,
        3,
        5,
        7,
        10,
        10,
        10,
        9,
        9,
        9,
        7,
        7,
        7,
        5,
        5,
        5,
        10,
        5,
        10,
        10,
        10,
        9,
        9,
        9,
        7,
        7,
        7,
        5,
        5,
        5,
        5,
        5,
        5,
        10,
        5,
        10,
        10,
        10,
        9,
        9,
        9,
        7,
        7,
        7,
        5,
        5,
        5,
        5,
        5,
        10,
        10,
        10,
        9,
        9,
        9,
        7,
        7,
        7,
        2,
        2,
        2,
        2,
        3,
        3,
        3,
        10,
        10,
        8,
        8,
        8,
        3,
        3,
        3,
        3,
        10,
        10,
        10,
        9,
        9,
        9,
        7,
        7,
        7,
        5,
        5,
        5,
        10,
        5,
        10,
        10,
        10,
        9,
        9,
        9,
        7,
        7,
        7,
        5,
        5,
        5,
        5,
        5,
        5,
        10,
        5,
        10,
        10,
        10,
        9,
        9,
        9,
        7,
        7,
        7,
        5,
        5,
        5,
        10,
        5,
        10,
        10,
        10,
        9,
        9,
        9,
        7,
        7,
        7,
        5,
        5,
        5,
        5,
        5,
        5,
        10,
        5,
        10,
        10,
        10,
        9,
        9,
        9,
        7,
        7,
        7,
        5,
        5,
        5,
        10,
        5,
        10,
        10,
        10,
        9,
        9,
        9,
        7,
        7,
        7,
        5,
        5,
        5,
        5,
        5,
        5,
        10,
        5,
        10,
        10,
        10,
        9,
        9,
        9,
        7,
        7,
        7,
        5,
        5,
        5,
        10,
        5,
        10,
        10,
        10,
        9,
        9,
        9,
        7,
        7,
        7
    ],