{
    "min_pitch": 41,
    "max_pitch": 62,
    "avg_pitch": 53.48979591836735,
    "avg_duration": 2.588034309311226,
    "avg_position": 163.82563577244898,
    "note_density": 0.8094458519924291,
    "pitch_classes": [
        10,
        10,
        9,
        5,
        0,
        7,
        7,
        7,
        10,
        5,
        0,
        5,
        5,
        10,
        10,
        10,
        9,
        9,
        5,
        0,
        7,
        7,
        7,
        10,
        5,
        0,
        5,
        5,
        10,
        10,
        2,
        5,
        0,
        7,
        10,
        5,
        0,
        2,
        10,
        5,
        0,
        7,
        10,
        5,
        0,
        10,
        10,
        9,
        5,
        0,
        7,
        7,
        7,
        10,
        5,
        0,
        5,
        5,
        10,
        10,
        10,
        9,
        9,
        5,
        0,
        7,
        7,
        7,
        10,
        5,
        0,
        5,
        5,
        2,
        10,
        10,
        5,
        9,
        0,
        7,
        10,
        7,
        5,
        5,
        0,
        5,
        10,
        10,
        9,
        5,
        0,
        7,
        7,
        7,
        10,
        5,
        0,
        5,
        5,
        10,
        10,
        10,
        9,
        9,
        5,
        0,
        7,
        7,
        7,
        10,
        5,
        0,
        5,
        5,
        10,
        2,
        5,
        9,
        0,
        7,
        7,
        10,
        5,
        0,
        5,
        2,
        10,
        9,
        9,
        5,
        0,
        2,
        7,
        10,
        5,
        0,
        5,
        10,
        10,
        9,
        5,
        0,
        7,
        7,
        7,
        10,
        5,
        0,
        5,
        5,
        10,
        10,
        10,
        9,
        9,
        5,
        0,
        7,
        7,
        7,
        10,
        5,
        0,
        5,
        5,
        10,
        10,
        9,
        5,
        0,
        7,
        7,
        7,
        10,
        5,
        0,
        5,
        5,
        10,
        10,
        10,
        9,
        9,
        5,
        0,
        7,
        7,
        7,
        10,
        5,
        0,
        5,
        5,
        10,
        10,
        9,
        5,
        0,
        7,
        7,
        7,
        10,
        5,
        0,
        5,
        5,
        10,
        10,
        10,
        9,
        9,
        5,
        0,
        7,
        7,
        7,
        10,
        5,
        0,
        5,
        5,
        10,
        10,
        9,
        5,
        0,
        7,
        7,
        7,
        10,
        5,
        0,
        5,
        5,
        10,
        10,
        10,
        9,
        9,
        5,
        0,
        7,
        7,
        7,
        10
    ],
    "octaves": [
        3,
        4,
        4,
        4,
        5,
        4,
        4,
        3,
        4,
        3,
        5,
        4,
        4,
        4,
        4,
        3,
        4,
        3,
        4,
        5,
        3,
        4,
        4,
        4,
        3,
        5,
        4,
        4,
        3,
        4,
        5,
        4,
        5,
        4,
        4,
        4,
        5,
        5,
        4,
        4,
        5,
        4,
        4,
        4,
        5,
        3,
        4,
        4,
        4,
        5,
        4,
        4,
        3,
        4,
        3,
        5,
        4,
        4,
        4,
        4,
        3,
        4,
        3,
        4,
        5,
        4,
        4,
        3,
        4,
        3,
        5,
        4,
        4,
        5,
        3,
        4,
        4,
        3,
        5,
        4,
        4,
        3,
        4,
        4,
        5,
        3,
        3,
        4,
        4,
        4,
        5,
        4,
        4,
        3,
        4,
        3,
        5,
        4,
        4,
        4,
        4,
        3,
        4,
        3,
        4,
        5,
        3,
        4,
        4,
        4,
        3,
        5,
        4,
        4,
        3,
        5,
        4,
        4,
        5,
        3,
        4,
        4,
        3,
        5,
        4,
        5,
        4,
        4,
        3,
        4,
        5,
        5,
        4,
        4,
        3,
        5,
        4,
        3,
        4,
        4,
        4,
        5,
        4,
        4,
        3,
        4,
        3,
        5,
        4,
        4,
        4,
        4,
        3,
        4,
        3,
        4,
        5,
        3,
        4,
        4,
        4,
        3,
        5,
        4,
        4,
        3,
        4,
        4,
        4,
        5,
        4,
        4,
        3,
        4,
        3,
        5,
        4,
        4,
        4,
        4,
        3,
        4,
        3,
        4,
        5,
        3,
        4,
        4,
        4,
        3,
        5,
        4,
        4,
        3,
        4,
        4,
        4,
        5,
        4,
        4,
        3,
        4,
        3,
        5,
        4,
        4,
        4,
        4,
        3,
        4,
        3,
        4,
        5,
        3,
        4,
        4,
        4,
        3,
        5,
        4,
        4,
        3,
        4,
        4,
        4,
        5,
        4,
        4,
        3,
        4,
        3,
        5,
        4,
        4,
        4,
        4,
        3,
        4,
        3,
        4,
        5,
        3,
        4,
        4,
        4
    ]
}