{
    "min_pitch": 60,
    "max_pitch": 79,
    "avg_pitch": 71.63157894736842,
    "avg_duration": 0.9593092976973706,
    "avg_position": 169.42642899259863,
    "note_density": 0.3427875861656431,
    "pitch_classes": [
        5,
        10,
        2,
        5,
        0,
        0,
        8,
        2,
        10,
        2,
        3,
        3,
        0,
        2,
        5,
        5,
        3,
        7,
        7,
        2,
        3,
        5,
        3,
        2,
        0,
        2,
        3,
        2,
        0,
        10,
        0,
        2,
        0,
        10,
        2,
        0,
        10,
        2,
        0,
        10,
        2,
        3,
        5,
        3,
        2,
        0,
        2,
        3,
        2,
        0,
        10,
        0,
        2,
        0,
        10,
        2,
        0,
        10,
        2,
        0,
        10,
        0,
        8,
        0,
        2,
        2,
        10,
        3,
        3,
        0,
        2,
        5,
        5,
        7,
        3,
        7
    ],
    "octaves": [
        5,
        5,
        6,
        5,
        6,
        5,
        5,
        5,
        5,
        6,
        6,
        5,
        6,
        6,
        5,
        6,
        6,
        5,
        6,
        6,
        6,
        6,
        6,
        6,
        6,
        6,
        6,
        6,
        6,
        5,
        6,
        6,
        6,
        5,
        6,
        6,
        5,
        6,
        6,
        5,
        6,
        6,
        6,
        6,
        6,
        6,
        6,
        6,
        6,
        6,
        5,
        6,
        6,
        6,
        5,
        6,
        6,
        5,
        6,
        6,
        5,
        5,
        5,
        6,
        6,
        5,
        5,
        5,
        6,
        6,
        6,
        5,
        6,
        5,
        6,
        6
    ]
}