{
    "min_pitch": 39,
    "max_pitch": 87,
    "avg_pitch": 61.365914786967416,
    "avg_duration": 1.3046354460369693,
    "avg_position": 190.62483528242484,
    "note_density": 1.3180333077362518,
    "pitch_classes": [
        5,
        5,
        2,
        2,
        5,
        5,
        3,
        3,
        10,
        10,
        2,
        2,
        9,
        9,
        0,
        0,
        7,
        7,
        10,
        2,
        2,
        0,
        10,
        2,
        0,
        5,
        5,
        10,
        0,
        2,
        2,
        10,
        10,
        9,
        9,
        9,
        0,
        7,
        7,
        7,
        10,
        2,
        0,
        10,
        2,
        0,
        5,
        9,
        5,
        10,
        5,
        2,
        10,
        2,
        10,
        0,
        9,
        9,
        0,
        7,
        7,
        10,
        10,
        2,
        0,
        10,
        2,
        0,
        5,
        5,
        9,
        0,
        5,
        10,
        10,
        5,
        9,
        0,
        0,
        7,
        7,
        10,
        2,
        9,
        9,
        2,
        2,
        6,
        3,
        3,
        10,
        3,
        7,
        7,
        10,
        0,
        2,
        2,
        10,
        5,
        0,
        2,
        8,
        3,
        5,
        0,
        8,
        3,
        10,
        3,
        3,
        7,
        3,
        2,
        3,
        5,
        3,
        2,
        0,
        2,
        3,
        2,
        0,
        10,
        0,
        2,
        0,
        10,
        2,
        0,
        10,
        2,
        0,
        10,
        2,
        3,
        5,
        3,
        2,
        0,
        2,
        3,
        2,
        0,
        10,
        0,
        2,
        0,
        10,
        2,
        0,
        10,
        2,
        0,
        10,
        10,
        7,
        6,
        9,
        5,
        8,
        2,
        0,
        3,
        7,
        10,
        5,
        2,
        3,
        8,
        0,
        0,
        7,
        3,
        10,
        2,
        10,
        2,
        10,
        0,
        9,
        9,
        0,
        7,
        7,
        10,
        10,
        2,
        0,
        10,
        2,
        0,
        5,
        5,
        9,
        0,
        5,
        10,
        10,
        5,
        9,
        0,
        0,
        7,
        7,
        10,
        2,
        9,
        9,
        2,
        2,
        6,
        3,
        3,
        10,
        3,
        7,
        7,
        10,
        0,
        2,
        2,
        10,
        5,
        0,
        2,
        8,
        3,
        5,
        0,
        8,
        3,
        10,
        3,
        3,
        7,
        3,
        2,
        3,
        5,
        3,
        2,
        0,
        2,
        3,
        2,
        0,
        10,
        0,
        2,
        0,
        10,
        2,
        0,
        10,
        2,
        0,
        10,
        2,
        3,
        5,
        3,
        2,
        0,
        2,
        3,
        2,
        0,
        10,
        0,
        2,
        0,
        10,
        2,
        0,
        10,
        2,
        0,
        10,
        2,
        3,
        5,
        3,
        2,
        0,
        2,
        3,
        2,
        0,
        10,
        0,
        2,
        0,
        10,
        2,
        0,
        10,
        2,
        0,
        10,
        2,
        3,
        5,
        3,
        2,
        0,
        2,
        3,
        2,
        0,
        10,
        0,
        2,
        0,
        10,
        2,
        0,
        10,
        2,
        0,
        10,
        2,
        3,
        5,
        3,
        2,
        0,
        2,
        3,
        2,
        0,
        10,
        0,
        2,
        0,
        10,
        2,
        0,
        10,
        2,
        0,
        10,
        2,
        3,
        5,
        3,
        2,
        0,
        2,
        3,
        2,
        0,
        10,
        0,
        2,
        0,
        10,
        2,
        0,
        10,
        2,
        0,
        10,
        2,
        3,
        5,
        3,
        2,
        0,
        2,
        3,
        2,
        0,
        10,
        0,
        2,
        0,
        10,
        2,
        0,
        10,
        2,
        0,
        10,
        2,
        3,
        5,
        3,
        2,
        0,
        2,
        3,
        2,
        0,
        10,
        0,
        2,
        0,
        10
    ],