{
    "min_pitch": 58,
    "max_pitch": 82,
    "avg_pitch": 70.61479591836735,
    "avg_duration": 0.3507301544961742,
    "avg_position": 128.27341042362886,
    "note_density": 1.6072666717771955,
    "pitch_classes": [
        3,
        2,
        3,
        2,
        3,
        2,
        5,
        0,
        2,
        0,
        2,
        0,
        0,
        10,
        0,
        10,
        0,
        10,
        2,
        2,
        2,
        2,
        0,
        0,
        10,
        0,
        3,
        2,
        3,
        2,
        3,
        2,
        7,
        7,
        9,
        5,
        0,
        5,
        0,
        10,
        0,
        10,
        0,
        10,
        2,
        2,
        2,
        2,
        2,
        2,
        0,
        0,
        10,
        2,
        0,
        0,
        10,
        2,
        3,
        5,
        3,
        2,
        0,
        2,
        3,
        2,
        0,
        10,
        0,
        2,
        0,
        10,
        2,
        0,
        10,
        2,
        0,
        10,
        2,
        3,
        5,
        7,
        5,
        10,
        9,
        7,
        9,
        5,
        10,
        0,
        2,
        2,
        0,
        0,
        10,
        2,
        2,
        0,
        10,
        2,
        2,
        0,
        10,
        3,
        2,
        3,
        2,
        3,
        2,
        5,
        0,
        2,
        0,
        2,
        0,
        0,
        10,
        0,
        10,
        0,
        10,
        2,
        2,
        2,
        2,
        0,
        0,
        10,
        0,
        3,
        2,
        3,
        2,
        3,
        2,
        7,
        7,
        9,
        5,
        0,
        7,
        5,
        0,
        10,
        0,
        10,
        0,
        10,
        2,
        2,
        2,
        2,
        0,
        0,
        10,
        2,
        0,
        0,
        10,
        2,
        3,
        5,
        3,
        2,
        0,
        2,
        3,
        2,
        0,
        10,
        0,
        2,
        0,
        10,
        2,
        0,
        10,
        2,
        0,
        10,
        2,
        3,
        5,
        7,
        5,
        10,
        9,
        7,
        9,
        5,
        10,
        0,
        2,
        0,
        10,
        2,
        0,
        0,
        10,
        0,
        0,
        0,
        0,
        0,
        10,
        10,
        7,
        10,
        0,
        2,
        10,
        7,
        10,
        0,
        10,
        10,
        3,
        2,
        0,
        2,
        10,
        7,
        7,
        5,
        5,
        2,
        7,
        5,
        5,
        2,
        0,
        10,
        7,
        5,
        5,
        2,
        5,
        2,
        2,
        2,
        2,
        2,
        2,
        7,
        10,
        9,
        2,
        2,
        2,
        2,
        2,
        2,
        2,
        2,
        8,
        7,
        0,
        7,
        0,
        2,
        3,
        3,
        2,
        5,
        2,
        2,
        3,
        2,
        0,
        0,
        10,
        3,
        2,
        10,
        7,
        7,
        5,
        5,
        2,
        7,
        5,
        5,
        2,
        0,
        10,
        7,
        5,
        5,
        2,
        5,
        3,
        2,
        3,
        2,
        3,
        2,
        5,
        0,
        2,
        0,
        2,
        0,
        0,
        10,
        0,
        10,
        0,
        10,
        2,
        2,
        2,
        2,
        0,
        0,
        10,
        0,
        3,
        2,
        3,
        2,
        3,
        2,
        7,
        7,
        7,
        9,
        5,
        0,
        7,
        5,
        0,
        10,
        0,
        10,
        0,
        10,
        2,
        2,
        2,
        2,
        0,
        0,
        10,
        0,
        0,
        0,
        0,
        0,
        0,
        0,
        10,
        10,
        7,
        10,
        0,
        2,
        10,
        7,
        10,
        0,
        2,
        3,
        2,
        0,
        10,
        3,
        2,
        0,
        2,
        10,
        7,
        7,
        5,
        5,
        2,
        7,
        5,
        5,
        2,
        7,
        5,
        7,
        7,
        5,
        5,
        2,
        7,
        5,
        5,
        2,
        0,
        10
    ],