{
    "min_pitch": 58,
    "max_pitch": 77,
    "avg_pitch": 71.18518518518519,
    "avg_duration": 0.5134352715277798,
    "avg_position": 181.68813465933658,
    "note_density": 2.6755866284817826,
    "pitch_classes": [
        10,
        2,
        0,
        3,
        2,
        5,
        0,
        3,
        10,
        2,
        9,
        0,
        10,
        2,
        0,
        3,
        10,
        2,
        9,
        0,
        7,
        10,
        9,
        0,
        10,
        2,
        9,
        0,
        7,
        10,
        10,
        2,
        9,
        0,
        10,
        2,
        9,
        0,
        5,
        10,
        10,
        2,
        0,
        3,
        2,
        5,
        9,
        0,
        10,
        2,
        0,
        3,
        7,
        10,
        9,
        0,
        10,
        2,
        10,
        2,
        9,
        0,
        5,
        10,
        10,
        2,
        9,
        0,
        5,
        10,
        10,
        2,
        0,
        3,
        2,
        5,
        0,
        3,
        10,
        2,
        9,
        0,
        10,
        2,
        0,
        3,
        10,
        2,
        9,
        0,
        7,
        10,
        9,
        0,
        10,
        2,
        9,
        0,
        7,
        10,
        10,
        2,
        9,
        0,
        5,
        10,
        10,
        2,
        9,
        0,
        5,
        10,
        10,
        2,
        0,
        3,
        2,
        5,
        0,
        3,
        10,
        2,
        9,
        0,
        10,
        2,
        0,
        3,
        10,
        2,
        9,
        0,
        7,
        10,
        9,
        0,
        10,
        2,
        9,
        0,
        7,
        10,
        10,
        2,
        9,
        0,
        10,
        2,
        9,
        0,
        5,
        10,
        10,
        2,
        0,
        3,
        2,
        5,
        9,
        0,
        10,
        2,
        0,
        3,
        7,
        10,
        9,
        0,
        10,
        2,
        10,
        2,
        9,
        0,
        5,
        10,
        10,
        2,
        9,
        0,
        5,
        10,
        10,
        2,
        0,
        3,
        2,
        5,
        0,
        3,
        10,
        2,
        9,
        0,
        10,
        2,
        0,
        3,
        10,
        2,
        9,
        0,
        7,
        10,
        9,
        0,
        10,
        2,
        9,
        0,
        7,
        10,
        10,
        2,
        9,
        0,
        10,
        2,
        9,
        0,
        5,
        10,
        10,
        2,
        0,
        3,
        2,
        5,
        9,
        0,
        10,
        2,
        0,
        3,
        7,
        10,
        9,
        0,
        10,
        2,
        9,
        2,
        3,
        7,
        10,
        3,
        10,
        2,
        5,
        10,
        10,
        2,
        0,
        3,
        2,
        5,
        0,
        3,
        10,
        2,
        9,
        0,
        10,
        2,
        0,
        3,
        10,
        2,
        9,
        0,
        7,
        10,
        9,
        0,
        10,
        2,
        9,
        0,
        7,
        10,
        10,
        2,
        9,
        0,
        5,
        10,
        10,
        2,
        9,
        0,
        5,
        10,
        10,
        2,
        0,
        3,
        2,
        5,
        0,
        3,
        10,
        2,
        9,
        0,
        10,
        2,
        0,
        3,
        10,
        2,
        9,
        0,
        7,
        10,
        9,
        0,
        10,
        2,
        9,
        0,
        7,
        10,
        10,
        2,
        9,
        0,
        5,
        10,
        10,
        2,
        9,
        0,
        5,
        10,
        10,
        2,
        0,
        3,
        2,
        5,
        0,
        3,
        10,
        2,
        9,
        0,
        10,
        2,
        0,
        3,
        10,
        2,
        9,
        0,
        7,
        10,
        9,
        0,
        10,
        2,
        9,
        0,
        7,
        10,
        10,
        2,
        9,
        0,
        5,
        10,
        10,
        2,
        9,
        0,
        5,
        10,
        10,
        2,
        0,
        3,
        2,
        5,
        0,
        3,
        10,
        2,
        9,
        0,
        10,
        2,
        0,
        3,
        10,
        2,
        9,
        0,
        7,
        10,
        9,
        0,
        10,
        2,
        9,
        0,
        7,
        10,
        10,
        2,
        9,
        0,
        5,
        10,
        10,
        2,
        9,
        0,
        5,
        10,
        10,
        2,
        0,
        3,
        2,
        5,
        0,
        3,
        10,
        2,
        9,
        0,
        10,
        2,
        0,
        3,
        10,
        2,
        9,
        0,
        7,
        10,
        9,
        0,
        10,
        2,
        9,
        0,
        7,
        10,
        10,
        2,
        9,
        0,
        10,
        2,
        9,
        0,
        5,
        10,
        10,
        2,
        0,
        3,
        2,
        5,
        9,
        0,
        10,
        2,
        0,
        3,
        7,
        10,
        9,
        0,
        10,
        2,
        9,
        2,
        3,
        7,
        10,
        3,
        10,
        2,
        5,
        10,
        10,
        2,
        0,
        3,
        2,
        5,
        0,
        3,
        10,
        2,
        9,
        0,
        10,
        2,
        0,
        3,
        10,
        2,
        9,
        0,
        7,
        10,
        9,
        0,
        10,
        2,
        9,
        0,
        7,
        10,
        10,
        2,
        9,
        0,
        5,
        10,
        10,
        2,
        9,
        0,
        5,
        10,
        10,
        2,
        0,
        3,
        2,
        5,
        0,
        3,
        10,
        2,
        9,
        0,
        10,
        2,
        0,
        3,
        10,
        2,
        9,
        0,
        7,
        10,
        9,
        0,
        10,
        2,
        9,
        0,
        7,
        10,
        10,
        2,
        9,
        0,
        5,
        10,
        10,
        2,
        9,
        0,
        5,
        10,
        10,
        2,
        0,
        3,
        2,
        5,
        0,
        3,
        10,
        2,
        9,
        0,
        10,
        2,
        0,
        3,
        10,
        2,
        9,
        0,
        7,
        10,
        9,
        0,
        10,
        2,
        9,
        0,
        7,
        10,
        10,
        2,
        9,
        0,
        5,
        10,
        10,
        2,
        9,
        0,
        5,
        10,
        10,
        2,
        0,
        3,
        2,
        5,
        0,
        3,
        10,
        2,
        9,
        0,
        10,
        2,
        0,
        3,
        10,
        2,
        9,
        0,
        7,
        10,
        9,
        0,
        10,
        2,
        9,
        0,
        7,
        10,
        10,
        2,
        9,
        0,
        5,
        10,
        10,
        2,
        9,
        0,
        5,
        10,
        10,
        2,
        0,
        3,
        2,
        5,
        0,
        3,
        10,
        2,
        9,
        0,
        10,
        2,
        0,
        3,
        10,
        2,
        9,
        0,
        7,
        10,
        9,
        0,
        10,
        2,
        9,
        0,
        7,
        10,
        10,
        2,
        9,
        0,
        5,
        10,
