{
    "min_pitch": 68,
    "max_pitch": 86,
    "avg_pitch": 76.18333333333334,
    "avg_duration": 0.1597597401041663,
    "avg_position": 161.77762677187502,
    "note_density": 0.3539033645142375,
    "pitch_classes": [
        7,
        10,
        2,
        10,
        7,
        7,
        10,
        2,
        10,
        7,
        2,
        6,
        9,
        6,
        2,
        2,
        6,
        9,
        6,
        2,
        2,
        5,
        8,
        5,
        2,
        2,
        5,
        8,
        5,
        2,
        0,
        3,
        7,
        3,
        0,
        0,
        3,
        7,
        3,
        0,
        10,
        2,
        5,
        2,
        10,
        10,
        2,
        5,
        2,
        10,
        8,
        0,
        3,
        0,
        8,
        3,
        7,
        10,
        7,
        3
    ],
    "octaves": [
        6,
        6,
        7,
        6,
        6,
        6,
        6,
        7,
        6,
        6,
        6,
        6,
        6,
        6,
        6,
        6,
        6,
        6,
        6,
        6,
        6,
        6,
        6,
        6,
        6,
        6,
        6,
        6,
        6,
        6,
        6,
        6,
        6,
        6,
        6,
        6,
        6,
        6,
        6,
        6,
        5,
        6,
        6,
        6,
        5,
        5,
        6,
        6,
        6,
        5,
        5,
        6,
        6,
        6,
        5,
        6,
        6,
        6,
        6,
        6
    ]
}