{
    "min_pitch": 47,
    "max_pitch": 64,
    "avg_pitch": 53.69789227166277,
    "avg_duration": 0.3893329540886027,
    "avg_position": 126.60639087880556,
    "note_density": 1.7654794760771755,
    "pitch_classes": [
        9,
        0,
        9,
        2,
        9,
        0,
        9,
        2,
        9,
        0,
        9,
        2,
        9,
        0,
        9,
        2,
        9,
        9,
        9,
        9,
        7,
        7,
        7,
        7,
        7,
        10,
        0,
        4,
        5,
        5,
        5,
        5,
        5,
        5,
        5,
        10,
        10,
        10,
        10,
        10,
        10,
        0,
        4,
        5,
        5,
        5,
        5,
        5,
        10,
        10,
        10,
        10,
        10,
        0,
        4,
        5,
        5,
        5,
        5,
        5,
        5,
        10,
        10,
        10,
        10,
        10,
        10,
        0,
        4,
        5,
        5,
        5,
        5,
        7,
        5,
        2,
        2,
        2,
        5,
        5,
        4,
        0,
        4,
        9,
        0,
        9,
        2,
        9,
        0,
        9,
        2,
        9,
        0,
        9,
        2,
        9,
        0,
        9,
        2,
        9,
        9,
        9,
        9,
        7,
        7,
        7,
        7,
        7,
        10,
        0,
        4,
        5,
        5,
        5,
        5,
        5,
        5,
        5,
        10,
        10,
        10,
        10,
        10,
        10,
        0,
        4,
        5,
        5,
        5,
        5,
        5,
        10,
        10,
        10,
        10,
        10,
        0,
        4,
        5,
        5,
        5,
        5,
        5,
        5,
        10,
        10,
        10,
        10,
        10,
        10,
        0,
        4,
        5,
        5,
        5,
        5,
        7,
        5,
        2,
        2,
        2,
        5,
        5,
        7,
        7,
        7,
        7,
        0,
        0,
        0,
        2,
        4,
        5,
        9,
        9,
        10,
        0,
        4,
        5,
        10,
        5,
        0,
        9,
        4,
        9,
        4,
        9,
        7,
        7,
        7,
        9,
        10,
        0,
        4,
        5,
        0,
        10,
        0,
        4,
        5,
        2,
        2,
        2,
        2,
        2,
        4,
        4,
        4,
        9,
        4,
        9,
        2,
        4,
        9,
        2,
        4,
        9,
        4,
        9,
        2,
        4,
        9,
        2,
        4,
        9,
        4,
        9,
        2,
        4,
        9,
        2,
        4,
        9,
        4,
        9,
        2,
        4,
        9,
        2,
        4,
        9,
        4,
        9,
        2,
        4,
        9,
        2,
        4,
        9,
        4,
        9,
        2,
        4,
        9,
        2,
        4,
        9,
        4,
        9,
        2,
        4,
        9,
        2,
        4,
        9,
        4,
        9,
        2,
        4,
        9,
        2,
        4,
        9,
        0,
        9,
        2,
        9,
        0,
        9,
        2,
        9,
        0,
        9,
        2,
        9,
        0,
        9,
        2,
        9,
        9,
        9,
        9,
        7,
        7,
        7,
        7,
        7,
        10,
        0,
        4,
        5,
        5,
        5,
        5,
        5,
        5,
        5,
        10,
        10,
        10,
        10,
        10,
        10,
        0,
        4,
        5,
        5,
        5,
        5,
        5,
        10,
        10,
        10,
        10,
        10,
        0,
        4,
        5,
        5,
        5,
        5,
        5,
        5,
        10,
        10,
        10,
        10,
        10,
        10,
        0,
        4,
        5,
        5,
        5,
        5,
        7,
        5,
        2,
        2,
        2,
        5,
        5,
        7,
        7,
        7,
        7,
        0,
        0,
        0,
        2,
        4,
        5,
        9,
        9,
        10,
        0,
        4,
        5,
        10,
        5,
        0,
        9,
        4,
        9,
        4,
        9,
        7,
        7,
        7,
        9,
        10,
        0,
        4,
        5,
        0,
        10,
        0,
        4,
        5,
        2,
        2,
        2,
        2,
        2,
        7,
        7,
        7,
        7,
        7,
        7,
        11,
        0,
        0,
        0,
        2,
        4,
        5,
        5,
        5,
        5,
        0,
        0,
        0,
        2,
        4,
        5,
        5,
        5,
        5,
        5,
        0,
        0,
        0,
        0,
        0,
        0,
        0
    ],