{
    "min_pitch": 55,
    "max_pitch": 93,
    "avg_pitch": 74.19236883942766,
    "avg_duration": 0.5777451426205614,
    "avg_position": 114.10201941848828,
    "note_density": 2.600671172020008,
    "pitch_classes": [
        9,
        0,
        4,
        4,
        7,
        6,
        2,
        4,
        7,
        9,
        9,
        9,
        7,
        4,
        9,
        0,
        4,
        0,
        4,
        9,
        6,
        2,
        9,
        4,
        7,
        9,
        9,
        9,
        7,
        4,
        0,
        4,
        0,
        4,
        9,
        0,
        4,
        9,
        2,
        9,
        4,
        7,
        9,
        9,
        9,
        7,
        4,
        0,
        7,
        7,
        0,
        0,
        7,
        2,
        9,
        4,
        7,
        9,
        9,
        9,
        7,
        4,
        7,
        0,
        7,
        0,
        0,
        7,
        0,
        10,
        5,
        10,
        5,
        2,
        10,
        2,
        9,
        4,
        9,
        4,
        9,
        4,
        4,
        9,
        9,
        4,
        9,
        4,
        9,
        4,
        5,
        10,
        2,
        9,
        0,
        4,
        9,
        5,
        9,
        0,
        4,
        9,
        5,
        10,
        5,
        2,
        9,
        0,
        5,
        0,
        9,
        9,
        4,
        9,
        2,
        5,
        10,
        5,
        5,
        2,
        9,
        9,
        0,
        0,
        4,
        9,
        5,
        0,
        4,
        11,
        9,
        0,
        5,
        9,
        9,
        2,
        0,
        11,
        4,
        9,
        4,
        11,
        4,
        9,
        0,
        4,
        4,
        7,
        6,
        2,
        4,
        7,
        9,
        9,
        9,
        7,
        4,
        9,
        0,
        4,
        0,
        4,
        9,
        6,
        2,
        9,
        4,
        7,
        9,
        9,
        9,
        7,
        4,
        0,
        4,
        0,
        4,
        9,
        9,
        0,
        4,
        2,
        9,
        4,
        7,
        9,
        9,
        9,
        7,
        4,
        0,
        7,
        7,
        0,
        0,
        7,
        2,
        9,
        4,
        7,
        9,
        9,
        9,
        7,
        4,
        7,
        0,
        7,
        0,
        0,
        7,
        0,
        10,
        5,
        10,
        5,
        2,
        10,
        2,
        9,
        4,
        9,
        4,
        9,
        4,
        4,
        9,
        9,
        4,
        9,
        4,
        9,
        4,
        5,
        10,
        2,
        9,
        0,
        4,
        9,
        5,
        9,
        0,
        4,
        9,
        5,
        10,
        5,
        2,
        9,
        0,
        5,
        0,
        9,
        9,
        4,
        9,
        2,
        5,
        10,
        5,
        5,
        2,
        9,
        9,
        0,
        0,
        4,
        9,
        5,
        0,
        4,
        11,
        9,
        0,
        5,
        9,
        9,
        2,
        0,
        7,
        7,
        0,
        4,
        9,
        0,
        4,
        9,
        0,
        5,
        10,
        2,
        5,
        2,
        4,
        0,
        4,
        0,
        9,
        4,
        9,
        10,
        2,
        2,
        4,
        7,
        0,
        5,
        9,
        0,
        9,
        0,
        4,
        5,
        4,
        9,
        2,
        0,
        2,
        4,
        4,
        4,
        9,
        4,
        11,
        7,
        9,
        0,
        7,
        9,
        9,
        0,
        2,
        9,
        4,
        9,
        0,
        9,
        0,
        4,
        2,
        9,
        2,
        4,
        7,
        0,
        9,
        4,
        0,
        7,
        9,
        2,
        2,
        6,
        9,
        4,
        4,
        0,
        9,
        7,
        4,
        0,
        2,
        9,
        3,
        2,
        3,
        0,
        2,
        11,
        0,
        9,
        9,
        11,
        0,
        2,
        0,
        0,
        9,
        9,
        11,
        11,
        7,
        7,
        9,
        9,
        4,
        3,
        2,
        0,
        9,
        7,
        4,
        7,
        9,
        2,
        4,
        6,
        7,
        9,
        11,
        0,
        2,
        4,
        6,
        7,
        7,
        4,
        4,
        6,
        6,
        2,
        9,
        2,
        6,
        7,
        9,
        11,
        0,
        0,
        11,
        9,
        11,
        2,
        6,
        9,
        7,
        4,
        2,
        3,
        2,
        0,
        9,
        7,
        9,
        6,
        2,
        4,
        7,
        9,
        9,
        9,
        7,
        4,
        9,
        0,
        4,
        0,
        4,
        9,
        6,
        2,
        9,
        4,
        7,
        9,
        9,
        9,
        7,
        4,
        0,
        4,
        0,
        4,
        9,
        9,
        0,
        4,
        2,
        9,
        4,
        7,
        9,
        9,
        9,
        7,
        4,
        0,
        7,
        7,
        0,
        0,
        7,
        2,
        9,
        4,
        7,
        9,
        9,
        9,
        7,
        4,
        7,
        0,
        7,
        0,
        0,
        7,
        0,
        10,
        5,
        10,
        5,
        2,
        10,
        2,
        9,
        4,
        9,
        4,
        9,
        4,
        4,
        9,
        9,
        4,
        9,
        4,
        9,
        4,
        5,
        10,
        2,
        9,
        0,
        4,
        9,
        5,
        9,
        0,
        4,
        9,
        5,
        10,
        5,
        2,
        9,
        0,
        5,
        0,
        9,
        9,
        4,
        9,
        2,
        5,
        10,
        5,
        5,
        2,
        9,
        9,
        0,
        0,
        4,
        9,
        5,
        0,
        4,
        11,
        9,
        0,
        5,
        9,
        9,
        2,
        0,
        7,
        7,
        0,
        4,
        9,
        0,
        4,
        9,
        0,
        5,
        10,
        2,
        5,
        2,
        4,
        0,
        4,
        0,
        9,
        4,
        9,
        10,
        2,
        2,
        4,
        7,
        0,
        5,
        9,
        0,
        9,
        0,
        4,
        5,
        4,
        9,
        2,
        0,
        2,
        4,
        4,
        7,
        7,
        4,
        9,
        0,
        2,
        9,
        4,
        7,
        4,
        9,
        0,
        4,
        9,
        4,
        4,
        4,
        4,
        4,
        4,
        4
    ],