{
    "min_pitch": 64,
    "max_pitch": 81,
    "avg_pitch": 74.34848484848484,
    "avg_duration": 0.396197074179293,
    "avg_position": 106.55654309090912,
    "note_density": 1.091594648434081,
    "pitch_classes": [
        9,
        0,
        0,
        9,
        0,
        2,
        2,
        0,
        2,
        4,
        9,
        9,
        0,
        9,
        0,
        2,
        2,
        0,
        4,
        2,
        0,
        2,
        9,
        9,
        7,
        4,
        2,
        0,
        2,
        0,
        4,
        2,
        0,
        2,
        2,
        4,
        0,
        9,
        0,
        2,
        9,
        9,
        9,
        5,
        5,
        2,
        4,
        4,
        0,
        0,
        2,
        4,
        5,
        4,
        5,
        4,
        2,
        0,
        4,
        5,
        4,
        7,
        5,
        9,
        4,
        4,
        4,
        0,
        5,
        4,
        2,
        0,
        9,
        4,
        4,
        2,
        4,
        0,
        2,
        9,
        0,
        9,
        4,
        9,
        0,
        0,
        9,
        0,
        2,
        2,
        0,
        2,
        4,
        9,
        9,
        0,
        0,
        9,
        0,
        2,
        2,
        0,
        4,
        2,
        0,
        2,
        9,
        9,
        9,
        7,
        4,
        2,
        0,
        2,
        0,
        4,
        2,
        0,
        2,
        2,
        4,
        0,
        9,
        0,
        2,
        9,
        9,
        9,
        5,
        5,
        2,
        4,
        4,
        0,
        0,
        2,
        4,
        5,
        4,
        5,
        4,
        2,
        0,
        4,
        5,
        4,
        7,
        5,
        9,
        4,
        4,
        4,
        0,
        5,
        4,
        2,
        0,
        9,
        4,
        4,
        2,
        9,
        4,
        7,
        9,
        9,
        0,
        9,
        0,
        2,
        2,
        0,
        2,
        2,
        4,
        9,
        9,
        0,
        4,
        2,
        2,
        0,
        2,
        0,
        2,
        0,
        0,
        2,
        4,
        9,
        9,
        0,
        9,
        7,
        4,
        2,
        0,
        4,
        0,
        2,
        0,
        2,
        2,
        4,
        0,
        9,
        0,
        2,
        9,
        9,
        9,
        5,
        5,
        2,
        4,
        4,
        0,
        0,
        2,
        4,
        5,
        4,
        5,
        4,
        2,
        0,
        4,
        5,
        4,
        7,
        5,
        9,
        4,
        4,
        4,
        0,
        5,
        4,
        2,
        0,
        9,
        4,
        4,
        2,
        9,
        4,
        7,
        9,
        4,
        5,
        7,
        4,
        9,
        0,
        2,
        0,
        4,
        4,
        0,
        0,
        0,
        2,
        0,
        4
    ],
    "octaves": [
        5,
        6,
        6,
        5,
        6,
        6,
        6,
        6,
        6,
        6,
        5,
        5,
        6,
        5,
        6,
        6,
        6,
        6,
        6,
        6,
        6,
        6,
        5,
        6,
        6,
        6,
        6,
        6,
        6,
        6,
        6,
        6,
        6,
        6,
        6,
        6,
        6,
        5,
        6,
        6,
        6,
        6,
        6,
        6,
        6,
        6,
        6,
        6,
        6,
        6,
        6,
        6,
        6,
        6,
        6,
        6,
        6,
        6,
        6,
        6,
        6,
        6,
        6,
        6,
        6,
        6,
        6,
        6,
        6,
        6,
        6,
        6,
        5,
        6,
        6,
        6,
        6,
        6,
        6,
        5,
        6,
        5,
        5,
        5,
        6,
        6,
        5,
        6,
        6,
        6,
        6,
        6,
        6,
        5,
        5,
        6,
        6,
        5,
        6,
        6,
        6,
        6,
        6,
        6,
        6,
        6,
        5,
        5,
        6,
        6,
        6,
        6,
        6,
        6,
        6,
        6,
        6,
        6,
        6,
        6,
        6,
        6,
        5,
        6,
        6,
        6,
        6,
        6,
        6,
        6,
        6,
        6,
        6,
        6,
        6,
        6,
        6,
        6,
        6,
        6,
        6,
        6,
        6,
        6,
        6,
        6,
        6,
        6,
        6,
        6,
        6,
        6,
        6,
        6,
        6,
        6,
        6,
        5,
        6,
        6,
        6,
        6,
        6,
        6,
        6,
        5,
        6,
        5,
        6,
        6,
        6,
        6,
        6,
        6,
        6,
        5,
        5,
        6,
        6,
        6,
        6,
        6,
        6,
        6,
        6,
        6,
        6,
        6,
        6,
        5,
        5,
        6,
        6,
        6,
        6,
        6,
        6,
        6,
        6,
        6,
        6,
        6,
        6,
        6,
        6,
        5,
        6,
        6,
        6,
        6,
        6,
        6,
        6,
        6,
        6,
        6,
        6,
        6,
        6,
        6,
        6,
        6,
        6,
        6,
        6,
        6,
        6,
        6,
        6,
        6,
        6,
        6,
        6,
        6,
        6,
        6,
        6,
        6,
        6,
        6,
        5,
        6,
        6,
        6,
        6,
        6,
        6,
        6,
        6,
        6,
        6,
        6,
        5,
        6,
        6,
        6,
        6,
        6,
        6,
        6,
        6,
        6,
        6,
        6
    ]
}