{
    "min_pitch": 55,
    "max_pitch": 69,
    "avg_pitch": 61.640625,
    "avg_duration": 2.4820486461588547,
    "avg_position": 105.29362904687503,
    "note_density": 0.26462900568098935,
    "pitch_classes": [
        0,
        4,
        7,
        0,
        2,
        6,
        10,
        2,
        9,
        0,
        10,
        2,
        0,
        5,
        9,
        0,
        4,
        7,
        0,
        2,
        6,
        10,
        2,
        9,
        0,
        10,
        2,
        0,
        5,
        9,
        9,
        0,
        7,
        5,
        0,
        2,
        4,
        5,
        4,
        5,
        7,
        9,
        5,
        7,
        9,
        0,
        4,
        7,
        0,
        2,
        6,
        10,
        2,
        9,
        0,
        10,
        2,
        0,
        5,
        9,
        9,
        0,
        7,
        5
    ],
    "octaves": [
        5,
        5,
        5,
        5,
        5,
        5,
        4,
        5,
        4,
        5,
        4,
        5,
        5,
        5,
        4,
        5,
        5,
        5,
        5,
        5,
        5,
        4,
        5,
        4,
        5,
        4,
        5,
        5,
        5,
        4,
        4,
        5,
        4,
        5,
        5,
        5,
        5,
        5,
        5,
        5,
        5,
        5,
        5,
        5,
        5,
        5,
        5,
        5,
        5,
        5,
        5,
        4,
        5,
        4,
        5,
        4,
        5,
        5,
        5,
        4,
        4,
        5,
        4,
        5
    ]
}