{
    "min_pitch": 55,
    "max_pitch": 69,
    "avg_pitch": 61.96103896103896,
    "avg_duration": 0.39362938311688306,
    "avg_position": 165.01409227827384,
    "note_density": 0.6367635449198806,
    "pitch_classes": [
        9,
        4,
        7,
        5,
        4,
        5,
        4,
        2,
        0,
        2,
        4,
        4,
        2,
        0,
        2,
        4,
        0,
        9,
        0,
        2,
        4,
        5,
        4,
        5,
        7,
        9,
        4,
        0,
        4,
        0,
        9,
        5,
        4,
        2,
        0,
        2,
        4,
        4,
        9,
        7,
        4,
        3,
        2,
        0,
        9,
        7,
        9,
        9,
        11,
        0,
        9,
        11,
        4,
        2,
        2,
        4,
        6,
        6,
        7,
        4,
        2,
        4,
        0,
        0,
        2,
        4,
        9,
        11,
        2,
        11,
        0,
        11,
        2,
        11,
        0,
        11,
        2,
        11,
        6,
        4,
        2,
        0,
        11,
        9,
        7,
        9,
        7,
        5,
        4,
        5,
        4,
        2,
        0,
        2,
        4,
        4,
        2,
        0,
        2,
        4,
        0,
        9,
        0,
        2,
        4,
        5,
        4,
        5,
        7,
        9,
        4,
        0,
        4,
        0,
        9,
        5,
        4,
        2,
        0,
        2,
        4,
        4,
        9,
        7,
        4,
        3,
        2,
        0,
        9,
        7,
        9,
        0,
        4,
        9,
        0,
        9,
        9,
        0,
        4,
        9,
        11,
        4,
        4,
        11,
        11,
        4,
        11,
        4,
        11,
        4,
        11,
        4,
        11,
        4
    ],
    "octaves": [
        5,
        5,
        5,
        5,
        5,
        5,
        5,
        5,
        5,
        5,
        5,
        5,
        5,
        5,
        5,
        5,
        5,
        4,
        5,
        5,
        5,
        5,
        5,
        5,
        5,
        5,
        5,
        5,
        5,
        5,
        4,
        5,
        5,
        5,
        5,
        5,
        5,
        5,
        5,
        5,
        5,
        5,
        5,
        5,
        4,
        4,
        4,
        4,
        4,
        5,
        4,
        4,
        5,
        5,
        5,
        5,
        5,
        5,
        5,
        5,
        5,
        5,
        5,
        5,
        5,
        5,
        4,
        4,
        5,
        4,
        5,
        4,
        5,
        4,
        5,
        4,
        5,
        4,
        5,
        5,
        5,
        5,
        4,
        4,
        4,
        4,
        5,
        5,
        5,
        5,
        5,
        5,
        5,
        5,
        5,
        5,
        5,
        5,
        5,
        5,
        5,
        4,
        5,
        5,
        5,
        5,
        5,
        5,
        5,
        5,
        5,
        5,
        5,
        5,
        4,
        5,
        5,
        5,
        5,
        5,
        5,
        5,
        5,
        5,
        5,
        5,
        5,
        5,
        4,
        4,
        4,
        5,
        5,
        4,
        5,
        4,
        4,
        5,
        5,
        4,
        4,
        5,
        5,
        4,
        4,
        5,
        4,
        5,
        4,
        5,
        4,
        5,
        4,
        5
    ]
}