{
    "min_pitch": 55,
    "max_pitch": 69,
    "avg_pitch": 62.81609195402299,
    "avg_duration": 0.40273450071839123,
    "avg_position": 162.95029748850575,
    "note_density": 0.3597300545975949,
    "pitch_classes": [
        7,
        5,
        4,
        5,
        4,
        2,
        0,
        2,
        4,
        4,
        2,
        0,
        2,
        4,
        0,
        9,
        0,
        2,
        4,
        5,
        4,
        5,
        7,
        9,
        4,
        0,
        4,
        0,
        5,
        4,
        2,
        0,
        2,
        4,
        4,
        9,
        7,
        4,
        3,
        2,
        0,
        9,
        7,
        9,
        7,
        5,
        4,
        5,
        4,
        2,
        0,
        2,
        4,
        4,
        2,
        0,
        2,
        4,
        0,
        9,
        0,
        2,
        4,
        5,
        4,
        5,
        7,
        9,
        4,
        0,
        4,
        0,
        5,
        4,
        2,
        0,
        2,
        4,
        4,
        9,
        7,
        4,
        3,
        2,
        0,
        9,
        7
    ],
    "octaves": [
        5,
        5,
        5,
        5,
        5,
        5,
        5,
        5,
        5,
        5,
        5,
        5,
        5,
        5,
        5,
        4,
        5,
        5,
        5,
        5,
        5,
        5,
        5,
        5,
        5,
        5,
        5,
        5,
        5,
        5,
        5,
        5,
        5,
        5,
        5,
        5,
        5,
        5,
        5,
        5,
        5,
        4,
        4,
        4,
        5,
        5,
        5,
        5,
        5,
        5,
        5,
        5,
        5,
        5,
        5,
        5,
        5,
        5,
        5,
        4,
        5,
        5,
        5,
        5,
        5,
        5,
        5,
        5,
        5,
        5,
        5,
        5,
        5,
        5,
        5,
        5,
        5,
        5,
        5,
        5,
        5,
        5,
        5,
        5,
        5,
        4,
        4
    ]
}