{
    "min_pitch": 62,
    "max_pitch": 79,
    "avg_pitch": 70.91304347826087,
    "avg_duration": 0.5508896861413028,
    "avg_position": 150.24576081295294,
    "note_density": 0.1902020978332111,
    "pitch_classes": [
        11,
        9,
        2,
        4,
        5,
        4,
        2,
        7,
        4,
        4,
        2,
        0,
        11,
        0,
        9,
        4,
        0,
        9,
        7,
        4,
        7,
        9,
        9,
        4,
        7,
        4,
        9,
        2,
        0,
        9,
        7,
        9,
        7,
        4,
        2,
        4,
        7,
        9,
        11,
        11,
        11,
        2,
        0,
        9,
        7,
        4
    ],
    "octaves": [
        5,
        5,
        6,
        6,
        6,
        6,
        6,
        6,
        6,
        6,
        6,
        6,
        5,
        6,
        5,
        6,
        6,
        5,
        5,
        5,
        5,
        5,
        5,
        6,
        6,
        6,
        5,
        6,
        6,
        5,
        5,
        5,
        5,
        5,
        5,
        5,
        5,
        5,
        5,
        5,
        5,
        6,
        6,
        5,
        5,
        5
    ]
}