{
    "min_pitch": 56,
    "max_pitch": 86,
    "avg_pitch": 61.80825242718446,
    "avg_duration": 0.12190533980582509,
    "avg_position": 72.90904126213597,
    "note_density": 5.333908728018125,
    "pitch_classes": [
        4,
        1,
        4,
        4,
        2,
        1,
        4,
        4,
        2,
        1,
        9,
        9,
        8,
        6,
        11,
        2,
        8,
        8,
        6,
        4,
        4,
        1,
        2,
        4,
        11,
        1,
        11,
        9,
        9,
        1,
        4,
        9,
        1,
        4,
        9,
        1,
        4,
        9,
        1,
        4,
        9,
        1,
        4,
        1,
        9,
        4,
        9,
        1,
        4,
        9,
        1,
        4,
        9,
        2,
        6,
        9,
        2,
        6,
        2,
        9,
        6,
        9,
        2,
        6,
        9,
        4,
        1,
        9,
        1,
        4,
        9,
        1,
        4,
        9,
        1,
        4,
        11,
        2,
        6,
        11,
        2,
        6,
        11,
        2,
        6,
        11,
        2,
        6,
        11,
        2,
        6,
        11,
        2,
        6,
        11,
        2,
        6,
        11,
        2,
        6,
        11,
        8,
        2,
        8,
        11,
        2,
        11,
        8,
        2,
        11,
        8,
        2,
        8,
        11,
        2,
        11,
        8,
        2,
        8,
        11,
        2,
        8,
        11,
        2,
        11,
        8,
        2,
        11,
        8,
        2,
        8,
        11,
        2,
        8,
        11,
        2,
        9,
        4,
        1,
        9,
        1,
        4,
        9,
        4,
        1,
        9,
        1,
        4,
        9,
        1,
        4,
        9,
        1,
        4,
        9,
        1,
        4,
        9,
        1,
        4,
        1,
        9,
        4,
        1,
        9,
        4,
        9,
        1,
        4,
        9,
        1,
        4,
        9,
        1,
        4,
        1,
        9,
        4,
        9,
        1,
        4,
        9,
        1,
        4,
        1,
        9,
        4,
        9,
        1,
        4,
        9,
        1,
        4,
        9,
        1,
        4,
        9,
        1,
        4,
        9,
        1,
        4,
        9,
        4,
        1,
        1,
        8,
        5,
        8,
        1,
        5,
        8,
        1,
        5,
        8,
        1,
        5,
        1,
        8,
        5,
        8,
        1,
        5,
        8,
        1,
        5,
        8,
        1,
        5,
        1,
        9,
        6,
        9,
        1,
        6,
        9,
        1,
        6,
        9,
        1,
        6,
        9,
        1,
        6,
        9,
        1,
        6,
        9,
        1,
        6,
        9,
        1,
        6,
        8,
        11,
        4,
        8,
        11,
        4,
        8,
        4,
        11,
        8,
        11,
        4,
        8,
        11,
        4,
        8,
        11,
        4,
        8,
        11,
        4,
        8,
        11,
        4,
        9,
        1,
        4,
        9,
        1,
        4,
        9,
        4,
        1,
        9,
        1,
        4,
        9,
        1,
        4,
        9,
        4,
        1,
        9,
        1,
        4,
        9,
        1,
        4,
        11,
        2,
        8,
        8,
        11,
        2,
        8,
        11,
        2,
        11,
        8,
        2,
        8,
        11,
        2,
        11,
        8,
        2,
        8,
        11,
        2,
        11,
        8,
        2,
        8,
        11,
        2,
        8,
        11,
        2,
        8,
        11,
        2,
        11,
        8,
        2,
        8,
        11,
        2,
        8,
        11,
        2,
        8,
        11,
        2,
        8,
        11,
        2,
        11,
        2,
        4,
        11,
        2,
        4,
        11,
        4,
        2,
        11,
        2,
        4,
        11,
        2,
        4,
        11,
        2,
        4,
        11,
        4,
        2,
        11,
        4,
        2,
        9,
        1,
        4,
        9,
        1,
        4,
        9,
        1,
        4,
        1,
        9,
        4,
        1,
        9,
        4,
        1,
        9,
        4,
        1,
        9,
        4,
        1,
        9,
        4,
        9,
        1,
        4,
        9,
        1,
        4,
        9,
        1,
        4,
        9,
        1,
        4,
        9,
        1,
        4,
        4,
        1,
        4,
        4,
        2,
        1,
        4,
        4,
        2,
        1,
        9,
        9,
        8,
        6,
        11,
        2,
        8,
        8,
        6,
        4,
        4,
        1,
        2,
        4,
        11,
        1,
        11,
        9,
        9,
        1,
        4,
        9,
        1,
        4,
        9,
        1,
        4,
        9,
        4,
        1,
        9,
        1,
        4,
        9,
        1,
        4,
        9,
        1,
        4,
        9,
        1,
        4,
        9,
        2,
        6,
        2,
        9,
        6,
        2,
        9,
        6,
        2,
        9,
        6,
        9,
        1,
        4,
        9,
        1,
        4,
        9,
        1,
        4,
        9,
        1,
        4,
        11,
        2,
        6,
        11,
        2,
        6,
        11,
        2,
        6,
        11,
        2,
        6,
        11,
        2,
        6,
        11,
        2,
        6,
        11,
        2,
        6,
        11,
        2,
        6,
        8,
        11,
        2,
        8,
        11,
        2,
        8,
        11,
        2,
        8,
        11,
        2,
        8,
        11,
        2,
        8,
        11,
        2,
        8,
        11,
        2,
        8,
        11,
        2,
        11,
        8,
        2,
        8,
        11,
        2,
        8,
        11,
        2,
        8,
        11,
        2,
        9,
        4,
        1,
        9,
        1,
        4,
        9,
        1,
        4,
        9,
        4,
        1,
        9,
        1,
        4,
        9,
        1,
        4,
        9,
        1,
        4,
        1,
        4,
        9,
        1,
        9,
        4,
        9,
        1,
        4,
        9,
        1,
        4,
        1,
        9,
        4,
        9,
        1,
        4,
        9,
        1,
        4,
        9,
        1,
        4,
        9,
        1,
        4,
        9,
        1,
        4,
        9,
        1,
        4,
        1,
        9,
        4,
        9,
        1,
        4,
        9,
        1,
        4,
        9,
        1,
        4,
        9,
        1,
        4,
        1,
        8,
        5,
        8,
        1,
        5,
        8,
        1,
        5,
        8,
        1,
        5,
        8,
        1,
        5,
        8,
        1,
        5,
        8,
        1,
        5,
        8,
        1,
        5,
        9,
        1,
        6,
        1,
        9,
        6,
        9,
        1,
        6,
        9,
        1,
        6,
        9,
        1,
        6,
        9,
        1,
        6,
        9,
        1,
        6,
        9,
        1,
        6,
        8,
        11,
        4,
        8,
        11,
        4,
        8,
        11,
        4,
        8,
        11,
        4,
        8,
        11,
        4,
        8,
        11,
        4,
        8,
        11,
        4,
        8,
        4,
        11,
        9,
        4,
        1,
        9,
        1,
        4,
        9,
        4,
        1,
        9,
