{
    "min_pitch": 59,
    "max_pitch": 93,
    "avg_pitch": 77.225,
    "avg_duration": 0.06427083333333325,
    "avg_position": 47.814375,
    "note_density": 1.0357104326248787,
    "pitch_classes": [
        1,
        9,
        4,
        1,
        9,
        4,
        1,
        9,
        4,
        1,
        9,
        4,
        9,
        1,
        4,
        1,
        4,
        1,
        9,
        4,
        9,
        4,
        1,
        9,
        8,
        5,
        1,
        8,
        5,
        1,
        8,
        1,
        11,
        6,
        2,
        11,
        2,
        11,
        8,
        2,
        6,
        2,
        8,
        6,
        8,
        6,
        11,
        4,
        8,
        11,
        4,
        8,
        11,
        2,
        8,
        11,
        2,
        4,
        11,
        2,
        4,
        8,
        2,
        4,
        1,
        9,
        4,
        9,
        1,
        4,
        9,
        4,
        1,
        9,
        4,
        1,
        9,
        4,
        4,
        4,
        1,
        9,
        4,
        1,
        9,
        4,
        1,
        9,
        4,
        1,
        9,
        4,
        9,
        1,
        4,
        1,
        4,
        1,
        9,
        4,
        9,
        4,
        1,
        9,
        8,
        5,
        1,
        8,
        5,
        1,
        8,
        1,
        11,
        6,
        2,
        11,
        2,
        11,
        8,
        2,
        6,
        2,
        8,
        6,
        8,
        6,
        11,
        4,
        8,
        11,
        4,
        8,
        11,
        2,
        8,
        11,
        2,
        4,
        11,
        2,
        4,
        8,
        2,
        4,
        1,
        9,
        4,
        9,
        1,
        4,
        9,
        4,
        1,
        9,
        4,
        1,
        9,
        4,
        4,
        4
    ],
    "octaves": [
        5,
        5,
        5,
        6,
        5,
        6,
        6,
        6,
        6,
        7,
        6,
        7,
        6,
        7,
        6,
        7,
        6,
        7,
        6,
        7,
        6,
        7,
        7,
        7,
        7,
        7,
        7,
        6,
        6,
        6,
        5,
        5,
        4,
        5,
        5,
        5,
        5,
        5,
        5,
        6,
        5,
        6,
        5,
        6,
        5,
        6,
        5,
        6,
        6,
        6,
        6,
        6,
        6,
        7,
        6,
        6,
        7,
        7,
        6,
        7,
        7,
        7,
        7,
        7,
        7,
        6,
        6,
        6,
        6,
        6,
        5,
        6,
        6,
        5,
        5,
        6,
        5,
        6,
        5,
        7,
        5,
        5,
        5,
        6,
        5,
        6,
        6,
        6,
        6,
        7,
        6,
        7,
        6,
        7,
        6,
        7,
        6,
        7,
        6,
        7,
        6,
        7,
        7,
        7,
        7,
        7,
        7,
        6,
        6,
        6,
        5,
        5,
        4,
        5,
        5,
        5,
        5,
        5,
        5,
        6,
        5,
        6,
        5,
        6,
        5,
        6,
        5,
        6,
        6,
        6,
        6,
        6,
        6,
        7,
        6,
        6,
        7,
        7,
        6,
        7,
        7,
        7,
        7,
        7,
        7,
        6,
        6,
        6,
        6,
        6,
        5,
        6,
        6,
        5,
        5,
        6,
        5,
        6,
        5,
        7
    ]
}