{
    "min_pitch": 49,
    "max_pitch": 81,
    "avg_pitch": 66.19565217391305,
    "avg_duration": 0.5851449275362323,
    "avg_position": 47.28514492753622,
    "note_density": 0.5955334987593053,
    "pitch_classes": [
        1,
        9,
        9,
        4,
        4,
        2,
        1,
        9,
        9,
        4,
        4,
        2,
        1,
        9,
        9,
        4,
        1,
        11,
        9,
        6,
        1,
        6,
        6,
        2,
        11,
        6,
        11,
        2,
        1,
        9,
        4,
        9,
        1,
        11,
        8,
        4,
        4,
        11,
        9,
        4,
        1,
        9,
        4,
        1,
        9,
        9,
        1,
        9,
        9,
        4,
        4,
        2,
        1,
        9,
        9,
        4,
        4,
        2,
        1,
        9,
        9,
        4,
        1,
        11,
        9,
        6,
        1,
        6,
        6,
        2,
        11,
        6,
        11,
        2,
        1,
        9,
        4,
        9,
        1,
        11,
        8,
        4,
        4,
        11,
        9,
        4,
        1,
        9,
        4,
        1,
        9,
        9
    ],
    "octaves": [
        6,
        5,
        4,
        5,
        4,
        6,
        6,
        5,
        4,
        5,
        4,
        6,
        6,
        5,
        4,
        5,
        4,
        5,
        5,
        5,
        5,
        4,
        5,
        6,
        5,
        5,
        4,
        6,
        6,
        5,
        5,
        4,
        6,
        5,
        5,
        5,
        4,
        5,
        5,
        5,
        6,
        5,
        6,
        6,
        4,
        6,
        6,
        5,
        4,
        5,
        4,
        6,
        6,
        5,
        4,
        5,
        4,
        6,
        6,
        5,
        4,
        5,
        4,
        5,
        5,
        5,
        5,
        4,
        5,
        6,
        5,
        5,
        4,
        6,
        6,
        5,
        5,
        4,
        6,
        5,
        5,
        5,
        4,
        5,
        5,
        5,
        6,
        5,
        6,
        6,
        4,
        6
    ]
}