{
    "min_pitch": 52,
    "max_pitch": 88,
    "avg_pitch": 71.9090909090909,
    "avg_duration": 0.06428571428571458,
    "avg_position": 48.40021645021647,
    "note_density": 0.9968712914014458,
    "pitch_classes": [
        9,
        1,
        4,
        9,
        1,
        4,
        9,
        1,
        4,
        4,
        1,
        9,
        4,
        1,
        4,
        1,
        9,
        4,
        9,
        4,
        1,
        9,
        1,
        9,
        4,
        8,
        2,
        8,
        2,
        11,
        6,
        11,
        8,
        2,
        8,
        11,
        6,
        8,
        2,
        6,
        11,
        2,
        1,
        4,
        9,
        11,
        8,
        4,
        11,
        4,
        11,
        8,
        2,
        8,
        2,
        11,
        4,
        11,
        8,
        2,
        9,
        1,
        4,
        9,
        9,
        4,
        1,
        4,
        9,
        4,
        1,
        4,
        1,
        9,
        4,
        1,
        4,
        9,
        1,
        4,
        9,
        1,
        4,
        9,
        1,
        4,
        4,
        1,
        9,
        4,
        1,
        4,
        1,
        9,
        4,
        9,
        4,
        1,
        9,
        1,
        9,
        4,
        8,
        2,
        8,
        2,
        11,
        6,
        11,
        8,
        2,
        8,
        11,
        6,
        8,
        2,
        6,
        11,
        2,
        1,
        4,
        9,
        11,
        8,
        4,
        11,
        4,
        11,
        8,
        2,
        8,
        2,
        11,
        4,
        11,
        8,
        2,
        9,
        1,
        4,
        9,
        9,
        4,
        1,
        4,
        9,
        4,
        1,
        4,
        1,
        9,
        4,
        1,
        4
    ],
    "octaves": [
        6,
        6,
        6,
        5,
        6,
        5,
        5,
        5,
        5,
        4,
        5,
        5,
        5,
        6,
        5,
        6,
        5,
        6,
        5,
        6,
        6,
        6,
        6,
        6,
        6,
        6,
        6,
        6,
        6,
        6,
        6,
        6,
        6,
        7,
        6,
        6,
        6,
        6,
        6,
        6,
        5,
        6,
        6,
        5,
        4,
        4,
        5,
        5,
        5,
        5,
        5,
        5,
        6,
        5,
        6,
        5,
        6,
        5,
        6,
        6,
        5,
        5,
        5,
        5,
        4,
        5,
        5,
        5,
        5,
        5,
        6,
        6,
        6,
        6,
        6,
        7,
        7,
        6,
        6,
        6,
        5,
        6,
        5,
        5,
        5,
        5,
        4,
        5,
        5,
        5,
        6,
        5,
        6,
        5,
        6,
        5,
        6,
        6,
        6,
        6,
        6,
        6,
        6,
        6,
        6,
        6,
        6,
        6,
        6,
        6,
        7,
        6,
        6,
        6,
        6,
        6,
        6,
        5,
        6,
        6,
        5,
        4,
        4,
        5,
        5,
        5,
        5,
        5,
        5,
        6,
        5,
        6,
        5,
        6,
        5,
        6,
        6,
        5,
        5,
        5,
        5,
        4,
        5,
        5,
        5,
        5,
        5,
        6,
        6,
        6,
        6,
        6,
        7,
        7
    ]
}