{
    "min_pitch": 61,
    "max_pitch": 83,
    "avg_pitch": 70.68,
    "avg_duration": 0.7485000000000004,
    "avg_position": 78.06283333333332,
    "note_density": 0.6439841150584952,
    "pitch_classes": [
        9,
        11,
        9,
        11,
        9,
        1,
        1,
        5,
        6,
        6,
        11,
        2,
        2,
        2,
        1,
        9,
        11,
        1,
        2,
        4,
        2,
        1,
        9,
        4,
        9,
        4,
        9,
        1,
        6,
        11,
        6,
        9,
        4,
        4,
        4,
        9,
        9,
        4,
        9,
        4,
        9,
        1,
        6,
        11,
        6,
        9,
        4,
        4,
        4,
        9,
        9,
        11,
        9,
        11,
        9,
        1,
        1,
        5,
        6,
        6,
        11,
        2,
        2,
        2,
        1,
        9,
        11,
        1,
        2,
        4,
        2,
        1,
        9,
        4,
        9,
        4,
        9,
        1,
        6,
        11,
        6,
        9,
        4,
        4,
        4,
        9,
        9,
        4,
        9,
        4,
        9,
        1,
        6,
        11,
        6,
        9,
        4,
        4,
        4,
        9
    ],
    "octaves": [
        6,
        6,
        6,
        6,
        6,
        6,
        6,
        6,
        6,
        6,
        6,
        6,
        6,
        6,
        6,
        5,
        5,
        6,
        6,
        6,
        6,
        6,
        5,
        5,
        5,
        5,
        5,
        5,
        5,
        5,
        5,
        5,
        5,
        5,
        5,
        5,
        5,
        5,
        5,
        5,
        5,
        5,
        5,
        5,
        5,
        5,
        5,
        5,
        5,
        5,
        6,
        6,
        6,
        6,
        6,
        6,
        6,
        6,
        6,
        6,
        6,
        6,
        6,
        6,
        6,
        5,
        5,
        6,
        6,
        6,
        6,
        6,
        5,
        5,
        5,
        5,
        5,
        5,
        5,
        5,
        5,
        5,
        5,
        5,
        5,
        5,
        5,
        5,
        5,
        5,
        5,
        5,
        5,
        5,
        5,
        5,
        5,
        5,
        5,
        5
    ]
}