{
    "min_pitch": 68,
    "max_pitch": 86,
    "avg_pitch": 77.93103448275862,
    "avg_duration": 0.4808189655172414,
    "avg_position": 85.28520114942529,
    "note_density": 1.490842883153047,
    "pitch_classes": [
        4,
        4,
        1,
        6,
        4,
        4,
        9,
        8,
        9,
        2,
        2,
        6,
        9,
        4,
        4,
        2,
        4,
        2,
        11,
        8,
        4,
        2,
        4,
        2,
        11,
        8,
        11,
        4,
        4,
        2,
        1,
        4,
        4,
        1,
        1,
        4,
        9,
        1,
        9,
        8,
        8,
        8,
        8,
        9,
        6,
        6,
        11,
        8,
        8,
        6,
        4,
        4,
        2,
        4,
        11,
        8,
        4,
        2,
        11,
        9,
        4,
        1,
        4,
        4,
        2,
        1,
        4,
        4,
        2,
        1,
        9,
        9,
        8,
        6,
        11,
        2,
        8,
        8,
        6,
        4,
        4,
        1,
        2,
        4,
        11,
        1,
        11,
        9,
        4,
        1,
        4,
        4,
        2,
        1,
        4,
        4,
        2,
        1,
        9,
        9,
        8,
        6,
        11,
        2,
        8,
        8,
        6,
        4,
        4,
        1,
        2,
        4,
        11,
        1,
        11,
        9,
        4,
        4,
        1,
        6,
        4,
        4,
        9,
        8,
        9,
        2,
        2,
        6,
        9,
        4,
        4,
        2,
        4,
        2,
        11,
        8,
        4,
        2,
        4,
        2,
        11,
        8,
        11,
        4,
        4,
        2,
        1,
        4,
        4,
        1,
        1,
        4,
        9,
        1,
        9,
        8,
        8,
        8,
        8,
        9,
        6,
        6,
        11,
        8,
        8,
        6,
        4,
        4,
        2,
        4,
        11,
        8,
        4,
        2,
        11,
        9,
        4,
        1,
        4,
        4,
        2,
        1,
        4,
        4,
        2,
        1,
        9,
        9,
        8,
        6,
        11,
        2,
        8,
        8,
        6,
        4,
        4,
        1,
        2,
        4,
        11,
        1,
        11,
        9,
        4,
        1,
        4,
        4,
        2,
        1,
        4,
        4,
        2,
        1,
        9,
        9,
        8,
        6,
        11,
        2,
        8,
        8,
        6,
        4,
        4,
        1,
        2,
        4,
        11,
        1,
        11,
        9
    ],
    "octaves": [
        6,
        6,
        6,
        6,
        6,
        6,
        6,
        6,
        6,
        6,
        6,
        6,
        6,
        6,
        6,
        6,
        6,
        6,
        5,
        5,
        6,
        6,
        6,
        6,
        5,
        5,
        5,
        6,
        6,
        6,
        6,
        6,
        6,
        6,
        6,
        6,
        6,
        7,
        6,
        6,
        6,
        6,
        6,
        6,
        6,
        6,
        6,
        6,
        6,
        6,
        6,
        6,
        6,
        6,
        5,
        5,
        6,
        6,
        5,
        5,
        6,
        7,
        6,
        6,
        7,
        7,
        6,
        6,
        7,
        7,
        6,
        6,
        6,
        6,
        6,
        7,
        6,
        6,
        6,
        6,
        6,
        6,
        6,
        6,
        6,
        7,
        6,
        6,
        6,
        7,
        6,
        6,
        7,
        7,
        6,
        6,
        7,
        7,
        6,
        6,
        6,
        6,
        6,
        7,
        6,
        6,
        6,
        6,
        6,
        6,
        6,
        6,
        6,
        7,
        6,
        6,
        6,
        6,
        6,
        6,
        6,
        6,
        6,
        6,
        6,
        6,
        6,
        6,
        6,
        6,
        6,
        6,
        6,
        6,
        5,
        5,
        6,
        6,
        6,
        6,
        5,
        5,
        5,
        6,
        6,
        6,
        6,
        6,
        6,
        6,
        6,
        6,
        6,
        7,
        6,
        6,
        6,
        6,
        6,
        6,
        6,
        6,
        6,
        6,
        6,
        6,
        6,
        6,
        6,
        6,
        5,
        5,
        6,
        6,
        5,
        5,
        6,
        7,
        6,
        6,
        7,
        7,
        6,
        6,
        7,
        7,
        6,
        6,
        6,
        6,
        6,
        7,
        6,
        6,
        6,
        6,
        6,
        6,
        6,
        6,
        6,
        7,
        6,
        6,
        6,
        7,
        6,
        6,
        7,
        7,
        6,
        6,
        7,
        7,
        6,
        6,
        6,
        6,
        6,
        7,
        6,
        6,
        6,
        6,
        6,
        6,
        6,
        6,
        6,
        7,
        6,
        6
    ]
}