{
    "min_pitch": 47,
    "max_pitch": 64,
    "avg_pitch": 52.9236641221374,
    "avg_duration": 0.11374045801526732,
    "avg_position": 80.89580152671755,
    "note_density": 1.6926887046408958,
    "pitch_classes": [
        9,
        4,
        1,
        4,
        9,
        9,
        4,
        1,
        4,
        9,
        9,
        6,
        2,
        6,
        9,
        9,
        4,
        1,
        4,
        9,
        11,
        6,
        11,
        2,
        8,
        11,
        6,
        11,
        2,
        8,
        11,
        6,
        11,
        2,
        8,
        11,
        6,
        11,
        2,
        8,
        4,
        4,
        11,
        2,
        8,
        9,
        4,
        1,
        4,
        9,
        1,
        4,
        9,
        1,
        4,
        9,
        4,
        9,
        9,
        9,
        4,
        9,
        9,
        8,
        1,
        8,
        8,
        6,
        1,
        6,
        6,
        11,
        4,
        11,
        11,
        9,
        4,
        9,
        9,
        11,
        6,
        11,
        11,
        11,
        6,
        11,
        11,
        11,
        4,
        11,
        11,
        9,
        4,
        9,
        4,
        9,
        4,
        9,
        9,
        9,
        9,
        4,
        9,
        9,
        9,
        4,
        9,
        9,
        8,
        1,
        6,
        6,
        6,
        6,
        11,
        11,
        11,
        6,
        9,
        9,
        9,
        4,
        4,
        4,
        4,
        4,
        9,
        9,
        9,
        9,
        9,
        9,
        4,
        1,
        4,
        9,
        9,
        4,
        1,
        4,
        9,
        9,
        6,
        2,
        6,
        9,
        9,
        4,
        1,
        4,
        9,
        11,
        6,
        11,
        2,
        8,
        11,
        6,
        11,
        2,
        8,
        11,
        6,
        11,
        2,
        8,
        11,
        6,
        11,
        2,
        8,
        4,
        4,
        11,
        2,
        8,
        9,
        4,
        1,
        4,
        9,
        1,
        4,
        9,
        1,
        4,
        9,
        4,
        9,
        9,
        9,
        4,
        9,
        9,
        8,
        1,
        8,
        8,
        6,
        1,
        6,
        6,
        11,
        4,
        11,
        11,
        9,
        4,
        9,
        9,
        11,
        6,
        11,
        11,
        11,
        6,
        11,
        11,
        11,
        4,
        11,
        11,
        9,
        4,
        9,
        4,
        9,
        4,
        9,
        9,
        9,
        9,
        4,
        9,
        9,
        9,
        4,
        9,
        9,
        8,
        1,
        6,
        6,
        6,
        6,
        11,
        11,
        11,
        6,
        9,
        9,
        9,
        4,
        4,
        4,
        4,
        4,
        9,
        9,
        9,
        9,
        9
    ],
    "octaves": [
        4,
        4,
        4,
        4,
        4,
        4,
        4,
        4,
        4,
        4,
        4,
        4,
        4,
        4,
        4,
        4,
        4,
        4,
        4,
        4,
        3,
        4,
        3,
        4,
        4,
        3,
        4,
        3,
        4,
        4,
        3,
        4,
        3,
        4,
        4,
        3,
        4,
        3,
        4,
        4,
        4,
        4,
        3,
        4,
        4,
        4,
        4,
        4,
        4,
        4,
        4,
        4,
        4,
        4,
        4,
        4,
        4,
        4,
        4,
        4,
        4,
        4,
        4,
        4,
        4,
        4,
        4,
        4,
        4,
        4,
        4,
        3,
        4,
        3,
        3,
        4,
        4,
        4,
        4,
        3,
        4,
        3,
        3,
        3,
        4,
        3,
        3,
        3,
        4,
        3,
        3,
        4,
        4,
        4,
        4,
        4,
        4,
        4,
        4,
        4,
        4,
        4,
        4,
        4,
        4,
        4,
        4,
        4,
        4,
        4,
        4,
        4,
        4,
        4,
        3,
        3,
        3,
        4,
        4,
        4,
        4,
        4,
        4,
        4,
        4,
        4,
        4,
        4,
        4,
        4,
        4,
        4,
        4,
        4,
        4,
        4,
        4,
        4,
        4,
        4,
        4,
        4,
        4,
        4,
        4,
        4,
        4,
        4,
        4,
        4,
        4,
        3,
        4,
        3,
        4,
        4,
        3,
        4,
        3,
        4,
        4,
        3,
        4,
        3,
        4,
        4,
        3,
        4,
        3,
        4,
        4,
        4,
        4,
        3,
        4,
        4,
        4,
        4,
        4,
        4,
        4,
        4,
        4,
        4,
        5,
        5,
        4,
        4,
        4,
        4,
        4,
        4,
        4,
        4,
        4,
        4,
        4,
        4,
        4,
        4,
        4,
        4,
        3,
        4,
        3,
        3,
        4,
        4,
        4,
        4,
        3,
        4,
        3,
        3,
        3,
        4,
        3,
        3,
        3,
        4,
        3,
        3,
        4,
        4,
        4,
        4,
        4,
        4,
        4,
        4,
        4,
        4,
        4,
        4,
        4,
        4,
        4,
        4,
        4,
        4,
        4,
        4,
        4,
        4,
        4,
        3,
        3,
        3,
        4,
        4,
        4,
        4,
        4,
        4,
        4,
        4,
        4,
        4,
        4,
        4,
        4,
        4
    ]
}