{
    "min_pitch": 36,
    "max_pitch": 82,
    "avg_pitch": 53.164556962025316,
    "avg_duration": 0.11751054852320664,
    "avg_position": 86.71118143459915,
    "note_density": 1.0219922380336353,
    "pitch_classes": [
        10,
        10,
        10,
        10,
        10,
        10,
        10,
        10,
        10,
        10,
        10,
        10,
        10,
        10,
        10,
        10,
        10,
        10,
        10,
        10,
        10,
        10,
        10,
        10,
        0,
        0,
        0,
        0,
        0,
        0,
        0,
        0,
        0,
        0,
        0,
        0,
        0,
        0,
        0,
        0,
        0,
        0,
        0,
        0,
        0,
        2,
        2,
        11,
        9,
        7,
        2,
        11,
        11,
        9,
        7,
        0,
        9,
        2,
        2,
        2,
        0,
        2,
        0,
        2,
        2,
        11,
        0,
        2,
        0,
        2,
        0,
        2,
        0,
        2,
        2,
        2,
        11,
        9,
        9,
        10,
        10,
        10,
        10,
        10,
        10,
        10,
        10,
        10,
        10,
        10,
        10,
        10,
        10,
        10,
        10,
        10,
        10,
        10,
        10,
        10,
        10,
        10,
        10,
        0,
        0,
        0,
        0,
        0,
        0,
        0,
        0,
        0,
        0,
        0,
        0,
        0,
        0,
        0,
        0,
        0,
        0,
        0,
        0,
        0,
        2,
        2,
        11,
        9,
        7,
        2,
        11,
        11,
        9,
        7,
        0,
        9,
        2,
        2,
        2,
        0,
        2,
        0,
        2,
        2,
        11,
        0,
        2,
        0,
        2,
        0,
        2,
        0,
        2,
        2,
        2,
        11,
        9,
        9
    ],
    "octaves": [
        6,
        6,
        6,
        6,
        6,
        6,
        6,
        6,
        6,
        6,
        6,
        6,
        6,
        6,
        6,
        6,
        6,
        6,
        6,
        6,
        6,
        6,
        6,
        6,
        3,
        3,
        3,
        3,
        3,
        3,
        3,
        3,
        3,
        3,
        3,
        3,
        3,
        3,
        3,
        3,
        3,
        3,
        3,
        3,
        3,
        4,
        4,
        3,
        4,
        3,
        4,
        3,
        3,
        3,
        3,
        3,
        4,
        3,
        3,
        3,
        3,
        3,
        3,
        3,
        4,
        3,
        3,
        3,
        3,
        3,
        3,
        3,
        3,
        3,
        4,
        4,
        3,
        3,
        4,
        6,
        6,
        6,
        6,
        6,
        6,
        6,
        6,
        6,
        6,
        6,
        6,
        6,
        6,
        6,
        6,
        6,
        6,
        6,
        6,
        6,
        6,
        6,
        6,
        3,
        3,
        3,
        3,
        3,
        3,
        3,
        3,
        3,
        3,
        3,
        3,
        3,
        3,
        3,
        3,
        3,
        3,
        3,
        3,
        3,
        4,
        4,
        3,
        4,
        3,
        4,
        3,
        3,
        3,
        3,
        3,
        4,
        3,
        3,
        3,
        3,
        3,
        3,
        3,
        4,
        3,
        3,
        3,
        3,
        3,
        3,
        3,
        3,
        3,
        4,
        4,
        3,
        3,
        4
    ]
}