{
    "min_pitch": 81,
    "max_pitch": 90,
    "avg_pitch": 87.18181818181819,
    "avg_duration": 2.6325757575757573,
    "avg_position": 83.72045454545456,
    "note_density": 0.14241018448592083,
    "pitch_classes": [
        9,
        1,
        5,
        6,
        4,
        2,
        1,
        4,
        5,
        6,
        4,
        9,
        1,
        5,
        6,
        4,
        2,
        1,
        4,
        5,
        6,
        4
    ],
    "octaves": [
        6,
        7,
        7,
        7,
        7,
        7,
        7,
        7,
        7,
        7,
        7,
        6,
        7,
        7,
        7,
        7,
        7,
        7,
        7,
        7,
        7,
        7
    ]
}