{
    "min_pitch": 59,
    "max_pitch": 74,
    "avg_pitch": 67.04597701149426,
    "avg_duration": 0.20517241379310347,
    "avg_position": 102.57179118773952,
    "note_density": 2.2526701909591114,
    "pitch_classes": [
        4,
        9,
        1,
        4,
        9,
        1,
        4,
        9,
        1,
        4,
        2,
        11,
        4,
        9,
        1,
        4,
        9,
        1,
        4,
        9,
        1,
        4,
        11,
        2,
        4,
        1,
        9,
        1,
        4,
        9,
        4,
        1,
        9,
        1,
        5,
        8,
        6,
        9,
        1,
        1,
        6,
        9,
        2,
        6,
        11,
        2,
        6,
        11,
        2,
        6,
        11,
        2,
        6,
        11,
        1,
        4,
        9,
        1,
        4,
        9,
        1,
        4,
        9,
        1,
        4,
        9,
        11,
        4,
        8,
        2,
        4,
        8,
        4,
        8,
        2,
        4,
        4,
        8,
        8,
        2,
        2,
        4,
        4,
        9,
        9,
        1,
        1,
        9,
        4,
        1,
        4,
        9,
        1,
        4,
        9,
        1,
        4,
        2,
        11,
        4,
        9,
        1,
        9,
        4,
        1,
        4,
        9,
        1,
        4,
        11,
        2,
        4,
        1,
        9,
        1,
        4,
        9,
        1,
        4,
        9,
        1,
        5,
        8,
        6,
        9,
        1,
        1,
        6,
        9,
        2,
        6,
        11,
        2,
        6,
        11,
        2,
        6,
        11,
        2,
        6,
        11,
        1,
        4,
        9,
        1,
        4,
        9,
        1,
        4,
        9,
        1,
        4,
        9,
        11,
        4,
        8,
        4,
        2,
        8,
        4,
        8,
        2,
        4,
        4,
        8,
        8,
        2,
        2,
        4,
        9,
        4,
        9,
        1,
        1,
        4,
        9,
        1,
        4,
        9,
        1,
        4,
        9,
        1,
        4,
        11,
        2,
        9,
        4,
        1,
        4,
        9,
        1,
        4,
        9,
        1,
        4,
        11,
        2,
        4,
        1,
        9,
        1,
        9,
        4,
        1,
        4,
        9,
        1,
        5,
        8,
        6,
        9,
        1,
        1,
        6,
        9,
        2,
        6,
        11,
        2,
        6,
        11,
        2,
        6,
        11,
        2,
        6,
        11,
        1,
        4,
        9,
        1,
        4,
        9,
        1,
        4,
        9,
        1,
        4,
        9,
        11,
        4,
        8,
        4,
        2,
        8,
        4,
        8,
        2,
        4,
        4,
        8,
        8,
        2,
        2,
        4,
        9,
        1,
        4,
        9,
        1,
        4,
        9,
        1,
        4,
        9,
        1,
        4,
        9,
        1,
        4,
        2,
        11,
        4,
        9,
        1,
        4,
        9,
        1,
        4,
        9,
        1,
        4,
        11,
        2,
        4,
        9,
        1,
        1,
        4,
        9,
        1,
        4,
        9,
        1,
        5,
        8,
        6,
        9,
        1,
        1,
        6,
        9,
        2,
        6,
        11,
        2,
        6,
        11,
        2,
        6,
        11,
        2,
        6,
        11,
        1,
        4,
        9,
        1,
        4,
        9,
        1,
        4,
        9,
        1,
        4,
        9,
        11,
        4,
        8,
        4,
        2,
        8,
        4,
        8,
        2,
        4,
        8,
        2,
        4,
        8,
        2,
        4,
        4,
        9,
        9,
        1,
        1
    ],
    "octaves": [
        5,
        5,
        6,
        5,
        5,
        6,
        5,
        5,
        6,
        5,
        6,
        5,
        5,
        5,
        6,
        5,
        5,
        6,
        5,
        5,
        6,
        5,
        5,
        6,
        5,
        6,
        5,
        5,
        5,
        5,
        5,
        5,
        5,
        5,
        5,
        5,
        5,
        5,
        5,
        5,
        5,
        5,
        5,
        5,
        5,
        5,
        5,
        5,
        5,
        5,
        5,
        5,
        5,
        5,
        5,
        5,
        5,
        5,
        5,
        5,
        5,
        5,
        5,
        5,
        5,
        5,
        4,
        5,
        5,
        6,
        5,
        5,
        5,
        5,
        6,
        5,
        5,
        5,
        5,
        6,
        6,
        5,
        5,
        5,
        5,
        6,
        6,
        5,
        5,
        6,
        5,
        5,
        6,
        5,
        5,
        6,
        5,
        6,
        5,
        5,
        5,
        6,
        5,
        5,
        6,
        5,
        5,
        6,
        5,
        5,
        6,
        5,
        6,
        5,
        5,
        5,
        5,
        5,
        5,
        5,
        5,
        5,
        5,
        5,
        5,
        5,
        5,
        5,
        5,
        5,
        5,
        5,
        5,
        5,
        5,
        5,
        5,
        5,
        5,
        5,
        5,
        5,
        5,
        5,
        5,
        5,
        5,
        5,
        5,
        5,
        5,
        5,
        5,
        4,
        5,
        5,
        5,
        6,
        5,
        5,
        5,
        6,
        5,
        5,
        5,
        5,
        6,
        6,
        5,
        5,
        5,
        5,
        6,
        6,
        5,
        5,
        6,
        5,
        5,
        6,
        5,
        5,
        6,
        5,
        5,
        6,
        5,
        5,
        6,
        5,
        5,
        6,
        5,
        5,
        6,
        5,
        5,
        6,
        5,
        6,
        5,
        5,
        5,
        5,
        5,
        5,
        5,
        5,
        5,
        5,
        5,
        5,
        5,
        5,
        5,
        5,
        5,
        5,
        5,
        5,
        5,
        5,
        5,
        5,
        5,
        5,
        5,
        5,
        5,
        5,
        5,
        5,
        5,
        5,
        5,
        5,
        5,
        5,
        5,
        5,
        4,
        5,
        5,
        5,
        6,
        5,
        5,
        5,
        6,
        5,
        5,
        5,
        5,
        6,
        6,
        5,
        5,
        6,
        5,
        5,
        6,
        5,
        5,
        6,
        5,
        5,
        6,
        5,
        5,
        6,
        5,
        6,
        5,
        5,
        5,
        6,
        5,
        5,
        6,
        5,
        5,
        6,
        5,
        5,
        6,
        5,
        5,
        6,
        5,
        5,
        5,
        5,
        5,
        5,
        5,
        5,
        5,
        5,
        5,
        5,
        5,
        5,
        5,
        5,
        5,
        5,
        5,
        5,
        5,
        5,
        5,
        5,
        5,
        5,
        5,
        5,
        5,
        5,
        5,
        5,
        5,
        5,
        5,
        5,
        5,
        5,
        5,
        4,
        5,
        5,
        5,
        6,
        5,
        5,
        5,
        6,
        5,
        5,
        6,
        5,
        5,
        6,
        5,
        5,
        5,
        5,
        6,
        6
    ]
}