{
    "min_pitch": 56,
    "max_pitch": 66,
    "avg_pitch": 60.81025641025641,
    "avg_duration": 0.07303418803418701,
    "avg_position": 109.9818803418804,
    "note_density": 2.521551724137931,
    "pitch_classes": [
        1,
        9,
        4,
        9,
        1,
        4,
        9,
        1,
        4,
        9,
        1,
        4,
        9,
        1,
        4,
        9,
        1,
        4,
        11,
        4,
        2,
        11,
        2,
        4,
        9,
        1,
        4,
        9,
        1,
        4,
        9,
        1,
        4,
        9,
        4,
        1,
        9,
        1,
        4,
        9,
        1,
        4,
        11,
        4,
        2,
        11,
        4,
        2,
        9,
        1,
        4,
        9,
        1,
        4,
        9,
        1,
        4,
        9,
        1,
        4,
        8,
        1,
        5,
        8,
        1,
        5,
        8,
        1,
        5,
        8,
        1,
        5,
        9,
        1,
        6,
        9,
        1,
        6,
        9,
        1,
        6,
        9,
        1,
        6,
        9,
        1,
        6,
        9,
        1,
        6,
        9,
        6,
        1,
        9,
        1,
        6,
        11,
        2,
        6,
        11,
        2,
        6,
        11,
        2,
        6,
        11,
        2,
        6,
        11,
        2,
        6,
        11,
        2,
        6,
        11,
        2,
        6,
        11,
        2,
        6,
        1,
        9,
        4,
        9,
        1,
        4,
        9,
        1,
        4,
        9,
        1,
        4,
        9,
        1,
        4,
        9,
        1,
        4,
        9,
        1,
        4,
        9,
        1,
        4,
        11,
        8,
        2,
        8,
        11,
        2,
        8,
        11,
        2,
        8,
        11,
        2,
        8,
        11,
        2,
        8,
        11,
        2,
        8,
        11,
        2,
        8,
        11,
        2,
        9,
        1,
        4,
        9,
        1,
        4,
        9,
        1,
        4,
        9,
        1,
        4,
        9,
        1,
        4,
        9,
        1,
        4,
        9,
        1,
        4,
        1,
        9,
        4,
        1,
        9,
        4,
        1,
        9,
        4,
        9,
        1,
        4,
        9,
        1,
        4,
        9,
        1,
        4,
        9,
        1,
        4,
        9,
        4,
        1,
        11,
        2,
        4,
        11,
        4,
        2,
        9,
        1,
        4,
        9,
        1,
        4,
        9,
        1,
        4,
        9,
        1,
        4,
        9,
        1,
        4,
        9,
        4,
        1,
        11,
        4,
        2,
        11,
        4,
        2,
        9,
        1,
        4,
        9,
        1,
        4,
        9,
        1,
        4,
        9,
        1,
        4,
        8,
        1,
        5,
        8,
        1,
        5,
        8,
        1,
        5,
        8,
        1,
        5,
        9,
        1,
        6,
        9,
        1,
        6,
        9,
        1,
        6,
        9,
        1,
        6,
        9,
        1,
        6,
        9,
        1,
        6,
        9,
        6,
        1,
        9,
        1,
        6,
        11,
        2,
        6,
        11,
        6,
        2,
        11,
        2,
        6,
        11,
        2,
        6,
        11,
        2,
        6,
        11,
        2,
        6,
        11,
        2,
        6,
        11,
        2,
        6,
        9,
        1,
        4,
        9,
        1,
        4,
        9,
        1,
        4,
        9,
        1,
        4,
        9,
        1,
        4,
        9,
        1,
        4,
        9,
        1,
        4,
        9,
        1,
        4,
        11,
        8,
        2,
        8,
        11,
        2,
        8,
        11,
        2,
        8,
        11,
        2,
        8,
        11,
        2,
        8,
        11,
        2,
        8,
        11,
        2,
        8,
        11,
        2,
        1,
        9,
        4,
        1,
        9,
        4,
        9,
        1,
        4,
        9,
        1,
        4,
        9,
        1,
        4,
        9,
        1,
        4,
        9,
        1,
        4,
        1,
        9,
        4,
        9,
        1,
        4
    ],