{
    "average": 0.29019530771554775,
    "25th_percentile": 0.11497276087871197,
    "75th_percentile": 0.40615223761053154
}