{
    "average": 0.1870581563583975,
    "25th_percentile": 0.02287191264792385,
    "75th_percentile": 0.22281803151066182
}