{
    "min_pitch": 60,
    "max_pitch": 84,
    "avg_pitch": 75.99038461538461,
    "avg_duration": 0.6413486153846151,
    "avg_position": 140.3306768942308,
    "note_density": 0.7239824737417779,
    "pitch_classes": [
        3,
        7,
        10,
        10,
        7,
        3,
        3,
        2,
        2,
        3,
        7,
        10,
        10,
        10,
        7,
        3,
        3,
        2,
        2,
        3,
        7,
        10,
        10,
        7,
        3,
        2,
        2,
        2,
        7,
        10,
        10,
        7,
        3,
        7,
        10,
        10,
        7,
        3,
        3,
        2,
        2,
        3,
        7,
        10,
        10,
        7,
        3,
        2,
        2,
        3,
        7,
        10,
        10,
        7,
        3,
        3,
        2,
        2,
        2,
        7,
        10,
        10,
        7,
        8,
        7,
        0,
        2,
        3,
        5,
        8,
        7,
        0,
        2,
        3,
        5,
        5,
        8,
        7,
        5,
        3,
        7,
        3,
        7,
        10,
        10,
        7,
        3,
        2,
        2,
        3,
        7,
        10,
        10,
        7,
        3,
        2,
        2,
        3,
        7,
        10,
        10,
        7,
        3,
        3,
        2,
        2,
        2,
        7,
        10,
        10,
        7,
        8,
        7,
        0,
        2,
        3,
        5,
        8,
        7,
        0,
        2,
        3,
        5,
        5,
        8,
        7,
        5,
        3,
        7,
        3,
        3,
        7,
        3,
        3,
        8,
        7,
        3,
        3,
        3,
        3,
        3,
        2,
        2,
        2,
        2,
        2,
        3,
        7,
        3,
        3,
        0,
        10,
        3,
        10,
        8,
        7,
        7,
        3,
        2,
        3,
        7,
        3,
        3,
        8,
        7,
        3,
        3,
        3,
        3,
        3,
        2,
        2,
        2,
        2,
        2,
        2,
        3,
        7,
        3,
        3,
        0,
        10,
        3,
        10,
        8,
        7,
        7,
        3,
        2,
        8,
        7,
        0,
        2,
        3,
        5,
        8,
        7,
        0,
        2,
        3,
        5,
        5,
        8,
        7,
        5,
        3,
        5,
        3
    ],
    "octaves": [
        6,
        6,
        6,
        6,
        6,
        6,
        6,
        6,
        6,
        6,
        6,
        6,
        6,
        6,
        6,
        6,
        6,
        6,
        6,
        6,
        6,
        6,
        6,
        6,
        6,
        6,
        6,
        6,
        6,
        6,
        6,
        6,
        6,
        6,
        6,
        6,
        6,
        6,
        6,
        6,
        6,
        6,
        6,
        6,
        6,
        6,
        6,
        6,
        6,
        6,
        6,
        6,
        6,
        6,
        6,
        6,
        6,
        6,
        6,
        6,
        6,
        6,
        6,
        6,
        6,
        6,
        6,
        6,
        6,
        6,
        6,
        6,
        6,
        6,
        6,
        6,
        6,
        6,
        6,
        6,
        6,
        6,
        6,
        6,
        6,
        6,
        6,
        6,
        6,
        6,
        6,
        6,
        6,
        6,
        6,
        6,
        6,
        6,
        6,
        6,
        6,
        6,
        6,
        6,
        6,
        6,
        6,
        6,
        6,
        6,
        6,
        6,
        6,
        6,
        6,
        6,
        6,
        6,
        6,
        6,
        6,
        6,
        6,
        6,
        6,
        6,
        6,
        6,
        6,
        6,
        6,
        6,
        6,
        6,
        6,
        6,
        6,
        6,
        6,
        6,
        6,
        6,
        6,
        6,
        6,
        6,
        6,
        6,
        6,
        6,
        7,
        6,
        6,
        6,
        6,
        6,
        6,
        6,
        6,
        6,
        6,
        6,
        6,
        6,
        6,
        6,
        6,
        6,
        6,
        6,
        6,
        6,
        6,
        6,
        6,
        6,
        6,
        6,
        6,
        6,
        7,
        6,
        6,
        6,
        6,
        6,
        6,
        6,
        6,
        5,
        5,
        5,
        5,
        5,
        5,
        5,
        5,
        5,
        5,
        5,
        5,
        5,
        5,
        5,
        5,
        5,
        5,
        5
    ]
}