{
    "min_pitch": 65,
    "max_pitch": 77,
    "avg_pitch": 73.6,
    "avg_duration": 1.9670439000000022,
    "avg_position": 102.94406110000001,
    "note_density": 0.053429416331339054,
    "pitch_classes": [
        2,
        2,
        2,
        2,
        2,
        2,
        5,
        5,
        2,
        2,
        2,
        5,
        5,
        5,
        5
    ],
    "octaves": [
        6,
        6,
        6,
        6,
        6,
        6,
        6,
        6,
        6,
        6,
        6,
        6,
        6,
        5,
        5
    ]
}