{
    "min_pitch": 46,
    "max_pitch": 70,
    "avg_pitch": 58.11610486891386,
    "avg_duration": 2.1809193707865284,
    "avg_position": 114.4393593033708,
    "note_density": 1.9020872213956703,
    "pitch_classes": [
        3,
        7,
        10,
        3,
        7,
        3,
        7,
        10,
        2,
        7,
        0,
        7,
        0,
        3,
        7,
        10,
        2,
        5,
        10,
        3,
        7,
        3,
        7,
        10,
        3,
        7,
        3,
        7,
        10,
        2,
        7,
        0,
        7,
        0,
        3,
        7,
        10,
        2,
        5,
        10,
        3,
        7,
        3,
        7,
        10,
        3,
        7,
        3,
        7,
        10,
        2,
        7,
        0,
        7,
        0,
        3,
        7,
        10,
        2,
        5,
        10,
        3,
        7,
        3,
        7,
        10,
        3,
        7,
        3,
        7,
        10,
        2,
        7,
        0,
        7,
        0,
        3,
        7,
        10,
        2,
        5,
        10,
        3,
        7,
        3,
        7,
        10,
        3,
        7,
        3,
        7,
        10,
        2,
        7,
        0,
        7,
        0,
        3,
        7,
        10,
        2,
        5,
        10,
        3,
        7,
        3,
        7,
        10,
        3,
        7,
        3,
        7,
        10,
        2,
        7,
        0,
        7,
        0,
        3,
        7,
        10,
        2,
        5,
        10,
        3,
        7,
        3,
        7,
        10,
        3,
        7,
        3,
        7,
        10,
        2,
        7,
        0,
        7,
        0,
        3,
        7,
        10,
        2,
        5,
        10,
        3,
        7,
        3,
        7,
        10,
        3,
        7,
        3,
        7,
        10,
        2,
        7,
        0,
        7,
        0,
        3,
        7,
        10,
        2,
        5,
        10,
        3,
        7,
        3,
        7,
        10,
        3,
        7,
        3,
        7,
        10,
        2,
        7,
        0,
        7,
        0,
        3,
        7,
        10,
        2,
        5,
        10,
        3,
        7,
        3,
        7,
        10,
        3,
        7,
        3,
        7,
        10,
        2,
        7,
        0,
        7,
        0,
        3,
        7,
        10,
        2,
        5,
        10,
        3,
        7,
        3,
        7,
        10,
        3,
        7,
        3,
        7,
        10,
        2,
        7,
        0,
        7,
        0,
        3,
        7,
        10,
        2,
        5,
        10,
        3,
        7,
        3,
        7,
        10,
        3,
        7,
        3,
        7,
        10,
        2,
        7,
        0,
        7,
        0,
        3,
        7,
        10,
        2,
        5,
        10,
        3,
        7,
        3,
        7,
        10,
        3,
        7,
        3,
        7,
        10,
        2,
        7,
        0,
        7,
        0,
        3,
        7,
        10,
        2,
        5,
        10,
        3,
        7,
        3,
        7,
        10,
        3,
        7,
        3,
        7,
        10,
        2,
        7,
        0,
        7,
        0,
        3,
        7,
        10,
        2,
        5,
        10,
        3,
        7,
        3,
        7,
        10,
        3,
        7,
        3,
        7,
        10,
        2,
        7,
        0,
        7,
        0,
        3,
        7,
        10,
        2,
        5,
        10,
        3,
        7,
        3,
        7,
        10,
        3,
        7,
        3,
        7,
        10,
        2,
        7,
        0,
        7,
        0,
        3,
        7,
        10,
        2,
        5,
        10,
        3,
        7,
        3,
        7,
        10,
        3,
        7,
        3,
        7,
        10,
        3,
        7,
        3,
        8,
        0,
        3,
        7,
        3,
        8,
        0,
        3,
        7,
        3,
        7,
        10,
        3,
        7,
        3,
        7,
        10,
        3,
        7,
        10,
        2,
        5,
        10,
        2,
        10,
        3,
        7,
        10,
        3,
        7,
        3,
        7,
        10,
        3,
        7,
        3,
        8,
        0,
        3,
        7,
        3,
        8,
        0,
        3,
        7,
        3,
        7,
        10,
        3,
        7,
        3,
        7,
        10,
        3,
        7,
        10,
        2,
        5,
        10,
        2,
        10,
        3,
        7,
        10,
        3,
        7,
        3,
        8,
        0,
        3,
        7,
        3,
        7,
        10,
        3,
        7,
        10,
        2,
        5,
        10,
        2,
        10,
        3,
        7,
        10,
        3,
        7,
        3,
        8,
        0,
        3,
        7,
        3,
        7,
        10,
        3,
        7,
        10,
        2,
        5,
        10,
        2,
        10,
        3,
        7,
        10,
        3,
        7,
        3,
        8,
        0,
        3,
        7,
        3,
        7,
        10,
        3,
        7,
        10,
        2,
        5,
        10,
        2,
        10,
        3,
        7,
        10,
        3,
        7,
        3,
        8,
        0,
        3,
        7,
        3,
        7,
        10,
        3,
        7,
        10,
        2,
        5,
        10,
        2,
        10,
        3,
        7,
        10,
        3,
        7,
        3,
        8,
        0,
        3,
        7,
        3,
        7,
        10,
        3,
        7,
        10,
        2,
        5,
        10,
        2,
        10,
        3,
        7,
        10,
        3,
        7,
        3,
        8,
        0,
        3,
        7,
        3,
        7,
        10,
        3,
        7,
        10,
        2,
        5,
        10,
        2,
        10
    ],