{
    "min_pitch": 46,
    "max_pitch": 70,
    "avg_pitch": 57.9375,
    "avg_duration": 2.299263750000004,
    "avg_position": 89.25522900000006,
    "note_density": 0.5699137742009499,
    "pitch_classes": [
        3,
        7,
        10,
        3,
        7,
        0,
        7,
        0,
        3,
        7,
        10,
        2,
        5,
        10,
        3,
        10,
        3,
        7,
        10,
        3,
        7,
        0,
        7,
        0,
        3,
        7,
        10,
        2,
        5,
        10,
        3,
        10,
        3,
        7,
        10,
        3,
        7,
        0,
        7,
        0,
        3,
        7,
        10,
        2,
        5,
        10,
        3,
        10,
        3,
        7,
        10,
        3,
        7,
        0,
        7,
        0,
        3,
        7,
        10,
        2,
        5,
        10,
        3,
        10,
        3,
        7,
        10,
        3,
        7,
        0,
        7,
        0,
        3,
        7,
        10,
        2,
        5,
        10,
        3,
        10,
        3,
        7,
        10,
        3,
        7,
        0,
        7,
        0,
        3,
        7,
        10,
        2,
        5,
        10,
        3,
        10,
        3,
        7,
        10,
        3,
        7,
        0,
        7,
        0,
        3,
        7,
        10,
        2,
        5,
        10,
        3,
        10,
        3,
        7,
        10,
        3,
        7,
        0,
        7,
        0,
        3,
        7,
        10,
        2,
        5,
        10,
        3,
        10,
        3,
        7,
        10,
        3,
        7,
        0,
        7,
        0,
        3,
        7,
        10,
        2,
        5,
        10,
        3,
        10,
        3,
        7,
        10,
        3,
        7,
        0,
        7,
        0,
        3,
        7,
        10,
        2,
        5,
        10,
        3,
        10
    ],
    "octaves": [
        4,
        4,
        4,
        5,
        5,
        4,
        4,
        5,
        5,
        5,
        3,
        4,
        4,
        4,
        5,
        5,
        4,
        4,
        4,
        5,
        5,
        4,
        4,
        5,
        5,
        5,
        3,
        4,
        4,
        4,
        5,
        5,
        4,
        4,
        4,
        5,
        5,
        4,
        4,
        5,
        5,
        5,
        3,
        4,
        4,
        4,
        5,
        5,
        4,
        4,
        4,
        5,
        5,
        4,
        4,
        5,
        5,
        5,
        3,
        4,
        4,
        4,
        5,
        5,
        4,
        4,
        4,
        5,
        5,
        4,
        4,
        5,
        5,
        5,
        3,
        4,
        4,
        4,
        5,
        5,
        4,
        4,
        4,
        5,
        5,
        4,
        4,
        5,
        5,
        5,
        3,
        4,
        4,
        4,
        5,
        5,
        4,
        4,
        4,
        5,
        5,
        4,
        4,
        5,
        5,
        5,
        3,
        4,
        4,
        4,
        5,
        5,
        4,
        4,
        4,
        5,
        5,
        4,
        4,
        5,
        5,
        5,
        3,
        4,
        4,
        4,
        5,
        5,
        4,
        4,
        4,
        5,
        5,
        4,
        4,
        5,
        5,
        5,
        3,
        4,
        4,
        4,
        5,
        5,
        4,
        4,
        4,
        5,
        5,
        4,
        4,
        5,
        5,
        5,
        3,
        4,
        4,
        4,
        5,
        5
    ]
}