{
    "min_pitch": 56,
    "max_pitch": 82,
    "avg_pitch": 69.0,
    "avg_duration": 3.5036399999999994,
    "avg_position": 110.36465999999996,
    "note_density": 0.25646119839042747,
    "pitch_classes": [
        8,
        3,
        8,
        0,
        3,
        8,
        10,
        2,
        5,
        10,
        5,
        10,
        8,
        3,
        8,
        0,
        3,
        8,
        10,
        2,
        5,
        10,
        5,
        10,
        8,
        3,
        8,
        0,
        3,
        8,
        10,
        2,
        5,
        10,
        5,
        10,
        8,
        3,
        8,
        0,
        3,
        8,
        10,
        2,
        5,
        10,
        5,
        10,
        8,
        3,
        8,
        0,
        3,
        8,
        10,
        2,
        5,
        10,
        5,
        10,
        8,
        3,
        8,
        0,
        3,
        8,
        10,
        2,
        5,
        10,
        5,
        10
    ],
    "octaves": [
        4,
        5,
        5,
        6,
        6,
        6,
        4,
        5,
        5,
        5,
        6,
        6,
        4,
        5,
        5,
        6,
        6,
        6,
        4,
        5,
        5,
        5,
        6,
        6,
        4,
        5,
        5,
        6,
        6,
        6,
        4,
        5,
        5,
        5,
        6,
        6,
        4,
        5,
        5,
        6,
        6,
        6,
        4,
        5,
        5,
        5,
        6,
        6,
        4,
        5,
        5,
        6,
        6,
        6,
        4,
        5,
        5,
        5,
        6,
        6,
        4,
        5,
        5,
        6,
        6,
        6,
        4,
        5,
        5,
        5,
        6,
        6
    ]
}