{
    "min_pitch": 62,
    "max_pitch": 72,
    "avg_pitch": 64.62068965517241,
    "avg_duration": 0.635467344827586,
    "avg_position": 235.9433294482758,
    "note_density": 0.20659374314784434,
    "pitch_classes": [
        3,
        7,
        3,
        3,
        8,
        7,
        3,
        3,
        3,
        3,
        3,
        2,
        2,
        2,
        2,
        2,
        3,
        7,
        3,
        3,
        0,
        10,
        3,
        10,
        8,
        7,
        7,
        3,
        2,
        3,
        7,
        3,
        3,
        8,
        7,
        3,
        3,
        3,
        3,
        3,
        2,
        2,
        2,
        2,
        2,
        3,
        7,
        3,
        3,
        0,
        10,
        3,
        10,
        8,
        7,
        7,
        3,
        2
    ],
    "octaves": [
        5,
        5,
        5,
        5,
        5,
        5,
        5,
        5,
        5,
        5,
        5,
        5,
        5,
        5,
        5,
        5,
        5,
        5,
        5,
        5,
        6,
        5,
        5,
        5,
        5,
        5,
        5,
        5,
        5,
        5,
        5,
        5,
        5,
        5,
        5,
        5,
        5,
        5,
        5,
        5,
        5,
        5,
        5,
        5,
        5,
        5,
        5,
        5,
        5,
        6,
        5,
        5,
        5,
        5,
        5,
        5,
        5,
        5
    ]
}