{
    "min_pitch": 44,
    "max_pitch": 75,
    "avg_pitch": 58.432,
    "avg_duration": 2.840354064000013,
    "avg_position": 168.17778503999992,
    "note_density": 0.8904902721889842,
    "pitch_classes": [
        8,
        3,
        8,
        0,
        3,
        8,
        3,
        7,
        10,
        3,
        7,
        10,
        2,
        5,
        10,
        5,
        10,
        8,
        3,
        8,
        0,
        3,
        8,
        3,
        7,
        10,
        3,
        7,
        10,
        2,
        5,
        10,
        5,
        10,
        8,
        3,
        8,
        0,
        3,
        8,
        3,
        7,
        10,
        3,
        7,
        10,
        2,
        5,
        10,
        5,
        10,
        7,
        3,
        7,
        2,
        7,
        3,
        7,
        2,
        7,
        3,
        7,
        2,
        7,
        3,
        7,
        2,
        8,
        3,
        8,
        0,
        3,
        8,
        3,
        7,
        10,
        3,
        7,
        10,
        2,
        5,
        10,
        5,
        10,
        8,
        3,
        8,
        0,
        3,
        8,
        3,
        7,
        10,
        3,
        7,
        10,
        2,
        5,
        10,
        5,
        10,
        8,
        3,
        8,
        0,
        3,
        8,
        3,
        7,
        10,
        3,
        7,
        10,
        2,
        5,
        10,
        5,
        10,
        3,
        7,
        10,
        3,
        7,
        8,
        3,
        8,
        0,
        3,
        7,
        3,
        7,
        10,
        3,
        7,
        10,
        2,
        5,
        10,
        2,
        10,
        3,
        7,
        10,
        3,
        7,
        8,
        3,
        8,
        0,
        3,
        7,
        3,
        7,
        10,
        3,
        7,
        10,
        2,
        5,
        10,
        2,
        10,
        3,
        7,
        10,
        3,
        7,
        8,
        3,
        8,
        0,
        3,
        7,
        3,
        7,
        10,
        3,
        7,
        10,
        2,
        5,
        10,
        2,
        10,
        3,
        7,
        10,
        3,
        7,
        8,
        3,
        8,
        0,
        3,
        7,
        3,
        7,
        10,
        3,
        7,
        10,
        2,
        5,
        10,
        2,
        10,
        3,
        7,
        10,
        3,
        7,
        8,
        3,
        8,
        0,
        3,
        7,
        3,
        7,
        10,
        3,
        7,
        10,
        2,
        5,
        10,
        2,
        10,
        3,
        7,
        10,
        3,
        7,
        8,
        3,
        8,
        0,
        3,
        7,
        3,
        7,
        10,
        3,
        7,
        10,
        2,
        5,
        10,
        2,
        10
    ],
    "octaves": [
        3,
        4,
        4,
        5,
        5,
        5,
        4,
        4,
        4,
        5,
        5,
        3,
        4,
        4,
        4,
        5,
        5,
        3,
        4,
        4,
        5,
        5,
        5,
        4,
        4,
        4,
        5,
        5,
        3,
        4,
        4,
        4,
        5,
        5,
        3,
        4,
        4,
        5,
        5,
        5,
        4,
        4,
        4,
        5,
        5,
        3,
        4,
        4,
        4,
        5,
        5,
        5,
        6,
        5,
        6,
        5,
        6,
        5,
        6,
        5,
        6,
        5,
        6,
        5,
        6,
        5,
        6,
        3,
        4,
        4,
        5,
        5,
        5,
        4,
        4,
        4,
        5,
        5,
        3,
        4,
        4,
        4,
        5,
        5,
        3,
        4,
        4,
        5,
        5,
        5,
        4,
        4,
        4,
        5,
        5,
        3,
        4,
        4,
        4,
        5,
        5,
        3,
        4,
        4,
        5,
        5,
        5,
        4,
        4,
        4,
        5,
        5,
        3,
        4,
        4,
        4,
        5,
        5,
        4,
        4,
        4,
        5,
        5,
        3,
        4,
        4,
        5,
        5,
        5,
        4,
        4,
        4,
        5,
        5,
        3,
        4,
        4,
        4,
        5,
        5,
        4,
        4,
        4,
        5,
        5,
        3,
        4,
        4,
        5,
        5,
        5,
        4,
        4,
        4,
        5,
        5,
        3,
        4,
        4,
        4,
        5,
        5,
        4,
        4,
        4,
        5,
        5,
        3,
        4,
        4,
        5,
        5,
        5,
        4,
        4,
        4,
        5,
        5,
        3,
        4,
        4,
        4,
        5,
        5,
        4,
        4,
        4,
        5,
        5,
        3,
        4,
        4,
        5,
        5,
        5,
        4,
        4,
        4,
        5,
        5,
        3,
        4,
        4,
        4,
        5,
        5,
        4,
        4,
        4,
        5,
        5,
        3,
        4,
        4,
        5,
        5,
        5,
        4,
        4,
        4,
        5,
        5,
        3,
        4,
        4,
        4,
        5,
        5,
        4,
        4,
        4,
        5,
        5,
        3,
        4,
        4,
        5,
        5,
        5,
        4,
        4,
        4,
        5,
        5,
        3,
        4,
        4,
        4,
        5,
        5
    ]
}