{
    "min_pitch": 44,
    "max_pitch": 70,
    "avg_pitch": 57.36486486486486,
    "avg_duration": 2.2125849189189224,
    "avg_position": 274.3781809729729,
    "note_density": 0.253646848264385,
    "pitch_classes": [
        8,
        3,
        8,
        0,
        3,
        8,
        3,
        7,
        10,
        3,
        7,
        10,
        2,
        5,
        10,
        5,
        10,
        10,
        2,
        5,
        10,
        2,
        10,
        8,
        3,
        8,
        0,
        3,
        8,
        3,
        7,
        10,
        3,
        7,
        10,
        2,
        5,
        10,
        5,
        10,
        10,
        2,
        5,
        10,
        2,
        10,
        8,
        3,
        8,
        0,
        3,
        8,
        3,
        7,
        10,
        3,
        7,
        10,
        2,
        5,
        10,
        5,
        10,
        2,
        5,
        10,
        2,
        10,
        10,
        3,
        7,
        10,
        3,
        7
    ],
    "octaves": [
        3,
        4,
        4,
        5,
        5,
        5,
        4,
        4,
        4,
        5,
        5,
        3,
        4,
        4,
        4,
        5,
        5,
        3,
        4,
        4,
        4,
        5,
        5,
        3,
        4,
        4,
        5,
        5,
        5,
        4,
        4,
        4,
        5,
        5,
        3,
        4,
        4,
        4,
        5,
        5,
        3,
        4,
        4,
        4,
        5,
        5,
        3,
        4,
        4,
        5,
        5,
        5,
        4,
        4,
        4,
        5,
        5,
        3,
        4,
        4,
        4,
        5,
        5,
        4,
        4,
        4,
        5,
        5,
        3,
        4,
        4,
        4,
        5,
        5
    ]
}