{
    "min_pitch": 51,
    "max_pitch": 67,
    "avg_pitch": 58.8,
    "avg_duration": 7.0072800000000015,
    "avg_position": 94.59828000000002,
    "note_density": 0.03561961088755937,
    "pitch_classes": [
        3,
        7,
        10,
        3,
        7,
        3,
        7,
        10,
        3,
        7
    ],
    "octaves": [
        4,
        4,
        4,
        5,
        5,
        4,
        4,
        4,
        5,
        5
    ]
}