{
    "min_pitch": 44,
    "max_pitch": 70,
    "avg_pitch": 57.665283540802214,
    "avg_duration": 0.3685969813278005,
    "avg_position": 129.46809960580896,
    "note_density": 2.5752978671705424,
    "pitch_classes": [
        3,
        7,
        10,
        3,
        7,
        3,
        7,
        10,
        3,
        7,
        3,
        7,
        10,
        3,
        7,
        3,
        7,
        10,
        3,
        7,
        3,
        7,
        10,
        3,
        7,
        3,
        7,
        10,
        2,
        7,
        3,
        7,
        10,
        2,
        7,
        3,
        7,
        10,
        2,
        7,
        3,
        7,
        10,
        2,
        7,
        3,
        7,
        10,
        2,
        7,
        0,
        7,
        0,
        3,
        7,
        0,
        7,
        0,
        3,
        7,
        0,
        7,
        0,
        3,
        7,
        0,
        7,
        0,
        3,
        7,
        0,
        7,
        0,
        3,
        7,
        10,
        2,
        5,
        10,
        3,
        7,
        10,
        2,
        5,
        10,
        3,
        7,
        10,
        2,
        5,
        10,
        3,
        7,
        10,
        2,
        5,
        10,
        3,
        7,
        10,
        2,
        5,
        10,
        3,
        7,
        3,
        7,
        10,
        3,
        7,
        3,
        7,
        10,
        3,
        7,
        3,
        7,
        10,
        3,
        7,
        3,
        7,
        10,
        3,
        7,
        3,
        7,
        10,
        3,
        7,
        3,
        7,
        10,
        2,
        7,
        3,
        7,
        10,
        2,
        7,
        3,
        7,
        10,
        2,
        7,
        3,
        7,
        10,
        2,
        7,
        3,
        7,
        10,
        2,
        7,
        0,
        7,
        0,
        3,
        7,
        0,
        7,
        0,
        3,
        7,
        0,
        7,
        0,
        3,
        7,
        0,
        7,
        0,
        3,
        7,
        0,
        7,
        0,
        3,
        7,
        10,
        2,
        5,
        10,
        3,
        7,
        10,
        2,
        5,
        10,
        3,
        7,
        10,
        2,
        5,
        10,
        3,
        7,
        10,
        2,
        5,
        10,
        3,
        7,
        10,
        2,
        5,
        10,
        3,
        7,
        3,
        7,
        10,
        3,
        7,
        3,
        7,
        10,
        3,
        7,
        3,
        7,
        10,
        3,
        7,
        3,
        7,
        10,
        3,
        7,
        3,
        7,
        10,
        3,
        7,
        3,
        7,
        10,
        2,
        7,
        3,
        7,
        10,
        2,
        7,
        3,
        7,
        10,
        2,
        7,
        3,
        7,
        10,
        2,
        7,
        3,
        7,
        10,
        2,
        7,
        0,
        7,
        0,
        3,
        7,
        0,
        7,
        0,
        3,
        7,
        0,
        7,
        0,
        3,
        7,
        0,
        7,
        0,
        3,
        7,
        0,
        7,
        0,
        3,
        7,
        10,
        2,
        5,
        10,
        3,
        7,
        10,
        2,
        5,
        10,
        3,
        7,
        10,
        2,
        5,
        10,
        3,
        7,
        10,
        2,
        5,
        10,
        3,
        7,
        10,
        2,
        5,
        10,
        3,
        7,
        3,
        7,
        10,
        3,
        7,
        3,
        7,
        10,
        3,
        7,
        3,
        7,
        10,
        3,
        7,
        3,
        7,
        10,
        3,
        7,
        3,
        7,
        10,
        3,
        7,
        3,
        7,
        10,
        2,
        7,
        3,
        7,
        10,
        2,
        7,
        3,
        7,
        10,
        2,
        7,
        3,
        7,
        10,
        2,
        7,
        3,
        7,
        10,
        2,
        7,
        0,
        7,
        0,
        3,
        7,
        0,
        7,
        0,
        3,
        7,
        0,
        7,
        0,
        3,
        7,
        0,
        7,
        0,
        3,
        7,
        0,
        7,
        0,
        3,
        7,
        10,
        2,
        5,
        10,
        3,
        7,
        10,
        2,
        5,
        10,
        3,
        7,
        10,
        2,
        5,
        10,
        3,
        7,
        10,
        2,
        5,
        10,
        3,
        7,
        10,
        2,
        5,
        10,
        3,
        7,
        8,
        3,
        8,
        0,
        3,
        8,
        8,
        3,
        8,
        0,
        3,
        8,
        8,
        3,
        8,
        0,
        3,
        8,
        3,
        7,
        10,
        3,
        7,
        3,
        7,
        10,
        3,
        7,
        3,
        7,
        10,
        3,
        7,
        10,
        2,
        5,
        10,
        5,
        10,
        10,
        2,
        5,
        10,
        5,
        10,
        10,
        2,
        5,
        10,
        5,
        10,
        10,
        2,
        5,
        10,
        5,
        10,
        10,
        2,
        5,
        10,
        5,
        10,
        10,
        2,
        5,
        10,
        5,
        10,
        10,
        2,
        5,
        10,
        5,
        10,
        10,
        2,
        5,
        10,
        5,
        10,
        10,
        2,
        5,
        10,
        5,
        10,
        10,
        2,
        5,
        10,
        5,
        10,
        8,
        3,
        8,
        0,
        3,
        8,
        8,
        3,
        8,
        0,
        3,
        8,
        8,
        3,
        8,
        0,
        3,
        8,
        8,
        3,
        8,
        0,
        3,
        8,
        8,
        3,
        8,
        0,
        3,
        8,
        8,
        3,
        8,
        0,
        3,
        8,
        8,
        3,
        8,
        0,
        3,
        8,
        3,
        7,
        10,
        3,
        7,
        3,
        7,
        10,
        3,
        7,
        3,
        7,
        10,
        3,
        7,
        10,
        2,
        5,
        10,
        5,
        10,
        10,
        2,
        5,
        10,
        5,
        10,
        10,
        2,
        5,
        10,
        5,
        10,
        10,
        2,
        5,
        10,
        5,
        10,
        10,
        2,
        5,
        10,
        5,
        10,
        10,
        2,
        5,
        10,
        5,
        10,
        10,
        2,
        5,
        10,
        5,
        10,
        10,
        2,
        5,
        10,
        5,
        10,
        10,
        2,
        5,
        10,
        5,
        10,
        10,
        2,
        5,
        10,
        5,
        10,
        8,
        3,
        8,
        0,
        3,
        8,
        8,
        3,
        8,
        0,
        3,
        8,
        8,
        3,
        8,
        0,
        3,
        8,
        8,
        3,
        8,
        0,
        3,
        8,
        8,
        3,
        8,
        0,
        3,
        8,
        8,
        3,
        8,
        0,
        3,
        8,
        8,
        3,
        8,
        0,
        3,
        8,
        3,
        7,
        10,
        3,
        7,
        3,
        7,
        10,
        3,
        7,
        3,
        7,
        10,
        3,
        7,
        10,
        2,
        5,
        10,
        5,
        10,
