{
    "min_pitch": 48,
    "max_pitch": 60,
    "avg_pitch": 54.01754385964912,
    "avg_duration": 1.3522821052631577,
    "avg_position": 70.42623736842104,
    "note_density": 0.4060635641181768,
    "pitch_classes": [
        3,
        3,
        7,
        10,
        0,
        10,
        3,
        3,
        7,
        2,
        0,
        10,
        3,
        3,
        7,
        10,
        0,
        10,
        3,
        3,
        7,
        2,
        0,
        10,
        3,
        3,
        7,
        10,
        0,
        10,
        3,
        3,
        7,
        2,
        0,
        10,
        3,
        3,
        7,
        10,
        0,
        10,
        3,
        3,
        7,
        2,
        0,
        10,
        3,
        3,
        7,
        10,
        0,
        10,
        3,
        3,
        7,
        2,
        0,
        10,
        8,
        3,
        10,
        8,
        3,
        10,
        8,
        3,
        10,
        3,
        3,
        7,
        10,
        0,
        10,
        3,
        3,
        7,
        2,
        0,
        10,
        3,
        3,
        7,
        10,
        0,
        10,
        3,
        3,
        7,
        2,
        0,
        10,
        3,
        3,
        7,
        10,
        0,
        10,
        3,
        3,
        7,
        2,
        0,
        10,
        8,
        3,
        10,
        8,
        3,
        10,
        8,
        3,
        10
    ],
    "octaves": [
        4,
        4,
        4,
        4,
        5,
        4,
        4,
        4,
        4,
        4,
        4,
        4,
        4,
        4,
        4,
        4,
        5,
        4,
        4,
        4,
        4,
        4,
        4,
        4,
        4,
        4,
        4,
        4,
        5,
        4,
        4,
        4,
        4,
        4,
        4,
        4,
        4,
        4,
        4,
        4,
        5,
        4,
        4,
        4,
        4,
        4,
        4,
        4,
        4,
        4,
        4,
        4,
        5,
        4,
        4,
        4,
        4,
        4,
        4,
        4,
        4,
        4,
        4,
        4,
        4,
        4,
        4,
        4,
        4,
        4,
        4,
        4,
        4,
        5,
        4,
        4,
        4,
        4,
        4,
        4,
        4,
        4,
        4,
        4,
        4,
        5,
        4,
        4,
        4,
        4,
        4,
        4,
        4,
        4,
        4,
        4,
        4,
        5,
        4,
        4,
        4,
        4,
        4,
        4,
        4,
        4,
        4,
        4,
        4,
        4,
        4,
        4,
        4,
        4
    ]
}