{
    "min_pitch": 36,
    "max_pitch": 57,
    "avg_pitch": 48.26537585421412,
    "avg_duration": 0.21501768280182232,
    "avg_position": 214.4336923069478,
    "note_density": 3.1274018359277127,
    "pitch_classes": [
        3,
        3,
        3,
        3,
        3,
        3,
        3,
        3,
        3,
        3,
        3,
        3,
        3,
        3,
        3,
        3,
        3,
        3,
        3,
        3,
        3,
        3,
        3,
        3,
        3,
        3,
        3,
        3,
        3,
        3,
        3,
        3,
        3,
        3,
        3,
        3,
        3,
        3,
        3,
        3,
        3,
        3,
        3,
        3,
        3,
        3,
        3,
        3,
        3,
        3,
        3,
        3,
        3,
        3,
        3,
        3,
        3,
        3,
        3,
        3,
        3,
        3,
        3,
        3,
        3,
        3,
        3,
        3,
        3,
        3,
        3,
        3,
        3,
        3,
        3,
        3,
        3,
        3,
        3,
        3,
        3,
        3,
        3,
        3,
        3,
        3,
        3,
        3,
        3,
        3,
        3,
        3,
        3,
        3,
        3,
        3,
        3,
        3,
        3,
        3,
        3,
        3,
        3,
        3,
        3,
        3,
        3,
        3,
        3,
        3,
        3,
        3,
        3,
        3,
        3,
        3,
        3,
        3,
        3,
        3,
        10,
        3,
        10,
        3,
        10,
        3,
        10,
        3,
        10,
        3,
        10,
        3,
        0,
        10,
        3,
        4,
        10,
        3,
        4,
        1,
        3,
        3,
        3,
        4,
        1,
        3,
        4,
        1,
        3,
        3,
        4,
        1,
        3,
        3,
        3,
        4,
        1,
        3,
        3,
        4,
        1,
        3,
        4,
        1,
        3,
        3,
        3,
        3,
        4,
        1,
        3,
        3,
        3,
        4,
        1,
        3,
        4,
        1,
        3,
        3,
        4,
        1,
        3,
        3,
        3,
        4,
        1,
        3,
        3,
        4,
        1,
        3,
        4,
        1,
        3,
        3,
        3,
        3,
        4,
        1,
        3,
        3,
        3,
        4,
        1,
        3,
        4,
        1,
        3,
        3,
        4,
        1,
        3,
        3,
        3,
        4,
        1,
        3,
        3,
        4,
        1,
        3,
        4,
        1,
        3,
        3,
        3,
        3,
        4,
        1,
        3,
        3,
        3,
        4,
        1,
        3,
        4,
        1,
        3,
        3,
        4,
        1,
        3,
        3,
        3,
        4,
        1,
        3,
        3,
        4,
        1,
        3,
        4,
        1,
        3,
        3,
        3,
        3,
        4,
        1,
        3,
        3,
        3,
        4,
        1,
        3,
        4,
        1,
        3,
        3,
        4,
        1,
        3,
        3,
        3,
        4,
        1,
        3,
        3,
        4,
        1,
        3,
        4,
        1,
        3,
        3,
        3,
        3,
        4,
        1,
        3,
        3,
        3,
        4,
        1,
        3,
        4,
        1,
        3,
        3,
        4,
        1,
        3,
        3,
        3,
        4,
        1,
        3,
        3,
        4,
        1,
        3,
        4,
        1,
        3,
        3,
        3,
        3,
        4,
        1,
        3,
        3,
        3,
        4,
        1,
        3,
        4,
        1,
        3,
        3,
        4,
        1,
        3,
        3,
        3,
        4,
        1,
        3,
        3,
        4,
        1,
        3,
        4,
        1,
        3,
        3,
        3,
        3,
        4,
        1,
        3,
        3,
        3,
        4,
        1,
        3,
        4,
        1,
        3,
        3,
        4,
        1,
        3,
        3,
        3,
        4,
        1,
        3,
        3,
        4,
        1,
        3,
        4,
        1,
        3,
        3,
        9,
        3,
        9,
        7,
        3,
        7,
        4,
        3,
        9,
        3,
        3,
        4,
        1,
        3,
        4,
        1,
        3,
        3,
        4,
        1,
        3,
        3,
        3,
        4,
        1,
        3,
        3,
        4,
        1,
        3,
        4,
        1,
        3,
        3,
        3,
        3,
        4,
        1,
        3,
        3,
        3,
        4,
        1,
        3,
        4,
        1,
        3,
        3,
        4,
        1,
        3,
        3,
        3,
        4,
        1,
        3,
        3,
        4,
        1,
        3,
        4,
        1,
        3,
        3,
        3,
        3,
        4,
        1,
        3,
        3,
        3,
        4,
        1,
        3,
        4,
        1,
        3,
        3,
        4,
        1,
        3,
        3,
        3,
        4,
        1,
        3,
        3,
        4,
        1,
        3,
        4,
        1,
        3,
        3,
        3,
        3,
        4,
        1,
        3,
        3,
        3,
        4,
        1,
        3,
        4,
        1,
        3,
        3,
        4,
        1,
        3,
        3,
        3,
        4,
        1,
        3,
        3,
        4,
        1,
        3,
        4,
        1,
        3,
        3,
        4,
        4,
        3,
        4,
        3,
        4,
        1,
        3,
        3,
        3,
        4,
        1,
        3,
        4,
        1,
        3,
        3,
        4,
        1,
        3,
        3,
        3,
        4,
        1,
        3,
        3,
        4,
        1,
        3,
        4,
        1,
        3,
        3,
        3,
        3,
        4,
        1,
        3,
        3,
        3,
        4,
        1,
        3,
        4,
        1,
        3,
        3,
        4,
        1,
        3,
        3,
        3,
        4,
        1,
        3,
        3,
        4,
        1,
        3,
        4,
        1,
        3,
        3,
        3,
        3,
        4,
        1,
        3,
        3,
        3,
        4,
        1,
        3,
        4,
        1,
        3,
        3,
        4,
        1,
        3,
        3,
        3,
        4,
        1,
        3,
        3,
        4,
        1,
        3,
        4,
        1,
        3,
        3,
        3,
        3,
        4,
        1,
        3,
        3,
        3,
        4,
        1,
        3,
        4,
        1,
        3,
        3,
        4,
        1,
        3,
        3,
        3,
        4,
        1,
        3,
        3,
        4,
        1,
        3,
        4,
        1,
        3,
        3,
        9,
        3,
        9,
        7,
        3,
        7,
        4,
        3,
        9,
        3,
        3,
        4,
        1,
        3,
        4,
        1,
        3,
        3,
        4,
        1,
        3,
        3,
        3,
        4,
        1,
        3,
        3,
        4,
        1,
        3,
        4,
        1,
        3,
        3,
        3,
        3,
        4,
        1,
        3,
        3,
        3,
        4,
        1,
        3,
        4,
        1,
        3,
        3,
        4,
        1,
        3,
        3,
        3,
        4,
        1,
        3,
        3,
        4,
        1,
        3,
        4,
        1,
        3,
        3,
        3,
        3,
        4,
        1,
        3,
        3,
        3,
        4,
        1,
        3,
        4,
        1,
        3,
        3,
        4,
        1,
        3,
        3,
        3,
