{
    "min_pitch": 47,
    "max_pitch": 62,
    "avg_pitch": 54.211191335740075,
    "avg_duration": 0.2561581608190433,
    "avg_position": 103.87302660339576,
    "note_density": 2.573033529498475,
    "pitch_classes": [
        4,
        4,
        1,
        1,
        11,
        11,
        9,
        9,
        9,
        6,
        6,
        4,
        4,
        1,
        1,
        11,
        11,
        9,
        9,
        9,
        6,
        6,
        4,
        4,
        1,
        1,
        11,
        11,
        9,
        9,
        9,
        6,
        6,
        4,
        4,
        1,
        1,
        11,
        11,
        9,
        9,
        9,
        6,
        6,
        4,
        4,
        1,
        1,
        11,
        11,
        9,
        9,
        9,
        6,
        6,
        4,
        4,
        1,
        1,
        11,
        11,
        9,
        9,
        9,
        6,
        6,
        3,
        8,
        8,
        3,
        8,
        8,
        4,
        9,
        9,
        4,
        9,
        9,
        6,
        11,
        11,
        6,
        11,
        11,
        11,
        4,
        4,
        4,
        4,
        4,
        2,
        2,
        2,
        2,
        2,
        1,
        1,
        1,
        8,
        1,
        1,
        0,
        0,
        0,
        4,
        4,
        0,
        0,
        0,
        11,
        1,
        4,
        11,
        1,
        9,
        9,
        4,
        6,
        11,
        6,
        11,
        4,
        4,
        11,
        1,
        4,
        11,
        1,
        9,
        9,
        4,
        6,
        2,
        2,
        4,
        4,
        11,
        1,
        9,
        9,
        4,
        6,
        11,
        6,
        11,
        4,
        4,
        11,
        1,
        4,
        11,
        1,
        9,
        9,
        4,
        6,
        2,
        2,
        4,
        4,
        4,
        1,
        1,
        11,
        11,
        9,
        9,
        9,
        6,
        6,
        4,
        4,
        1,
        1,
        11,
        11,
        9,
        9,
        9,
        6,
        6,
        9,
        9,
        9,
        9,
        9,
        9,
        9,
        1,
        2,
        2,
        2,
        9,
        2,
        2,
        2,
        9,
        9,
        9,
        4,
        6,
        6,
        11,
        1,
        2,
        4,
        6,
        8,
        9,
        4,
        4,
        2,
        2,
        9,
        4,
        4,
        4,
        4,
        4,
        4,
        4,
        9,
        9,
        9,
        0,
        0,
        0,
        9,
        9,
        9,
        11,
        1,
        2,
        2,
        2,
        5,
        5,
        5,
        9,
        9,
        9,
        11,
        11,
        11,
        11,
        4,
        4,
        2,
        2,
        1,
        1,
        11,
        4,
        9,
        9,
        9,
        9,
        9,
        9,
        9,
        1,
        2,
        2,
        2,
        9,
        2,
        2,
        2,
        9,
        9,
        9,
        4,
        6,
        6,
        11,
        1,
        2,
        4,
        6,
        8,
        9,
        4,
        4,
        2,
        2,
        9,
        4,
        4,
        4,
        4,
        4,
        4,
        4,
        9,
        9,
        9,
        0,
        0,
        0,
        9,
        9,
        9,
        11,
        1,
        2,
        2,
        2,
        5,
        5,
        5,
        9,
        9,
        9,
        11,
        11,
        11,
        11,
        4,
        4,
        2,
        2,
        1,
        1,
        11,
        4,
        9,
        9,
        9,
        9,
        9,
        9,
        9,
        1,
        2,
        2,
        2,
        9,
        2,
        2,
        2,
        9,
        9,
        9,
        4,
        6,
        6,
        11,
        1,
        2,
        4,
        6,
        8,
        9,
        4,
        4,
        2,
        2,
        9,
        5,
        7,
        7,
        5,
        7,
        5,
        7,
        7,
        5,
        7,
        5,
        7,
        7,
        5,
        7,
        5,
        7,
        7,
        5,
        7,
        5,
        7,
        7,
        5,
        7,
        5,
        7,
        7,
        5,
        7,
        5,
        7,
        7,
        5,
        7,
        5,
        7,
        7,
        5,
        7,
        5,
        7,
        7,
        5,
        7,
        5,
        7,
        7,
        5,
        7,
        5,
        9,
        9,
        7,
        9,
        7,
        9,
        9,
        7,
        9,
        7,
        9,
        9,
        7,
        9,
        7,
        9,
        9,
        7,
        9,
        0,
        2,
        2,
        0,
        2,
        0,
        2,
        2,
        0,
        2,
        0,
        2,
        2,
        0,
        2,
        0,
        2,
        2,
        0,
        2,
        0,
        2,
        2,
        0,
        2,
        0,
        2,
        2,
        0,
        2,
        0,
        2,
        7,
        7,
        5,
        7,
        5,
        7,
        7,
        5,
        7,
        5,
        7,
        7,
        5,
        7,
        5,
        7,
        7,
        5,
        7,
        5,
        7,
        7,
        5,
        7,
        5,
        7,
        7,
        5,
        7,
        5,
        7,
        7,
        5,
        7,
        5,
        7,
        7,
        5,
        7,
        5,
        9,
        9,
        7,
        9,
        7,
        9,
        9,
        7,
        9,
        7,
        9,
        9,
        7,
        9,
        7,
        9,
        9,
        7,
        9,
        0,
        2,
        2,
        0,
        2,
        0,
        2,
        2,
        0,
        2,
        0,
        2,
        2,
        0,
        2,
        0,
        2,
        2,
        0,
        2,
        0,
        2,
        2,
        0,
        2,
        0,
        2,
        2,
        0,
        2,
        0,
        7,
        7,
        5,
        7
    ],