{
    "min_pitch": 53,
    "max_pitch": 84,
    "avg_pitch": 64.39255014326648,
    "avg_duration": 0.21410573177829512,
    "avg_position": 176.6563122593571,
    "note_density": 3.241836468573891,
    "pitch_classes": [
        5,
        0,
        5,
        7,
        2,
        7,
        7,
        2,
        7,
        5,
        0,
        5,
        7,
        2,
        7,
        5,
        0,
        5,
        7,
        2,
        7,
        7,
        2,
        7,
        5,
        0,
        5,
        7,
        2,
        7,
        5,
        0,
        5,
        7,
        2,
        7,
        7,
        2,
        7,
        5,
        0,
        5,
        7,
        2,
        7,
        5,
        0,
        5,
        7,
        2,
        7,
        7,
        2,
        7,
        5,
        0,
        5,
        7,
        2,
        7,
        5,
        0,
        5,
        7,
        2,
        7,
        7,
        2,
        7,
        5,
        0,
        5,
        7,
        2,
        7,
        5,
        0,
        5,
        7,
        2,
        7,
        7,
        2,
        7,
        5,
        0,
        5,
        7,
        2,
        7,
        5,
        0,
        5,
        7,
        2,
        7,
        7,
        2,
        7,
        5,
        0,
        5,
        7,
        2,
        7,
        5,
        0,
        5,
        7,
        2,
        7,
        7,
        2,
        7,
        0,
        5,
        5,
        7,
        2,
        7,
        5,
        0,
        5,
        7,
        2,
        7,
        7,
        2,
        7,
        5,
        0,
        5,
        7,
        2,
        7,
        5,
        0,
        5,
        7,
        2,
        7,
        7,
        2,
        7,
        5,
        0,
        5,
        7,
        2,
        7,
        5,
        0,
        5,
        9,
        4,
        9,
        9,
        4,
        9,
        7,
        2,
        7,
        9,
        4,
        9,
        7,
        2,
        7,
        9,
        4,
        9,
        9,
        4,
        9,
        7,
        2,
        7,
        9,
        4,
        9,
        7,
        2,
        7,
        9,
        4,
        9,
        9,
        4,
        9,
        7,
        2,
        7,
        9,
        4,
        9,
        7,
        2,
        7,
        9,
        4,
        9,
        9,
        4,
        9,
        7,
        2,
        7,
        9,
        4,
        9,
        0,
        7,
        0,
        2,
        9,
        2,
        2,
        9,
        2,
        0,
        7,
        0,
        2,
        9,
        2,
        0,
        7,
        0,
        2,
        9,
        2,
        2,
        9,
        2,
        0,
        7,
        0,
        2,
        9,
        2,
        0,
        7,
        0,
        2,
        9,
        2,
        2,
        9,
        2,
        0,
        7,
        0,
        2,
        9,
        2,
        0,
        7,
        0,
        4,
        2,
        9,
        2,
        6,
        2,
        9,
        2,
        6,
        0,
        7,
        0,
        4,
        2,
        9,
        2,
        6,
        2,
        9,
        2,
        6,
        2,
        9,
        2,
        6,
        0,
        7,
        0,
        4,
        2,
        9,
        2,
        6,
        2,
        9,
        2,
        6,
        0,
        7,
        0,
        4,
        2,
        9,
        2,
        6,
        2,
        9,
        2,
        6,
        2,
        9,
        2,
        6,
        0,
        7,
        0,
        4,
        2,
        9,
        2,
        6,
        2,
        9,
        2,
        6,
        0,
        7,
        0,
        4,
        2,
        9,
        2,
        6,
        2,
        9,
        2,
        6,
        2,
        9,
        2,
        6,
        0,
        7,
        0,
        4,
        0,
        7,
        0,
        4,
        7,
        0,
        5,
        0,
        5,
        7,
        2,
        7,
        7,
        2,
        7,
        5,
        0,
        5,
        7,
        2,
        7,
        5,
        0,
        5,
        7,
        2,
        7,
        7,
        2,
        7,
        5,
        0,
        5,
        7,
        2,
        7,
        5,
        0,
        5,
        7,
        2,
        7,
        7,
        2,
        7,
        5,
        0,
        5,
        7,
        2,
        7,
        5,
        0,
        5,
        7,
        2,
        7,
        7,
        2,
        7,
        5,
        0,
        5,
        7,
        2,
        7,
        5,
        0,
        5,
        7,
        2,
        7,
        7,
        2,
        7,
        5,
        0,
        5,
        7,
        2,
        7,
        5,
        0,
        5,
        7,
        2,
        7,
        7,
        2,
        7,
        5,
        0,
        5,
        7,
        2,
        7,
        5,
        0,
        5,
        7,
        2,
        7,
        7,
        2,
        7,
        5,
        0,
        5,
        7,
        2,
        7,
        5,
        0,
        5,
        7,
        2,
        7,
        7,
        2,
        7,
        5,
        0,
        5,
        7,
        2,
        7,
        5,
        0,
        5,
        7,
        2,
        7,
        7,
        2,
        7,
        5,
        0,
        5,
        7,
        2,
        7,
        5,
        0,
        5,
        9,
        4,
        9,
        9,
        4,
        9,
        7,
        2,
        7,
        9,
        4,
        9,
        7,
        2,
        7,
        9,
        4,
        9,
        9,
        4,
        9,
        7,
        2,
        7,
        9,
        4,
        9,
        7,
        2,
        7,
        9,
        4,
        9,
        9,
        4,
        9,
        7,
        2,
        7,
        9,
        4,
        9,
        7,
        2,
        7,
        9,
        4,
        9,
        9,
        4,
        9,
        7,
        2,
        7,
        9,
        4,
        9,
        0,
        7,
        0,
        2,
        9,
        2,
        2,
        9,
        2,
        0,
        7,
        0,
        2,
        9,
        2,
        0,
        7,
        0,
        2,
        9,
        2,
        2,
        9,
        2,
        0,
        7,
        0,
        2,
        9,
        2,
        0,
        7,
        0,
        2,
        9,
        2,
        2,
        9,
        2,
        0,
        7,
        0,
        2,
        9,
        2,
        0,
        7,
        0,
        4,
        2,
        9,
        2,
        6,
        2,
        9,
        2,
        6,
        0,
        7,
        0,
        4,
        2,
        9,
        2,
        6,
        2,
        9,
        2,
        6,
        2,
        9,
        2,
        6,
        0,
        7,
        0,
        4,
        2,
        9,
        2,
        6,
        2,
        9,
        2,
        6,
        0,
        7,
        0,
        4,
        2,
        9,
        2,
        6,
        2,
        9,
        2,
        6,
        2,
        9,
        2,
        6,
        0,
        7,
        0,
        4,
        2,
        9,
        2,
        6,
        2,
        9,
        2,
        6,
        0,
        7,
        0,
        4,
        2,
        2,
        9,
        6,
        2,
        9,
        2,
        6,
        2,
        9,
        2,
        6,
        0,
        7,
        0,
        4,
        0,
        7,
        0,
        4,
        7,
        0,
        5,
        0,
        5,
        7,
        2,
        7,
        7,
        2,
        7,
        5,
        0,
        5,
        7,
        2,
        7
    ],