{
    "min_pitch": 54,
    "max_pitch": 72,
    "avg_pitch": 64.66666666666667,
    "avg_duration": 0.4608404148391813,
    "avg_position": 133.3235320152595,
    "note_density": 1.5884069803041128,
    "pitch_classes": [
        11,
        3,
        8,
        1,
        4,
        9,
        6,
        3,
        11,
        11,
        4,
        8,
        9,
        2,
        6,
        8,
        1,
        4,
        7,
        0,
        4,
        6,
        11,
        3,
        8,
        8,
        8,
        8,
        8,
        8,
        8,
        8,
        8,
        8,
        8,
        8,
        8,
        8,
        8,
        8,
        8,
        8,
        8,
        8,
        8,
        8,
        8,
        8,
        8,
        8,
        8,
        8,
        8,
        8,
        8,
        8,
        8,
        8,
        8,
        8,
        8,
        8,
        8,
        8,
        8,
        8,
        8,
        8,
        8,
        8,
        8,
        8,
        8,
        8,
        8,
        8,
        8,
        8,
        8,
        8,
        8,
        8,
        8,
        8,
        8,
        8,
        8,
        8,
        8,
        8,
        8,
        8,
        8,
        8,
        8,
        8,
        8,
        8,
        8,
        8,
        8,
        8,
        8,
        8,
        8,
        8,
        8,
        8,
        8,
        8,
        8,
        8,
        8,
        8,
        8,
        8,
        8,
        8,
        8,
        8,
        8,
        8,
        8,
        8,
        8,
        8,
        8,
        8,
        8,
        8,
        8,
        8,
        8,
        8,
        8,
        8,
        8,
        8,
        8,
        8,
        8,
        8,
        8,
        8,
        8,
        8,
        8,
        8,
        8,
        8,
        8,
        8,
        8,
        8,
        8,
        8,
        8,
        8,
        8,
        8,
        8,
        8,
        8,
        8,
        8,
        8,
        8,
        8,
        8,
        8,
        8,
        8,
        8,
        8,
        8,
        8,
        8,
        8,
        8,
        8,
        8,
        8,
        8,
        8,
        8,
        8,
        8,
        8,
        8,
        8,
        8,
        8,
        9,
        1,
        4,
        9,
        2,
        6,
        7,
        0,
        4,
        9,
        2,
        6,
        9,
        2,
        6,
        7,
        0,
        4,
        9,
        2,
        6,
        9,
        2,
        6,
        9,
        2,
        6,
        7,
        0,
        4,
        9,
        2,
        6,
        9,
        2,
        6,
        7,
        0,
        4,
        9,
        2,
        6,
        9,
        2,
        6,
        9,
        2,
        6,
        7,
        0,
        4,
        9,
        2,
        6,
        9,
        2,
        6,
        7,
        0,
        4,
        9,
        2,
        6,
        9,
        2,
        6,
        9,
        2,
        6,
        7,
        0,
        4,
        4,
        7,
        0,
        9,
        1,
        4,
        9,
        2,
        6,
        7,
        0,
        4,
        9,
        2,
        6,
        9,
        2,
        6,
        7,
        0,
        4,
        9,
        2,
        6,
        9,
        2,
        6,
        9,
        2,
        6,
        7,
        0,
        4,
        9,
        2,
        6,
        9,
        2,
        6,
        7,
        0,
        4,
        9,
        2,
        6,
        9,
        2,
        6,
        9,
        2,
        6,
        7,
        0,
        4,
        9,
        2,
        6,
        9,
        2,
        6,
        7,
        0,
        4,
        9,
        2,
        6,
        9,
        2,
        6,
        9,
        2,
        6,
        7,
        0,
        4,
        4,
        7,
        0
    ],
    "octaves": [
        4,
        5,
        5,
        5,
        5,
        5,
        5,
        5,
        5,
        4,
        5,
        5,
        4,
        5,
        5,
        4,
        5,
        5,
        4,
        5,
        5,
        4,
        4,
        5,
        5,
        5,
        5,
        5,
        5,
        5,
        5,
        5,
        5,
        5,
        5,
        5,
        5,
        5,
        5,
        5,
        5,
        5,
        5,
        5,
        5,
        5,
        5,
        5,
        5,
        5,
        5,
        5,
        5,
        5,
        5,
        5,
        5,
        5,
        5,
        5,
        5,
        5,
        5,
        5,
        5,
        5,
        5,
        5,
        5,
        5,
        5,
        5,
        5,
        5,
        5,
        5,
        5,
        5,
        5,
        5,
        5,
        5,
        5,
        5,
        5,
        5,
        5,
        5,
        5,
        5,
        5,
        5,
        5,
        5,
        5,
        5,
        5,
        5,
        5,
        5,
        5,
        5,
        5,
        5,
        5,
        5,
        5,
        5,
        5,
        5,
        5,
        5,
        5,
        5,
        5,
        5,
        5,
        5,
        5,
        5,
        5,
        5,
        5,
        5,
        5,
        5,
        5,
        5,
        5,
        5,
        5,
        5,
        5,
        5,
        5,
        5,
        5,
        5,
        5,
        5,
        5,
        5,
        5,
        5,
        5,
        5,
        5,
        5,
        5,
        5,
        5,
        5,
        5,
        5,
        5,
        5,
        5,
        5,
        5,
        5,
        5,
        5,
        5,
        5,
        5,
        5,
        5,
        5,
        5,
        5,
        5,
        5,
        5,
        5,
        5,
        5,
        5,
        5,
        5,
        5,
        5,
        5,
        5,
        5,
        5,
        5,
        5,
        5,
        5,
        5,
        5,
        5,
        4,
        5,
        5,
        4,
        5,
        5,
        4,
        5,
        5,
        4,
        5,
        5,
        4,
        5,
        5,
        4,
        5,
        5,
        4,
        5,
        5,
        4,
        5,
        5,
        4,
        5,
        5,
        4,
        5,
        5,
        4,
        5,
        5,
        4,
        5,
        5,
        4,
        5,
        5,
        4,
        5,
        5,
        4,
        5,
        5,
        4,
        5,
        5,
        4,
        5,
        5,
        4,
        5,
        5,
        4,
        5,
        5,
        4,
        5,
        5,
        4,
        5,
        5,
        4,
        5,
        5,
        4,
        5,
        5,
        4,
        5,
        5,
        5,
        5,
        6,
        4,
        5,
        5,
        4,
        5,
        5,
        4,
        5,
        5,
        4,
        5,
        5,
        4,
        5,
        5,
        4,
        5,
        5,
        4,
        5,
        5,
        4,
        5,
        5,
        4,
        5,
        5,
        4,
        5,
        5,
        4,
        5,
        5,
        4,
        5,
        5,
        4,
        5,
        5,
        4,
        5,
        5,
        4,
        5,
        5,
        4,
        5,
        5,
        4,
        5,
        5,
        4,
        5,
        5,
        4,
        5,
        5,
        4,
        5,
        5,
        4,
        5,
        5,
        4,
        5,
        5,
        4,
        5,
        5,
        4,
        5,
        5,
        5,
        5,
        6
    ]
}