{
    "min_pitch": 52,
    "max_pitch": 64,
    "avg_pitch": 57.0,
    "avg_duration": 3.2265625,
    "avg_position": 145.20174153645834,
    "note_density": 0.13923763767393374,
    "pitch_classes": [
        4,
        5,
        6,
        5,
        4,
        5,
        6,
        5,
        4,
        5,
        6,
        5,
        9,
        1,
        4,
        9,
        1,
        4,
        6,
        9,
        2,
        9,
        1,
        4,
        9,
        1,
        4,
        6,
        9,
        2
    ],
    "octaves": [
        4,
        4,
        4,
        4,
        4,
        4,
        4,
        4,
        4,
        4,
        4,
        4,
        4,
        5,
        5,
        4,
        5,
        5,
        4,
        4,
        5,
        4,
        5,
        5,
        4,
        5,
        5,
        4,
        4,
        5
    ]
}