{
    "min_pitch": 55,
    "max_pitch": 83,
    "avg_pitch": 70.81044776119403,
    "avg_duration": 0.26754532999067165,
    "avg_position": 106.89425431436567,
    "note_density": 3.084926764014883,
    "pitch_classes": [
        4,
        8,
        4,
        8,
        1,
        6,
        1,
        6,
        11,
        4,
        11,
        4,
        1,
        6,
        11,
        4,
        11,
        4,
        1,
        6,
        11,
        4,
        1,
        6,
        4,
        8,
        4,
        8,
        4,
        8,
        4,
        8,
        1,
        6,
        1,
        6,
        11,
        4,
        11,
        4,
        1,
        6,
        11,
        4,
        11,
        4,
        1,
        6,
        11,
        4,
        1,
        6,
        4,
        8,
        4,
        8,
        8,
        8,
        8,
        8,
        9,
        9,
        8,
        6,
        4,
        6,
        6,
        6,
        11,
        8,
        7,
        11,
        8,
        11,
        8,
        1,
        9,
        1,
        9,
        3,
        11,
        3,
        11,
        3,
        11,
        3,
        11,
        11,
        8,
        9,
        6,
        8,
        4,
        11,
        8,
        11,
        8,
        11,
        8,
        1,
        9,
        1,
        9,
        9,
        6,
        9,
        6,
        11,
        8,
        11,
        8,
        11,
        8,
        1,
        9,
        1,
        9,
        3,
        11,
        3,
        11,
        3,
        11,
        3,
        11,
        11,
        8,
        9,
        6,
        8,
        4,
        11,
        8,
        11,
        8,
        11,
        8,
        1,
        9,
        1,
        9,
        1,
        9,
        9,
        6,
        9,
        6,
        9,
        6,
        11,
        8,
        4,
        9,
        1,
        4,
        9,
        11,
        1,
        4,
        9,
        11,
        1,
        4,
        9,
        1,
        4,
        9,
        1,
        4,
        9,
        1,
        5,
        9,
        1,
        5,
        9,
        1,
        5,
        9,
        11,
        1,
        5,
        9,
        11,
        1,
        5,
        9,
        1,
        6,
        9,
        2,
        6,
        9,
        2,
        6,
        9,
        11,
        2,
        6,
        9,
        11,
        2,
        6,
        9,
        2,
        5,
        9,
        2,
        5,
        9,
        2,
        5,
        9,
        11,
        2,
        5,
        9,
        11,
        2,
        5,
        9,
        2,
        9,
        4,
        1,
        6,
        4,
        4,
        8,
        8,
        11,
        9,
        9,
        4,
        4,
        4,
        4,
        1,
        4,
        7,
        4,
        0,
        7,
        4,
        4,
        4,
        4,
        1,
        4,
        4,
        6,
        5,
        5,
        7,
        9,
        4,
        1,
        9,
        9,
        11,
        11,
        8,
        4,
        6,
        4,
        4,
        9,
        1,
        4,
        9,
        11,
        1,
        4,
        9,
        11,
        1,
        4,
        9,
        1,
        4,
        9,
        1,
        4,
        9,
        1,
        5,
        9,
        1,
        5,
        9,
        1,
        5,
        9,
        11,
        1,
        5,
        9,
        11,
        1,
        5,
        9,
        1,
        6,
        9,
        2,
        6,
        9,
        2,
        6,
        9,
        11,
        2,
        6,
        9,
        11,
        2,
        6,
        9,
        2,
        5,
        9,
        2,
        5,
        9,
        2,
        5,
        9,
        11,
        2,
        5,
        9,
        11,
        2,
        5,
        9,
        2,
        9,
        4,
        1,
        6,
        4,
        4,
        8,
        8,
        11,
        9,
        9,
        4,
        4,
        4,
        4,
        1,
        4,
        7,
        4,
        0,
        7,
        4,
        4,
        4,
        1,
        4,
        4,
        6,
        5,
        5,
        7,
        9,
        1,
        9,
        4,
        9,
        11,
        11,
        8,
        4,
        6,
        4,
        4,
        9,
        1,
        4,
        9,
        11,
        1,
        4,
        9,
        11,
        1,
        4,
        9,
        1,
        4,
        9,
        1,
        4,
        9,
        1,
        5,
        9,
        1,
        5,
        9,
        1,
        5,
        9,
        11,
        1,
        5,
        9,
        11,
        1,
        5,
        9,
        1,
        6,
        9,
        2,
        6,
        9,
        2,
        6,
        9,
        11,
        2,
        6,
        9,
        11,
        2,
        6,
        9,
        2,
        5,
        9,
        2,
        5,
        9,
        2,
        5,
        9,
        11,
        2,
        5,
        9,
        11,
        2,
        5,
        9,
        2,
        9,
        4,
        1,
        6,
        4,
        4,
        8,
        8,
        11,
        9,
        9,
        7,
        7,
        11,
        0,
        11,
        7,
        5,
        7,
        7,
        11,
        0,
        2,
        0,
        11,
        7,
        11,
        7,
        5,
        7,
        7,
        5,
        7,
        7,
        11,
        7,
        11,
        7,
        5,
        7,
        11,
        0,
        2,
        0,
        11,
        7,
        11,
        7,
        5,
        7,
        9,
        9,
        1,
        2,
        1,
        9,
        7,
        9,
        1,
        2,
        4,
        2,
        1,
        9,
        1,
        9,
        7,
        9,
        9,
        9,
        2,
        2,
        6,
        2,
        6,
        2,
        0,
        2,
        6,
        2,
        6,
        2,
        6,
        2,
        6,
        2,
        7,
        0,
        4,
        9,
        6,
        2,
        9,
        6,
        2,
        7,
        0,
        4,
        9,
        2,
        6,
        7,
        4,
        0,
        9,
        6,
        2,
        9,
        6,
        2,
        7,
        4,
        0,
        9,
        2,
        6,
        7,
        4,
        0,
        9,
        6,
        2,
        9,
        6,
        2,
        7,
        4,
        0,
        2,
        9,
        6,
        7,
        7,
        11,
        0,
        11,
        7,
        5,
        7,
        7,
        11,
        0,
        2,
        0,
        11,
        7,
        11,
        7,
        5,
        7,
        7,
        5,
        7,
        7,
        11,
        7,
        11,
        7,
        5,
        7,
        11,
        0,
        2,
        0,
        11,
        7,
        11,
        7,
        5,
        7,
        9,
        9,
        1,
        2,
        1,
        9,
        7,
        9,
        1,
        2,
        4,
        2,
        1,
        9,
        1,
        9,
        7,
        9,
        9,
        9,
        2,
        2,
        6,
        2,
        6,
        2,
        0,
        2,
        6,
        2,
        6,
        2,
        6,
        2,
        6,
        2,
        0,
        2,
        2,
        0,
        2,
        0,
        2,
        2,
        0,
        2,
        0,
        2,
        2,
        0,
        2
    ],