{
    "min_pitch": 39,
    "max_pitch": 75,
    "avg_pitch": 61.903703703703705,
    "avg_duration": 0.5104728536522628,
    "avg_position": 87.5019315794752,
    "note_density": 4.101799991371029,
    "pitch_classes": [
        10,
        0,
        3,
        7,
        10,
        0,
        3,
        7,
        10,
        0,
        3,
        7,
        10,
        0,
        3,
        7,
        10,
        2,
        5,
        10,
        2,
        5,
        9,
        0,
        5,
        9,
        0,
        5,
        10,
        0,
        3,
        7,
        10,
        0,
        3,
        7,
        10,
        0,
        3,
        7,
        10,
        0,
        3,
        7,
        10,
        2,
        5,
        10,
        2,
        5,
        9,
        0,
        5,
        9,
        0,
        5,
        10,
        0,
        3,
        7,
        10,
        0,
        3,
        7,
        10,
        0,
        3,
        7,
        10,
        0,
        3,
        7,
        10,
        2,
        5,
        10,
        2,
        5,
        9,
        0,
        5,
        9,
        0,
        5,
        10,
        0,
        3,
        7,
        10,
        0,
        3,
        7,
        10,
        0,
        3,
        7,
        10,
        0,
        3,
        7,
        10,
        2,
        5,
        10,
        2,
        5,
        9,
        0,
        5,
        9,
        0,
        5,
        10,
        0,
        3,
        7,
        10,
        0,
        3,
        7,
        10,
        0,
        3,
        7,
        10,
        0,
        3,
        7,
        10,
        0,
        3,
        7,
        10,
        0,
        3,
        7,
        10,
        0,
        3,
        7,
        10,
        0,
        3,
        7,
        0,
        2,
        5,
        8,
        0,
        2,
        5,
        8,
        0,
        3,
        5,
        8,
        0,
        3,
        5,
        8,
        11,
        3,
        5,
        8,
        11,
        3,
        5,
        8,
        11,
        2,
        5,
        8,
        11,
        2,
        5,
        8,
        10,
        0,
        3,
        7,
        10,
        0,
        3,
        7,
        10,
        0,
        3,
        7,
        10,
        0,
        3,
        7,
        10,
        2,
        5,
        10,
        2,
        5,
        9,
        0,
        5,
        9,
        0,
        5,
        10,
        0,
        3,
        7,
        10,
        0,
        3,
        7,
        10,
        0,
        3,
        7,
        10,
        0,
        3,
        7,
        10,
        2,
        5,
        10,
        2,
        5,
        9,
        0,
        5,
        9,
        0,
        5,
        10,
        0,
        3,
        7,
        10,
        0,
        3,
        7,
        10,
        0,
        3,
        7,
        10,
        0,
        3,
        7,
        10,
        0,
        3,
        7,
        10,
        0,
        3,
        7,
        10,
        0,
        3,
        7,
        10,
        0,
        3,
        7,
        0,
        3,
        5,
        8,
        0,
        3,
        5,
        8,
        0,
        3,
        5,
        8,
        0,
        3,
        5,
        8,
        10,
        3,
        5,
        8,
        10,
        3,
        5,
        8,
        10,
        3,
        8,
        5,
        10,
        3,
        5,
        8,
        10,
        3,
        5,
        10,
        3,
        5,
        10,
        3,
        5,
        10,
        3,
        5,
        10,
        3,
        7,
        10,
        3,
        7,
        10,
        0,
        3,
        7,
        10,
        0,
        3,
        7,
        10,
        3,
        5,
        10,
        3,
        5,
        10,
        2,
        5,
        10,
        2,
        5,
        10,
        3,
        7,
        10,
        3,
        7,
        0,
        5,
        8,
        7,
        3,
        10,
        5,
        8,
        2,
        7,
        0,
        3,
        7,
        10,
        3,
        2,
        10,
        5,
        10,
        2,
        5,
        10,
        2,
        5,
        10,
        3,
        7,
        10,
        3,
        7,
        10,
        0,
        3,
        7,
        10,
        0,
        3,
        7,
        10,
        5,
        2,
        2,
        10,
        3,
        7,
        3,
        10,
        7,
        3,
        0,
        8,
        0,
        5,
        7,
        10,
        2,
        8,
        0,
        5,
        3,
        8,
        8,
        1,
        5,
        11,
        3,
        5,
        8,
        10,
        7,
        3,
        11,
        3,
        5,
        8,
        10,
        7,
        3,
        10,
        0,
        3,
        7,
        10,
        0,
        3,
        7,
        10,
        0,
        3,
        7,
        10,
        0,
        3,
        7,
        10,
        2,
        5,
        10,
        2,
        5,
        9,
        0,
        5,
        9,
        0,
        5,
        10,
        0,
        3,
        7,
        10,
        0,
        3,
        7,
        10,
        0,
        3,
        7,
        10,
        0,
        3,
        7,
        10,
        2,
        5,
        10,
        2,
        5,
        9,
        0,
        5,
        9,
        0,
        5,
        10,
        0,
        3,
        7,
        10,
        0,
        3,
        7,
        10,
        0,
        3,
        7,
        10,
        0,
        3,
        7,
        10,
        0,
        3,
        7,
        10,
        0,
        3,
        7,
        10,
        0,
        3,
        7,
        10,
        0,
        3,
        7,
        0,
        3,
        5,
        8,
        0,
        3,
        5,
        8,
        0,
        3,
        5,
        8,
        0,
        3,
        5,
        8,
        10,
        3,
        5,
        8,
        10,
        3,
        5,
        8,
        10,
        3,
        8,
        5,
        10,
        3,
        5,
        8,
        10,
        3,
        5,
        10,
        3,
        5,
        10,
        3,
        5,
        10,
        3,
        5,
        10,
        3,
        7,
        10,
        3,
        7,
        10,
        0,
        3,
        7,
        10,
        0,
        3,
        7,
        10,
        3,
        5,
        10,
        3,
        5,
        10,
        2,
        5,
        10,
        2,
        5,
        10,
        3,
        7,
        10,
        3,
        7,
        0,
        5,
        8,
        7,
        3,
        10,
        5,
        8,
        2,
        7,
        0,
        3,
        7,
        10,
        3,
        2,
        10,
        5,
        10,
        2,
        5,
        10,
        2,
        5,
        10,
        3,
        7,
        10,
        3,
        7,
        10,
        0,
        3,
        7,
        10,
        0,
        3,
        7,
        10,
        5,
        2,
        2,
        10,
        3,
        7,
        3,
        10,
        7,
        3,
        0,
        8,
        0,
        5,
        7,
        10,
        2,
        8,
        0,
        5,
        3,
        8,
        8,
        1,
        5,
        11,
        3,
        5,
        8,
        10,
        3,
        7,
        10,
        3,
        7,
        10,
        3,
        7,
        10,
        3,
        7,
        6,
        10,
        1,
        8,
        5,
        8,
        1,
        1,
        8,
        5,
        1,
        10,
        6,
        11,
        3,
        5,
        8,
        8,
        11,
        3,
        10,
        6,
        3,
        6,
        10,
        3,
        10,
        6,
        3,
        1,
        5,
