{
    "min_pitch": 47,
    "max_pitch": 58,
    "avg_pitch": 52.785145888594165,
    "avg_duration": 0.21850133344385506,
    "avg_position": 89.74004520557025,
    "note_density": 1.908962733947057,
    "pitch_classes": [
        0,
        0,
        3,
        10,
        0,
        0,
        0,
        3,
        9,
        0,
        0,
        3,
        10,
        0,
        0,
        0,
        3,
        9,
        0,
        0,
        3,
        10,
        0,
        0,
        0,
        3,
        9,
        0,
        0,
        3,
        10,
        0,
        0,
        0,
        3,
        9,
        0,
        0,
        3,
        10,
        0,
        8,
        8,
        3,
        8,
        8,
        2,
        2,
        5,
        0,
        2,
        7,
        7,
        5,
        7,
        7,
        7,
        3,
        8,
        0,
        0,
        3,
        10,
        0,
        0,
        0,
        3,
        9,
        0,
        0,
        3,
        10,
        0,
        0,
        0,
        3,
        9,
        0,
        0,
        3,
        10,
        0,
        8,
        8,
        3,
        8,
        8,
        8,
        8,
        3,
        8,
        8,
        8,
        8,
        10,
        10,
        5,
        10,
        10,
        9,
        10,
        10,
        5,
        10,
        10,
        10,
        0,
        2,
        3,
        10,
        3,
        10,
        8,
        8,
        8,
        7,
        7,
        8,
        7,
        7,
        7,
        10,
        3,
        10,
        3,
        10,
        5,
        3,
        2,
        0,
        0,
        10,
        10,
        10,
        0,
        2,
        3,
        10,
        3,
        10,
        8,
        8,
        8,
        2,
        2,
        3,
        3,
        3,
        3,
        5,
        0,
        5,
        0,
        5,
        0,
        5,
        8,
        1,
        8,
        1,
        8,
        1,
        1,
        1,
        3,
        11,
        3,
        11,
        5,
        3,
        11,
        3,
        10,
        3,
        10,
        5,
        3,
        10,
        3,
        11,
        3,
        11,
        5,
        3,
        11,
        3,
        10,
        3,
        10,
        5,
        3,
        7,
        0,
        0,
        3,
        10,
        0,
        0,
        0,
        3,
        9,
        0,
        0,
        3,
        10,
        0,
        0,
        0,
        3,
        9,
        0,
        0,
        3,
        10,
        0,
        8,
        8,
        3,
        8,
        8,
        8,
        8,
        8,
        3,
        8,
        8,
        8,
        8,
        10,
        10,
        5,
        10,
        10,
        10,
        3,
        9,
        10,
        10,
        5,
        10,
        10,
        10,
        0,
        2,
        3,
        10,
        3,
        10,
        8,
        8,
        8,
        7,
        7,
        8,
        7,
        7,
        7,
        10,
        3,
        10,
        3,
        10,
        5,
        3,
        2,
        0,
        0,
        10,
        10,
        10,
        0,
        2,
        3,
        10,
        3,
        10,
        8,
        8,
        8,
        2,
        2,
        3,
        3,
        3,
        3,
        5,
        0,
        5,
        0,
        5,
        8,
        8,
        8,
        1,
        8,
        1,
        8,
        1,
        1,
        1,
        3,
        11,
        3,
        11,
        5,
        3,
        11,
        3,
        10,
        3,
        10,
        5,
        3,
        5,
        6,
        6,
        6,
        1,
        6,
        6,
        1,
        1,
        8,
        1,
        8,
        3,
        1,
        1,
        3,
        3,
        3,
        10,
        5,
        3,
        3,
        3,
        10,
        3,
        10,
        5,
        3,
        5,
        6,
        6,
        6,
        1,
        6,
        6,
        8,
        1,
        8,
        1,
        8,
        3,
        1,
        1,
        3,
        3,
        3,
        10,
        5,
        3,
        3,
        3,
        10,
        3,
        10,
        5,
        3,
        3,
        10,
        5,
        10,
        5,
        10,
        10,
        10
    ],