{
    "min_pitch": 46,
    "max_pitch": 58,
    "avg_pitch": 52.333333333333336,
    "avg_duration": 2.3047970138888894,
    "avg_position": 83.85709135416667,
    "note_density": 0.06075807252162438,
    "pitch_classes": [
        10,
        5,
        10,
        10,
        5,
        10,
        10,
        5,
        10,
        10,
        5,
        10
    ],
    "octaves": [
        3,
        4,
        4,
        4,
        4,
        3,
        3,
        4,
        4,
        4,
        4,
        3
    ]
}