{
    "min_pitch": 55,
    "max_pitch": 72,
    "avg_pitch": 64.28611898016997,
    "avg_duration": 0.3293348878659112,
    "avg_position": 98.52392062795089,
    "note_density": 1.7871626995805163,
    "pitch_classes": [
        7,
        7,
        0,
        0,
        0,
        2,
        3,
        0,
        0,
        0,
        10,
        0,
        0,
        3,
        5,
        7,
        5,
        5,
        3,
        3,
        2,
        2,
        0,
        2,
        3,
        7,
        7,
        0,
        0,
        0,
        2,
        3,
        3,
        3,
        5,
        3,
        3,
        2,
        3,
        5,
        3,
        5,
        3,
        5,
        3,
        5,
        3,
        2,
        7,
        7,
        7,
        0,
        0,
        0,
        2,
        3,
        0,
        0,
        0,
        10,
        0,
        0,
        3,
        5,
        7,
        5,
        5,
        3,
        3,
        2,
        2,
        0,
        2,
        3,
        7,
        7,
        7,
        0,
        0,
        0,
        2,
        3,
        3,
        3,
        5,
        3,
        3,
        5,
        3,
        5,
        3,
        5,
        3,
        5,
        3,
        7,
        8,
        10,
        5,
        10,
        10,
        10,
        10,
        10,
        10,
        0,
        10,
        8,
        7,
        5,
        5,
        3,
        5,
        7,
        7,
        7,
        7,
        8,
        7,
        5,
        3,
        7,
        5,
        10,
        10,
        10,
        10,
        10,
        10,
        10,
        0,
        10,
        8,
        7,
        5,
        3,
        7,
        7,
        5,
        7,
        7,
        8,
        8,
        10,
        8,
        7,
        5,
        3,
        3,
        7,
        7,
        5,
        3,
        5,
        3,
        7,
        7,
        0,
        0,
        0,
        2,
        3,
        0,
        0,
        7,
        10,
        0,
        0,
        3,
        5,
        7,
        5,
        5,
        3,
        3,
        2,
        2,
        0,
        2,
        3,
        7,
        7,
        0,
        0,
        0,
        2,
        3,
        3,
        3,
        5,
        3,
        0,
        3,
        5,
        3,
        5,
        3,
        5,
        3,
        5,
        3,
        7,
        8,
        5,
        10,
        10,
        10,
        10,
        10,
        10,
        10,
        0,
        10,
        8,
        7,
        5,
        5,
        3,
        5,
        7,
        7,
        7,
        7,
        8,
        7,
        5,
        3,
        7,
        5,
        10,
        10,
        10,
        10,
        10,
        10,
        10,
        0,
        10,
        8,
        7,
        5,
        3,
        7,
        7,
        5,
        7,
        7,
        8,
        8,
        10,
        8,
        7,
        5,
        3,
        3,
        7,
        7,
        5,
        3,
        5,
        3,
        3,
        5,
        6,
        8,
        5,
        3,
        1,
        5,
        6,
        8,
        8,
        8,
        10,
        8,
        6,
        6,
        3,
        5,
        6,
        8,
        5,
        3,
        1,
        5,
        5,
        6,
        8,
        8,
        8,
        10,
        8,
        7,
        7,
        7,
        8,
        5,
        10,
        10,
        10,
        10,
        10,
        10,
        10,
        0,
        10,
        8,
        7,
        5,
        5,
        3,
        5,
        7,
        7,
        7,
        7,
        8,
        7,
        5,
        3,
        7,
        5,
        10,
        10,
        10,
        10,
        10,
        10,
        10,
        0,
        10,
        8,
        7,
        5,
        3,
        7,
        7,
        5,
        7,
        8,
        8,
        10,
        8,
        7,
        5,
        3,
        3,
        7,
        7,
        5,
        3,
        5,
        3
    ],