{
    "min_pitch": 39,
    "max_pitch": 84,
    "avg_pitch": 64.45038167938931,
    "avg_duration": 1.655267450699746,
    "avg_position": 148.80006957856233,
    "note_density": 0.6631737518900188,
    "pitch_classes": [
        0,
        0,
        10,
        10,
        8,
        8,
        7,
        7,
        5,
        5,
        3,
        3,
        0,
        10,
        0,
        3,
        8,
        5,
        2,
        10,
        0,
        0,
        10,
        10,
        8,
        0,
        7,
        5,
        3,
        8,
        3,
        0,
        2,
        5,
        10,
        10,
        3,
        10,
        0,
        10,
        8,
        5,
        3,
        10,
        7,
        10,
        5,
        10,
        0,
        7,
        7,
        3,
        5,
        11,
        5,
        5,
        0,
        0,
        7,
        8,
        5,
        5,
        8,
        10,
        3,
        11,
        10,
        10,
        0,
        0,
        5,
        3,
        10,
        5,
        5,
        10,
        10,
        2,
        5,
        7,
        7,
        10,
        3,
        7,
        10,
        8,
        8,
        7,
        7,
        5,
        5,
        3,
        3,
        2,
        2,
        0,
        0,
        8,
        10,
        10,
        8,
        8,
        2,
        7,
        7,
        8,
        8,
        3,
        5,
        1,
        5,
        3,
        11,
        8,
        5,
        3,
        3,
        10,
        7,
        3,
        11,
        8,
        11,
        5,
        7,
        3,
        7,
        10,
        10,
        10,
        3
    ],
    "octaves": [
        5,
        6,
        4,
        5,
        4,
        5,
        4,
        5,
        4,
        5,
        4,
        5,
        6,
        5,
        6,
        5,
        5,
        5,
        5,
        5,
        7,
        6,
        5,
        6,
        6,
        6,
        6,
        6,
        5,
        5,
        6,
        6,
        5,
        5,
        5,
        4,
        4,
        5,
        6,
        5,
        5,
        5,
        5,
        4,
        5,
        3,
        5,
        5,
        5,
        4,
        3,
        5,
        4,
        4,
        3,
        5,
        5,
        4,
        5,
        4,
        4,
        5,
        3,
        4,
        5,
        4,
        4,
        5,
        6,
        5,
        5,
        4,
        5,
        5,
        6,
        4,
        5,
        4,
        5,
        5,
        6,
        5,
        4,
        5,
        6,
        6,
        5,
        5,
        6,
        5,
        6,
        6,
        5,
        6,
        5,
        6,
        5,
        5,
        5,
        4,
        4,
        5,
        4,
        5,
        4,
        5,
        4,
        5,
        5,
        4,
        4,
        5,
        4,
        5,
        5,
        3,
        5,
        4,
        5,
        6,
        4,
        6,
        5,
        5,
        5,
        6,
        6,
        6,
        5,
        4,
        3
    ]
}