{
    "min_pitch": 39,
    "max_pitch": 92,
    "avg_pitch": 71.80504587155963,
    "avg_duration": 0.5220635091743121,
    "avg_position": 90.58041260703354,
    "note_density": 2.207034752642251,
    "pitch_classes": [
        0,
        2,
        10,
        3,
        10,
        5,
        7,
        8,
        10,
        7,
        3,
        10,
        8,
        8,
        7,
        8,
        3,
        5,
        8,
        7,
        6,
        5,
        10,
        5,
        7,
        0,
        0,
        2,
        2,
        3,
        3,
        5,
        5,
        7,
        7,
        8,
        8,
        10,
        10,
        0,
        0,
        0,
        0,
        0,
        0,
        0,
        0,
        0,
        0,
        0,
        0,
        0,
        0,
        0,
        0,
        0,
        0,
        0,
        0,
        0,
        0,
        0,
        0,
        0,
        2,
        2,
        3,
        3,
        5,
        5,
        7,
        7,
        8,
        8,
        10,
        10,
        0,
        0,
        0,
        0,
        0,
        0,
        0,
        0,
        0,
        0,
        0,
        0,
        0,
        0,
        0,
        0,
        0,
        0,
        0,
        0,
        0,
        0,
        0,
        3,
        3,
        2,
        2,
        8,
        8,
        7,
        7,
        3,
        3,
        2,
        2,
        8,
        8,
        7,
        7,
        3,
        3,
        2,
        2,
        8,
        8,
        7,
        7,
        10,
        10,
        0,
        0,
        10,
        10,
        8,
        8,
        7,
        7,
        5,
        5,
        3,
        3,
        5,
        5,
        7,
        7,
        8,
        8,
        7,
        7,
        5,
        5,
        3,
        3,
        7,
        7,
        5,
        5,
        10,
        10,
        7,
        7,
        10,
        10,
        0,
        0,
        10,
        10,
        8,
        8,
        7,
        7,
        5,
        5,
        3,
        3,
        7,
        7,
        5,
        5,
        7,
        7,
        8,
        8,
        0,
        0,
        3,
        3,
        5,
        5,
        1,
        11,
        8,
        8,
        3,
        3,
        7,
        10,
        7,
        8,
        8,
        7,
        7,
        11,
        8,
        8,
        3,
        7,
        10,
        3,
        7,
        0,
        0,
        2,
        2,
        3,
        3,
        5,
        5,
        7,
        7,
        8,
        8,
        10,
        10,
        0,
        0,
        0,
        0,
        0,
        0,
        0,
        0,
        0,
        0,
        0,
        10,
        10,
        0,
        0,
        10,
        10,
        8,
        8,
        7,
        7,
        5,
        5,
        3,
        3,
        5,
        5,
        7,
        7,
        8,
        8,
        7,
        7,
        5,
        5,
        3,
        3,
        7,
        7,
        5,
        5,
        2,
        2,
        10,
        10,
        0,
        0,
        2,
        2,
        3,
        3,
        5,
        5,
        7,
        7,
        8,
        8,
        10,
        10,
        0,
        0,
        10,
        10,
        8,
        8,
        10,
        7,
        8,
        5,
        5,
        3,
        3,
        7,
        7,
        5,
        5,
        7,
        7,
        8,
        8,
        0,
        0,
        3,
        3,
        5,
        5,
        1,
        11,
        8,
        8,
        11,
        3,
        3,
        7,
        7,
        3,
        3,
        5,
        5,
        10,
        6,
        6,
        8,
        8,
        5,
        5,
        5,
        5,
        6,
        6,
        8,
        8,
        8,
        8,
        8,
        8,
        10,
        10,
        8,
        8,
        6,
        6,
        6,
        6,
        3,
        3,
        5,
        5,
        6,
        6,
        8,
        8,
        5,
        5,
        5,
        5,
        6,
        6,
        8,
        8,
        8,
        8,
        8,
        8,
        10,
        10,
        8,
        8,
        7,
        7,
        7,
        7,
        7,
        7,
        5,
        5,
        5,
        5,
        0,
        0,
        2,
        2,
        3,
        3,
        5,
        5,
        7,
        7,
        8,
        8,
        10,
        10,
        0,
        0,
        4,
        0,
        0,
        4,
        0,
        0,
        0,
        4,
        0,
        0,
        0,
        4,
        0,
        0,
        0,
        2,
        2,
        3,
        3,
        5,
        5,
        7,
        7,
        8,
        8,
        10,
        10,
        0,
        0,
        4,
        0,
        0,
        4,
        0,
        0,
        0,
        4,
        0,
        0,
        0,
        4,
        0
    ],