{
    "min_pitch": 43,
    "max_pitch": 84,
    "avg_pitch": 63.56521739130435,
    "avg_duration": 0.8253575852958944,
    "avg_position": 103.27376513134055,
    "note_density": 1.3970064669567888,
    "pitch_classes": [
        0,
        5,
        5,
        5,
        0,
        0,
        11,
        10,
        9,
        4,
        3,
        1,
        4,
        0,
        3,
        11,
        4,
        10,
        9,
        5,
        6,
        7,
        9,
        6,
        10,
        11,
        5,
        0,
        0,
        0,
        11,
        10,
        9,
        4,
        3,
        1,
        4,
        0,
        3,
        11,
        4,
        10,
        9,
        5,
        6,
        7,
        9,
        6,
        10,
        11,
        5,
        0,
        0,
        10,
        5,
        5,
        10,
        7,
        7,
        2,
        0,
        5,
        0,
        8,
        5,
        10,
        7,
        3,
        2,
        5,
        8,
        3,
        7,
        0,
        3,
        7,
        10,
        2,
        10,
        5,
        5,
        3,
        7,
        5,
        10,
        7,
        5,
        0,
        3,
        8,
        1,
        8,
        5,
        1,
        4,
        3,
        1,
        4,
        0,
        3,
        11,
        4,
        10,
        9,
        5,
        6,
        7,
        9,
        6,
        10,
        11,
        5,
        0,
        0,
        10,
        5,
        5,
        10,
        7,
        7,
        2,
        0,
        5,
        0,
        8,
        5,
        10,
        7,
        3,
        2,
        5,
        8,
        3,
        7,
        0,
        3,
        7,
        10,
        2,
        10,
        5,
        5,
        3,
        7,
        5,
        10,
        7,
        5,
        0,
        3,
        8,
        1,
        8,
        5,
        1,
        3,
        3,
        5,
        5,
        6,
        6,
        10,
        1,
        8,
        3,
        1,
        5,
        5,
        1,
        8,
        1,
        6,
        1,
        11,
        3,
        3,
        8,
        11,
        3,
        3,
        8,
        3,
        3,
        10,
        6,
        3,
        6,
        3,
        3,
        3,
        10,
        5,
        5,
        6,
        10,
        6,
        1,
        8,
        3,
        5,
        1,
        1,
        5,
        1,
        8,
        1,
        6,
        11,
        8,
        3,
        3,
        11,
        3,
        3,
        8,
        3,
        7,
        10,
        3,
        7,
        3,
        10,
        3,
        7,
        3,
        3,
        10,
        10,
        2,
        5,
        10,
        10,
        2,
        4,
        10,
        3,
        1,
        5,
        4,
        0,
        3,
        11,
        4,
        10,
        9,
        5,
        6,
        7,
        9,
        6,
        10,
        11,
        10,
        5,
        0,
        0,
        4,
        3,
        1,
        4,
        0,
        3,
        11,
        4,
        10,
        9,
        5,
        6,
        7,
        9,
        6,
        10,
        11,
        5,
        0,
        0
    ],
    "octaves": [
        5,
        4,
        5,
        6,
        6,
        6,
        5,
        5,
        5,
        6,
        6,
        5,
        6,
        5,
        6,
        4,
        6,
        4,
        4,
        6,
        6,
        4,
        6,
        4,
        6,
        6,
        4,
        7,
        4,
        6,
        5,
        5,
        5,
        6,
        6,
        5,
        6,
        5,
        6,
        4,
        6,
        4,
        4,
        6,
        6,
        4,
        6,
        4,
        6,
        6,
        4,
        7,
        4,
        3,
        4,
        5,
        4,
        3,
        4,
        4,
        5,
        5,
        6,
        5,
        5,
        5,
        5,
        5,
        5,
        5,
        5,
        5,
        5,
        5,
        5,
        5,
        3,
        5,
        4,
        5,
        5,
        5,
        5,
        5,
        4,
        5,
        4,
        5,
        5,
        5,
        4,
        4,
        5,
        5,
        6,
        6,
        5,
        6,
        5,
        6,
        4,
        6,
        4,
        4,
        6,
        6,
        4,
        6,
        4,
        6,
        6,
        4,
        7,
        4,
        3,
        4,
        5,
        4,
        3,
        4,
        4,
        5,
        5,
        6,
        5,
        5,
        5,
        5,
        5,
        5,
        5,
        5,
        5,
        5,
        5,
        5,
        5,
        3,
        5,
        4,
        5,
        5,
        5,
        5,
        5,
        4,
        5,
        4,
        5,
        5,
        5,
        4,
        4,
        5,
        5,
        4,
        5,
        4,
        5,
        5,
        4,
        4,
        5,
        5,
        5,
        4,
        5,
        5,
        4,
        4,
        5,
        5,
        4,
        4,
        5,
        4,
        5,
        4,
        5,
        4,
        5,
        4,
        5,
        4,
        5,
        4,
        5,
        4,
        5,
        5,
        4,
        4,
        5,
        5,
        4,
        4,
        5,
        5,
        5,
        5,
        4,
        4,
        5,
        5,
        4,
        4,
        5,
        4,
        5,
        5,
        4,
        4,
        4,
        5,
        5,
        4,
        5,
        4,
        5,
        5,
        4,
        4,
        5,
        5,
        5,
        4,
        4,
        3,
        5,
        5,
        4,
        4,
        5,
        6,
        4,
        6,
        5,
        5,
        6,
        5,
        6,
        4,
        6,
        4,
        4,
        6,
        6,
        4,
        6,
        4,
        6,
        6,
        3,
        4,
        7,
        4,
        6,
        6,
        5,
        6,
        5,
        6,
        4,
        6,
        4,
        4,
        6,
        6,
        4,
        6,
        4,
        6,
        6,
        4,
        7,
        4
    ]
}