{
    "min_pitch": 70,
    "max_pitch": 96,
    "avg_pitch": 83.51923076923077,
    "avg_duration": 0.1588452223557703,
    "avg_position": 83.944113447516,
    "note_density": 0.5263678174650548,
    "pitch_classes": [
        10,
        10,
        0,
        0,
        2,
        2,
        3,
        3,
        5,
        5,
        7,
        7,
        8,
        8,
        10,
        10,
        4,
        0,
        6,
        2,
        7,
        3,
        9,
        5,
        11,
        7,
        0,
        8,
        2,
        10,
        4,
        0,
        0,
        2,
        3,
        5,
        7,
        8,
        10,
        0,
        10,
        3,
        7,
        10,
        7,
        10,
        3,
        7,
        3,
        7,
        10,
        3,
        3,
        10,
        3,
        7,
        0,
        2,
        3,
        5,
        7,
        8,
        10,
        0,
        10,
        3,
        7,
        10,
        7,
        10,
        3,
        7,
        3,
        7,
        10,
        3,
        3,
        10,
        3,
        7,
        0,
        2,
        3,
        5,
        7,
        8,
        10,
        0,
        0,
        2,
        3,
        5,
        7,
        8,
        10,
        0,
        10,
        3,
        10,
        7,
        10,
        7,
        3,
        10
    ],
    "octaves": [
        6,
        5,
        7,
        6,
        7,
        6,
        7,
        6,
        7,
        6,
        7,
        6,
        7,
        6,
        7,
        6,
        6,
        7,
        6,
        7,
        6,
        7,
        6,
        7,
        6,
        7,
        7,
        7,
        7,
        7,
        7,
        8,
        7,
        7,
        7,
        7,
        7,
        7,
        7,
        8,
        6,
        7,
        6,
        6,
        6,
        6,
        6,
        6,
        6,
        6,
        5,
        6,
        6,
        5,
        6,
        6,
        7,
        7,
        7,
        7,
        7,
        7,
        7,
        8,
        6,
        7,
        6,
        6,
        6,
        6,
        6,
        6,
        6,
        6,
        5,
        6,
        6,
        5,
        6,
        6,
        7,
        7,
        7,
        7,
        7,
        7,
        7,
        8,
        7,
        7,
        7,
        7,
        7,
        7,
        7,
        8,
        6,
        7,
        6,
        6,
        6,
        6,
        6,
        5
    ]
}