{
    "min_pitch": 63,
    "max_pitch": 68,
    "avg_pitch": 65.25,
    "avg_duration": 2.35055921875,
    "avg_position": 182.0481188541667,
    "note_density": 0.020243361815771525,
    "pitch_classes": [
        8,
        3,
        7,
        3
    ],
    "octaves": [
        5,
        5,
        5,
        5
    ]
}