{
    "min_pitch": 48,
    "max_pitch": 92,
    "avg_pitch": 78.06666666666666,
    "avg_duration": 0.2654376435185186,
    "avg_position": 90.15649904166665,
    "note_density": 0.22770285806745122,
    "pitch_classes": [
        2,
        2,
        10,
        10,
        0,
        0,
        2,
        2,
        3,
        3,
        5,
        5,
        7,
        7,
        8,
        8,
        0,
        10,
        0,
        3,
        7,
        10,
        0,
        3,
        7,
        0,
        10,
        8,
        7,
        2,
        2,
        10,
        10,
        0,
        0,
        2,
        2,
        3,
        3,
        5,
        5,
        7,
        7,
        8,
        8
    ],
    "octaves": [
        7,
        6,
        5,
        6,
        7,
        6,
        7,
        6,
        7,
        6,
        6,
        7,
        6,
        7,
        7,
        6,
        4,
        4,
        5,
        5,
        5,
        5,
        6,
        6,
        6,
        7,
        6,
        6,
        6,
        7,
        6,
        5,
        6,
        7,
        6,
        7,
        6,
        7,
        6,
        6,
        7,
        6,
        7,
        7,
        6
    ]
}