{
    "min_pitch": 39,
    "max_pitch": 87,
    "avg_pitch": 65.0377358490566,
    "avg_duration": 0.34335249213836644,
    "avg_position": 152.6652341745283,
    "note_density": 0.268162781963876,
    "pitch_classes": [
        0,
        3,
        10,
        5,
        0,
        10,
        3,
        5,
        8,
        10,
        1,
        11,
        10,
        3,
        5,
        7,
        8,
        10,
        11,
        1,
        3,
        5,
        7,
        8,
        10,
        3,
        5,
        10,
        3,
        7,
        5,
        0,
        10,
        3,
        0,
        10,
        7,
        5,
        3,
        0,
        10,
        7,
        5,
        3,
        0,
        10,
        0,
        3,
        10,
        0,
        10,
        3,
        5
    ],
    "octaves": [
        4,
        4,
        3,
        4,
        5,
        4,
        5,
        5,
        5,
        5,
        5,
        4,
        4,
        5,
        5,
        5,
        5,
        5,
        5,
        6,
        6,
        6,
        6,
        6,
        6,
        3,
        6,
        6,
        4,
        4,
        4,
        5,
        4,
        7,
        7,
        6,
        6,
        6,
        6,
        6,
        5,
        5,
        5,
        5,
        5,
        3,
        4,
        4,
        4,
        5,
        5,
        5,
        5
    ]
}