{
    "min_pitch": 41,
    "max_pitch": 41,
    "avg_pitch": 41.0,
    "avg_duration": 0.048922578125000525,
    "avg_position": 40.85035273437501,
    "note_density": 0.12142288343503112,
    "pitch_classes": [
        5,
        5,
        5,
        5,
        5,
        5,
        5,
        5,
        5,
        5,
        5,
        5,
        5,
        5,
        5,
        5,
        5,
        5,
        5,
        5,
        5,
        5,
        5,
        5
    ],
    "octaves": [
        3,
        3,
        3,
        3,
        3,
        3,
        3,
        3,
        3,
        3,
        3,
        3,
        3,
        3,
        3,
        3,
        3,
        3,
        3,
        3,
        3,
        3,
        3,
        3
    ]
}