{
    "min_pitch": 46,
    "max_pitch": 75,
    "avg_pitch": 61.31907894736842,
    "avg_duration": 0.4326484464089908,
    "avg_position": 111.99912078193529,
    "note_density": 1.5376691495734567,
    "pitch_classes": [
        10,
        10,
        10,
        10,
        10,
        10,
        10,
        0,
        10,
        8,
        7,
        5,
        10,
        2,
        10,
        0,
        10,
        2,
        10,
        3,
        10,
        3,
        10,
        3,
        10,
        3,
        0,
        5,
        10,
        3,
        8,
        2,
        7,
        0,
        10,
        3,
        10,
        2,
        10,
        10,
        10,
        10,
        10,
        10,
        10,
        0,
        10,
        8,
        7,
        2,
        2,
        3,
        7,
        0,
        3,
        5,
        8,
        0,
        7,
        10,
        2,
        5,
        8,
        0,
        3,
        5,
        8,
        0,
        3,
        5,
        8,
        0,
        3,
        5,
        8,
        0,
        3,
        5,
        8,
        0,
        3,
        5,
        8,
        0,
        3,
        5,
        8,
        11,
        5,
        8,
        7,
        10,
        1,
        7,
        10,
        8,
        11,
        8,
        11,
        7,
        10,
        7,
        10,
        3,
        8,
        11,
        8,
        11,
        7,
        10,
        7,
        10,
        3,
        10,
        10,
        10,
        10,
        10,
        10,
        10,
        0,
        10,
        8,
        7,
        5,
        10,
        2,
        10,
        0,
        10,
        2,
        10,
        3,
        10,
        3,
        10,
        3,
        10,
        3,
        0,
        5,
        10,
        3,
        8,
        2,
        7,
        0,
        10,
        3,
        10,
        2,
        10,
        10,
        10,
        10,
        10,
        10,
        10,
        0,
        10,
        8,
        7,
        2,
        2,
        3,
        7,
        0,
        3,
        5,
        8,
        0,
        7,
        10,
        2,
        5,
        8,
        0,
        3,
        5,
        8,
        0,
        3,
        5,
        8,
        0,
        3,
        5,
        8,
        0,
        3,
        5,
        8,
        0,
        3,
        5,
        8,
        0,
        3,
        11,
        7,
        11,
        1,
        1,
        8,
        1,
        1,
        10,
        1,
        1,
        10,
        1,
        1,
        1,
        5,
        3,
        1,
        8,
        5,
        1,
        1,
        3,
        8,
        1,
        1,
        3,
        8,
        1,
        3,
        5,
        11,
        3,
        3,
        5,
        11,
        3,
        3,
        5,
        11,
        3,
        3,
        11,
        3,
        3,
        11,
        3,
        3,
        10,
        3,
        3,
        10,
        3,
        10,
        6,
        10,
        1,
        1,
        8,
        1,
        1,
        10,
        1,
        1,
        10,
        1,
        1,
        1,
        5,
        3,
        1,
        8,
        5,
        1,
        1,
        3,
        8,
        1,
        1,
        3,
        8,
        1,
        3,
        5,
        11,
        3,
        3,
        5,
        11,
        3,
        3,
        5,
        11,
        3,
        3,
        11,
        3,
        3,
        11,
        3,
        3,
        10,
        3,
        3,
        10,
        3
    ],
    "octaves": [
        3,
        3,
        3,
        4,
        4,
        4,
        4,
        5,
        4,
        4,
        4,
        4,
        4,
        5,
        4,
        5,
        4,
        5,
        4,
        5,
        4,
        5,
        4,
        5,
        4,
        5,
        5,
        5,
        4,
        5,
        4,
        5,
        4,
        5,
        4,
        5,
        4,
        5,
        3,
        3,
        3,
        4,
        4,
        4,
        4,
        5,
        4,
        4,
        4,
        4,
        4,
        4,
        4,
        5,
        5,
        4,
        4,
        5,
        4,
        4,
        5,
        4,
        4,
        5,
        5,
        4,
        4,
        5,
        5,
        4,
        4,
        5,
        5,
        4,
        4,
        5,
        5,
        4,
        4,
        5,
        5,
        4,
        4,
        5,
        5,
        4,
        4,
        4,
        5,
        5,
        4,
        4,
        5,
        5,
        5,
        4,
        4,
        5,
        5,
        4,
        4,
        5,
        5,
        5,
        4,
        4,
        5,
        5,
        4,
        4,
        5,
        5,
        5,
        3,
        3,
        3,
        4,
        4,
        4,
        4,
        5,
        4,
        4,
        4,
        4,
        4,
        5,
        4,
        5,
        4,
        5,
        4,
        5,
        4,
        5,
        4,
        5,
        4,
        5,
        5,
        5,
        4,
        5,
        4,
        5,
        4,
        5,
        4,
        5,
        4,
        5,
        3,
        3,
        3,
        4,
        4,
        4,
        4,
        5,
        4,
        4,
        4,
        4,
        4,
        4,
        4,
        5,
        5,
        4,
        4,
        5,
        4,
        4,
        5,
        4,
        4,
        5,
        5,
        4,
        4,
        5,
        5,
        4,
        4,
        5,
        5,
        4,
        4,
        5,
        5,
        4,
        4,
        5,
        5,
        4,
        4,
        5,
        5,
        4,
        5,
        5,
        5,
        5,
        5,
        6,
        5,
        5,
        6,
        5,
        5,
        6,
        5,
        5,
        5,
        6,
        5,
        4,
        5,
        6,
        5,
        5,
        5,
        6,
        5,
        5,
        5,
        6,
        5,
        5,
        5,
        6,
        5,
        5,
        5,
        6,
        5,
        5,
        5,
        6,
        5,
        5,
        6,
        5,
        5,
        6,
        5,
        5,
        6,
        5,
        5,
        6,
        4,
        5,
        5,
        5,
        5,
        5,
        6,
        5,
        5,
        6,
        5,
        5,
        6,
        5,
        5,
        5,
        6,
        5,
        4,
        5,
        6,
        5,
        5,
        5,
        6,
        5,
        5,
        5,
        6,
        5,
        5,
        5,
        6,
        5,
        5,
        5,
        6,
        5,
        5,
        5,
        6,
        5,
        5,
        6,
        5,
        5,
        6,
        5,
        5,
        6,
        5,
        5,
        6
    ]
}