{
    "min_pitch": 55,
    "max_pitch": 74,
    "avg_pitch": 61.81485714285714,
    "avg_duration": 0.6596205357142857,
    "avg_position": 124.08978794642857,
    "note_density": 3.6174250070652834,
    "pitch_classes": [
        2,
        6,
        9,
        2,
        6,
        9,
        2,
        9,
        6,
        2,
        1,
        2,
        6,
        9,
        2,
        6,
        9,
        2,
        2,
        9,
        6,
        2,
        1,
        2,
        6,
        9,
        2,
        2,
        6,
        9,
        2,
        9,
        6,
        2,
        1,
        2,
        6,
        9,
        2,
        9,
        6,
        2,
        6,
        9,
        2,
        4,
        2,
        4,
        9,
        6,
        9,
        2,
        9,
        6,
        2,
        4,
        1,
        9,
        1,
        9,
        4,
        9,
        9,
        6,
        2,
        6,
        9,
        2,
        2,
        6,
        9,
        2,
        4,
        9,
        9,
        6,
        2,
        9,
        9,
        2,
        9,
        6,
        9,
        1,
        9,
        1,
        9,
        6,
        4,
        7,
        11,
        2,
        6,
        4,
        1,
        9,
        9,
        9,
        1,
        4,
        4,
        7,
        11,
        7,
        11,
        4,
        1,
        9,
        9,
        1,
        9,
        4,
        7,
        4,
        11,
        7,
        11,
        4,
        1,
        9,
        9,
        1,
        9,
        4,
        7,
        4,
        11,
        7,
        11,
        4,
        1,
        9,
        9,
        1,
        4,
        9,
        6,
        2,
        9,
        2,
        6,
        9,
        9,
        2,
        6,
        9,
        2,
        4,
        9,
        2,
        6,
        9,
        9,
        2,
        6,
        9,
        4,
        1,
        9,
        1,
        9,
        4,
        9,
        6,
        2,
        9,
        9,
        2,
        6,
        9,
        2,
        6,
        9,
        4,
        2,
        9,
        9,
        2,
        9,
        6,
        9,
        2,
        9,
        1,
        6,
        9,
        9,
        1,
        9,
        6,
        4,
        11,
        7,
        2,
        6,
        4,
        1,
        9,
        9,
        1,
        4,
        9,
        7,
        4,
        11,
        7,
        11,
        4,
        1,
        9,
        9,
        1,
        4,
        9,
        7,
        4,
        11,
        7,
        11,
        4,
        1,
        9,
        9,
        1,
        9,
        4,
        7,
        4,
        11,
        7,
        11,
        4,
        9,
        1,
        9,
        9,
        2,
        6,
        9,
        2,
        6,
        9,
        0,
        6,
        9,
        9,
        0,
        6,
        9,
        2,
        11,
        7,
        2,
        7,
        2,
        11,
        7,
        7,
        11,
        7,
        2,
        7,
        7,
        4,
        11,
        11,
        7,
        11,
        4,
        1,
        9,
        9,
        1,
        4,
        9,
        1,
        9,
        6,
        9,
        1,
        9,
        6,
        11,
        9,
        1,
        9,
        9,
        1,
        11,
        3,
        6,
        11,
        11,
        3,
        11,
        6,
        11,
        3,
        6,
        11,
        1,
        11,
        3,
        6,
        4,
        7,
        11,
        11,
        4,
        7,
        11,
        11,
        7,
        4,
        11,
        11,
        4,
        11,
        7,
        2,
        7,
        11,
        11,
        2,
        7,
        11,
        4,
        1,
        4,
        9,
        1,
        4,
        9,
        2,
        6,
        9,
        9,
        2,
        6,
        9,
        9,
        0,
        6,
        9,
        9,
        6,
        0,
        9,
        2,
        11,
        7,
        7,
        11,
        2,
        7,
        7,
        7,
        7,
        2,
        11,
        11,
        7,
        2,
        7,
        11,
        4,
        7,
        11,
        11,
        7,
        11,
        4,
        1,
        9,
        9,
        1,
        4,
        9,
        1,
        9,
        6,
        11,
        9,
        6,
        11,
        9,
        1,
        6,
        9,
        1,
        9,
        11,
        3,
        6,
        11,
        11,
        1,
        11,
        6,
        3,
        11,
        11,
        3,
        6,
        11,
        7,
        4,
        11,
        11,
        4,
        7,
        11,
        11,
        4,
        7,
        11,
        4,
        7,
        11,
        2,
        6,
        9,
        9,
        2,
        6,
        9,
        2,
        6,
        9,
        2,
        6,
        9,
        1,
        4,
        9,
        11,
        4,
        9,
        9,
        11,
        1,
        4,
        9,
        6,
        2,
        9,
        9,
        2,
        6,
        9,
        4,
        1,
        9,
        1,
        9,
        4,
        9,
        2,
        6,
        9,
        2,
        4,
        9,
        6,
        2,
        9,
        2,
        6,
        9,
        9,
        9,
        2,
        6,
        9,
        2,
        6,
        9,
        9,
        1,
        6,
        9,
        1,
        6,
        9,
        4,
        7,
        11,
        2,
        6,
        4,
        1,
        9,
        9,
        1,
        4,
        9,
        7,
        4,
        11,
        7,
        11,
        4,
        1,
        9,
        9,
        1,
        9,
        4,
        7,
        4,
        11,
        11,
        7,
        11,
        4,
        4,
        1,
        9,
        1,
        9,
        4,
        7,
        4,
        11,
        7,
        11,
        4,
        1,
        1,
        9,
        4,
        9,
        2,
        6,
        9,
        9,
        2,
        6,
        9,
        9,
        0,
        9,
        6,
        9,
        0,
        6,
        9,
        2,
        11,
        7,
        2,
        11,
        7,
        7,
        2,
        11,
        7,
        7,
        7,
        11,
        6,
        2,
        11,
        4,
        7,
        11,
        11,
        7,
        11,
        4,
        4,
        1,
        9,
        9,
        4,
        1,
        9,
        1,
        6,
        9,
        11,
        9,
        6,
        11,
        9,
        9,
        1,
        6,
        9,
        9,
        9,
        1,
        6,
        11,
        3,
        6,
        11,
        11,
        1,
        11,
        3,
        6,
        11,
        11,
        3,
        6,
        11,
        7,
        4,
        11,
        7,
        4,
        11,
        11,
        4,
        7,
        11,
        11,
        7,
        4,
        4,
        11,
        2,
        7,
        11,
        2,
        7,
        11,
        4,
        1,
        9,
        9,
        1,
        4,
        9,
        6,
        9,
        2,
        9,
        2,
        6,
        9,
        0,
        9,
        6,
        9,
        0,
        6,
        9,
        11,
        2,
        7,
        7,
        11,
        2,
        7,
        7,
        7,
        2,
        7,
        11,
        7,
        7,
        11,
        2,
        6,
        4,
        7,
        11,
        11,
        7,
        11,
        4,
        1,
        4,
        9,
        9,
        1,
        4,
        9,
        9,
        1,
        6,
        9,
        9,
        1,
        9,
        6,
        9,
        1,
        6,
        9,
        9,
        1,
        9,
        6,
        11,
