{
    "min_pitch": 62,
    "max_pitch": 74,
    "avg_pitch": 68.62,
    "avg_duration": 0.5568359375,
    "avg_position": 170.5078125,
    "note_density": 0.26529872014093997,
    "pitch_classes": [
        6,
        4,
        6,
        9,
        2,
        2,
        2,
        2,
        1,
        1,
        11,
        11,
        9,
        9,
        7,
        9,
        11,
        9,
        1,
        1,
        1,
        11,
        11,
        9,
        9,
        7,
        6,
        9,
        7,
        6,
        7,
        11,
        11,
        11,
        9,
        9,
        7,
        7,
        6,
        4,
        7,
        6,
        4,
        6,
        6,
        4,
        2,
        6,
        9,
        2
    ],
    "octaves": [
        5,
        5,
        5,
        5,
        5,
        6,
        6,
        6,
        6,
        6,
        5,
        5,
        5,
        5,
        5,
        5,
        5,
        5,
        6,
        6,
        6,
        5,
        5,
        5,
        5,
        5,
        5,
        5,
        5,
        5,
        5,
        5,
        5,
        5,
        5,
        5,
        5,
        5,
        5,
        5,
        5,
        5,
        5,
        5,
        5,
        5,
        5,
        5,
        5,
        6
    ]
}