{
    "min_pitch": 62,
    "max_pitch": 74,
    "avg_pitch": 68.3609022556391,
    "avg_duration": 0.8111709938909775,
    "avg_position": 138.91267475328948,
    "note_density": 1.0995196383159085,
    "pitch_classes": [
        2,
        1,
        9,
        6,
        2,
        1,
        9,
        6,
        2,
        1,
        9,
        6,
        6,
        4,
        2,
        2,
        1,
        7,
        6,
        4,
        7,
        4,
        7,
        6,
        4,
        7,
        6,
        4,
        6,
        4,
        2,
        2,
        1,
        7,
        6,
        4,
        7,
        6,
        4,
        7,
        6,
        4,
        7,
        6,
        4,
        2,
        2,
        2,
        2,
        1,
        1,
        11,
        11,
        9,
        9,
        7,
        9,
        11,
        9,
        1,
        1,
        11,
        11,
        9,
        9,
        7,
        6,
        9,
        7,
        11,
        11,
        9,
        9,
        7,
        7,
        6,
        4,
        7,
        6,
        6,
        4,
        2,
        6,
        9,
        2,
        2,
        2,
        1,
        1,
        11,
        11,
        9,
        9,
        7,
        9,
        11,
        9,
        1,
        1,
        11,
        11,
        9,
        9,
        7,
        6,
        9,
        7,
        9,
        11,
        6,
        7,
        9,
        4,
        6,
        4,
        2,
        2,
        1,
        7,
        6,
        4,
        7,
        7,
        6,
        4,
        4,
        7,
        7,
        7,
        7,
        6,
        4,
        7,
        7,
        7,
        7,
        7,
        6,
        4,
        2,
        4,
        6,
        4,
        2,
        6,
        9,
        2,
        2,
        2,
        2,
        1,
        1,
        11,
        11,
        9,
        9,
        7,
        9,
        11,
        9,
        1,
        1,
        11,
        11,
        9,
        9,
        7,
        6,
        9,
        7,
        11,
        11,
        9,
        9,
        7,
        7,
        6,
        6,
        4,
        6,
        6,
        4,
        2,
        6,
        9,
        2,
        2,
        2,
        1,
        1,
        11,
        11,
        9,
        9,
        7,
        9,
        11,
        9,
        1,
        1,
        11,
        11,
        9,
        9,
        7,
        6,
        9,
        7,
        11,
        11,
        9,
        9,
        7,
        7,
        6,
        6,
        4,
        6,
        6,
        4,
        6,
        2,
        2,
        9,
        2,
        2,
        2,
        1,
        1,
        11,
        11,
        9,
        9,
        7,
        9,
        11,
        9,
        1,
        1,
        11,
        11,
        9,
        9,
        7,
        6,
        8,
        9,
        7,
        9,
        11,
        6,
        7,
        9,
        4,
        2,
        2,
        4,
        6,
        6,
        6,
        6,
        6,
        4,
        7,
        4,
        2
    ],
    "octaves": [
        6,
        6,
        5,
        5,
        6,
        6,
        5,
        5,
        6,
        6,
        5,
        5,
        5,
        5,
        5,
        6,
        6,
        5,
        5,
        5,
        5,
        5,
        5,
        5,
        5,
        5,
        5,
        5,
        5,
        5,
        5,
        6,
        6,
        5,
        5,
        5,
        5,
        5,
        5,
        5,
        5,
        5,
        5,
        5,
        5,
        5,
        6,
        6,
        6,
        6,
        6,
        5,
        5,
        5,
        5,
        5,
        5,
        5,
        5,
        6,
        6,
        5,
        5,
        5,
        5,
        5,
        5,
        5,
        5,
        5,
        5,
        5,
        5,
        5,
        5,
        5,
        5,
        5,
        5,
        5,
        5,
        5,
        5,
        5,
        6,
        6,
        6,
        6,
        6,
        5,
        5,
        5,
        5,
        5,
        5,
        5,
        5,
        6,
        6,
        5,
        5,
        5,
        5,
        5,
        5,
        5,
        5,
        5,
        5,
        5,
        5,
        5,
        5,
        5,
        5,
        5,
        6,
        6,
        5,
        5,
        5,
        5,
        5,
        5,
        5,
        5,
        5,
        5,
        5,
        5,
        5,
        5,
        5,
        5,
        5,
        5,
        5,
        5,
        5,
        5,
        5,
        5,
        5,
        5,
        5,
        5,
        6,
        6,
        6,
        6,
        6,
        6,
        5,
        5,
        5,
        5,
        5,
        5,
        5,
        5,
        6,
        6,
        5,
        5,
        5,
        5,
        5,
        5,
        5,
        5,
        5,
        5,
        5,
        5,
        5,
        5,
        5,
        5,
        5,
        5,
        5,
        5,
        5,
        5,
        5,
        6,
        6,
        6,
        6,
        6,
        5,
        5,
        5,
        5,
        5,
        5,
        5,
        5,
        6,
        6,
        5,
        5,
        5,
        5,
        5,
        5,
        5,
        5,
        5,
        5,
        5,
        5,
        5,
        5,
        5,
        5,
        5,
        5,
        5,
        5,
        5,
        5,
        6,
        5,
        6,
        6,
        6,
        6,
        6,
        5,
        5,
        5,
        5,
        5,
        5,
        5,
        5,
        6,
        6,
        5,
        5,
        5,
        5,
        5,
        5,
        5,
        5,
        5,
        5,
        5,
        5,
        5,
        5,
        5,
        5,
        5,
        5,
        5,
        5,
        5,
        5,
        5,
        5,
        5,
        5,
        5
    ]
}