{
    "min_pitch": 47,
    "max_pitch": 86,
    "avg_pitch": 62.072916666666664,
    "avg_duration": 2.1119384765625,
    "avg_position": 130.4684041341146,
    "note_density": 1.9997558891736849,
    "pitch_classes": [
        9,
        2,
        6,
        9,
        6,
        2,
        9,
        9,
        2,
        6,
        4,
        9,
        1,
        9,
        2,
        6,
        9,
        6,
        2,
        9,
        9,
        1,
        6,
        7,
        11,
        4,
        1,
        4,
        9,
        4,
        11,
        4,
        7,
        4,
        9,
        1,
        11,
        4,
        7,
        4,
        9,
        1,
        4,
        7,
        11,
        7,
        4,
        11,
        4,
        1,
        9,
        4,
        6,
        9,
        2,
        9,
        9,
        2,
        6,
        4,
        9,
        1,
        9,
        2,
        6,
        6,
        9,
        2,
        9,
        6,
        9,
        1,
        7,
        11,
        4,
        4,
        1,
        9,
        4,
        11,
        4,
        7,
        4,
        9,
        1,
        11,
        4,
        7,
        4,
        9,
        1,
        7,
        11,
        4,
        1,
        4,
        9,
        4,
        9,
        2,
        6,
        9,
        2,
        9,
        9,
        6,
        2,
        2,
        9,
        6,
        2,
        9,
        7,
        2,
        11,
        2,
        7,
        2,
        7,
        11,
        2,
        7,
        11,
        11,
        4,
        7,
        4,
        4,
        4,
        9,
        1,
        9,
        6,
        6,
        1,
        9,
        1,
        3,
        6,
        6,
        11,
        6,
        11,
        4,
        11,
        7,
        4,
        7,
        2,
        2,
        7,
        11,
        7,
        4,
        4,
        9,
        1,
        9,
        4,
        9,
        1,
        1,
        4,
        9,
        2,
        6,
        6,
        9,
        2,
        6,
        9,
        9,
        2,
        7,
        2,
        2,
        11,
        7,
        7,
        11,
        2,
        7,
        2,
        11,
        11,
        4,
        7,
        4,
        9,
        4,
        4,
        1,
        9,
        6,
        1,
        9,
        6,
        1,
        6,
        1,
        10,
        1,
        10,
        6,
        3,
        6,
        11,
        6,
        11,
        4,
        4,
        7,
        11,
        7,
        9,
        9,
        2,
        6,
        2,
        4,
        9,
        1,
        1,
        4,
        4,
        9,
        1,
        4,
        9,
        4,
        9,
        1,
        9,
        2,
        6,
        4,
        9,
        1,
        9,
        2,
        6,
        9,
        6,
        2,
        9,
        9,
        6,
        1,
        7,
        4,
        11,
        1,
        4,
        9,
        4,
        11,
        4,
        7,
        4,
        9,
        1,
        4,
        11,
        7,
        4,
        9,
        1,
        11,
        4,
        7,
        7,
        11,
        4,
        1,
        4,
        9,
        4,
        9,
        6,
        2,
        9,
        2,
        9,
        9,
        6,
        2,
        7,
        11,
        2,
        2,
        7,
        2,
        7,
        11,
        7,
        2,
        4,
        11,
        7,
        4,
        7,
        11,
        11,
        4,
        4,
        4,
        4,
        9,
        1,
        9,
        6,
        1,
        9,
        1,
        6,
        6,
        3,
        6,
        11,
        6,
        11,
        4,
        7,
        4,
        7,
        11,
        11,
        11,
        4,
        7,
        4,
        2,
        2,
        7,
        11,
        7,
        9,
        4,
        4,
        1,
        9,
        9,
        2,
        6,
        6,
        9,
        9,
        2,
        6,
        9,
        2,
        7,
        2,
        11,
        2,
        7,
        7,
        2,
        2,
        11,
        7,
        11,
        4,
        7,
        11,
        4,
        11,
        11,
        4,
        7,
        4,
        9,
        4,
        4,
        1,
        9,
        6,
        1,
        1,
        6,
        9,
        3,
        6,
        6,
        11,
        11,
        6,
        4,
        4,
        7,
        11,
        7,
        4,
        11,
        11,
        7,
        4,
        2,
        2,
        7,
        11,
        7,
        4,
        4,
        9,
        1,
        9,
        9,
        4,
        1,
        4,
        1,
        9,
        2,
        6,
        9,
        6,
        9,
        9,
        2,
        6,
        2,
        2,
        7,
        11,
        2,
        7,
        4,
        11,
        11,
        7,
        4,
        4,
        4,
        9,
        1,
        9,
        6,
        1,
        9,
        1,
        6,
        9,
        1,
        6,
        1,
        6,
        1,
        3,
        6,
        6,
        11,
        11,
        6,
        4,
        4,
        7,
        7,
        11,
        9,
        9,
        2,
        6,
        2,
        4,
        9,
        1,
        4,
        1,
        4,
        4,
        9,
        1,
        9,
        9,
        2,
        6,
        4,
        9,
        1
    ],