{
    "min_pitch": 47,
    "max_pitch": 57,
    "avg_pitch": 52.651162790697676,
    "avg_duration": 0.6779917635658915,
    "avg_position": 119.97505601986434,
    "note_density": 1.0753938209793625,
    "pitch_classes": [
        2,
        2,
        9,
        2,
        2,
        2,
        2,
        2,
        2,
        2,
        2,
        2,
        2,
        2,
        6,
        9,
        2,
        9,
        4,
        9,
        2,
        2,
        2,
        2,
        6,
        9,
        1,
        4,
        4,
        9,
        1,
        4,
        4,
        9,
        4,
        9,
        4,
        4,
        9,
        4,
        9,
        9,
        9,
        2,
        2,
        2,
        6,
        9,
        2,
        9,
        4,
        9,
        2,
        2,
        2,
        2,
        6,
        9,
        1,
        4,
        4,
        9,
        1,
        4,
        4,
        9,
        4,
        9,
        4,
        4,
        9,
        4,
        9,
        9,
        9,
        2,
        2,
        2,
        2,
        7,
        7,
        7,
        7,
        7,
        4,
        4,
        9,
        1,
        4,
        6,
        6,
        6,
        6,
        1,
        11,
        11,
        11,
        4,
        4,
        4,
        7,
        7,
        9,
        1,
        4,
        9,
        2,
        2,
        2,
        7,
        7,
        7,
        7,
        4,
        4,
        9,
        1,
        4,
        6,
        6,
        6,
        6,
        6,
        11,
        11,
        11,
        4,
        4,
        4,
        2,
        2,
        2,
        6,
        9,
        9,
        9,
        9,
        9,
        2,
        9,
        4,
        9,
        2,
        2,
        2,
        2,
        6,
        9,
        1,
        4,
        4,
        9,
        1,
        4,
        4,
        9,
        4,
        9,
        4,
        4,
        9,
        4,
        9,
        9,
        9,
        2,
        2,
        2,
        7,
        7,
        7,
        7,
        4,
        4,
        9,
        1,
        4,
        6,
        6,
        6,
        6,
        1,
        11,
        11,
        11,
        4,
        4,
        4,
        7,
        7,
        9,
        1,
        4,
        2,
        2,
        2,
        7,
        7,
        7,
        7,
        7,
        4,
        4,
        4,
        9,
        1,
        4,
        6,
        6,
        6,
        6,
        1,
        11,
        11,
        11,
        4,
        4,
        4,
        7,
        7,
        9,
        1,
        4,
        2,
        2,
        2,
        7,
        7,
        7,
        7,
        4,
        4,
        9,
        1,
        4,
        6,
        6,
        6,
        6,
        1,
        11,
        11,
        11,
        4,
        4,
        4,
        2,
        2,
        2,
        6,
        9,
        9,
        9,
        9,
        2,
        9,
        4,
        9
    ],
    "octaves": [
        4,
        4,
        4,
        4,
        4,
        4,
        4,
        4,
        4,
        4,
        4,
        4,
        4,
        4,
        4,
        4,
        4,
        4,
        4,
        4,
        4,
        4,
        4,
        4,
        4,
        4,
        4,
        4,
        4,
        4,
        4,
        4,
        4,
        4,
        4,
        4,
        4,
        4,
        4,
        4,
        4,
        4,
        4,
        4,
        4,
        4,
        4,
        4,
        4,
        4,
        4,
        4,
        4,
        4,
        4,
        4,
        4,
        4,
        4,
        4,
        4,
        4,
        4,
        4,
        4,
        4,
        4,
        4,
        4,
        4,
        4,
        4,
        4,
        4,
        4,
        4,
        4,
        4,
        4,
        4,
        4,
        4,
        4,
        4,
        4,
        4,
        4,
        4,
        4,
        4,
        4,
        4,
        4,
        4,
        3,
        3,
        3,
        4,
        4,
        4,
        4,
        4,
        4,
        4,
        4,
        4,
        4,
        4,
        4,
        4,
        4,
        4,
        4,
        4,
        4,
        4,
        4,
        4,
        4,
        4,
        4,
        4,
        4,
        3,
        3,
        3,
        4,
        4,
        4,
        4,
        4,
        4,
        4,
        4,
        4,
        4,
        4,
        4,
        4,
        4,
        4,
        4,
        4,
        4,
        4,
        4,
        4,
        4,
        4,
        4,
        4,
        4,
        4,
        4,
        4,
        4,
        4,
        4,
        4,
        4,
        4,
        4,
        4,
        4,
        4,
        4,
        4,
        4,
        4,
        4,
        4,
        4,
        4,
        4,
        4,
        4,
        4,
        4,
        4,
        4,
        4,
        4,
        3,
        3,
        3,
        4,
        4,
        4,
        4,
        4,
        4,
        4,
        4,
        4,
        4,
        4,
        4,
        4,
        4,
        4,
        4,
        4,
        4,
        4,
        4,
        4,
        4,
        4,
        4,
        4,
        4,
        4,
        3,
        3,
        3,
        4,
        4,
        4,
        4,
        4,
        4,
        4,
        4,
        4,
        4,
        4,
        4,
        4,
        4,
        4,
        4,
        4,
        4,
        4,
        4,
        4,
        4,
        4,
        4,
        4,
        3,
        3,
        3,
        4,
        4,
        4,
        4,
        4,
        4,
        4,
        4,
        4,
        4,
        4,
        4,
        4,
        4,
        4
    ]
}