{
    "min_pitch": 59,
    "max_pitch": 59,
    "avg_pitch": 59.0,
    "avg_duration": 0.3150082940924658,
    "avg_position": 118.92571436215754,
    "note_density": 1.2115397082658024,
    "pitch_classes": [
        11,
        11,
        11,
        11,
        11,
        11,
        11,
        11,
        11,
        11,
        11,
        11,
        11,
        11,
        11,
        11,
        11,
        11,
        11,
        11,
        11,
        11,
        11,
        11,
        11,
        11,
        11,
        11,
        11,
        11,
        11,
        11,
        11,
        11,
        11,
        11,
        11,
        11,
        11,
        11,
        11,
        11,
        11,
        11,
        11,
        11,
        11,
        11,
        11,
        11,
        11,
        11,
        11,
        11,
        11,
        11,
        11,
        11,
        11,
        11,
        11,
        11,
        11,
        11,
        11,
        11,
        11,
        11,
        11,
        11,
        11,
        11,
        11,
        11,
        11,
        11,
        11,
        11,
        11,
        11,
        11,
        11,
        11,
        11,
        11,
        11,
        11,
        11,
        11,
        11,
        11,
        11,
        11,
        11,
        11,
        11,
        11,
        11,
        11,
        11,
        11,
        11,
        11,
        11,
        11,
        11,
        11,
        11,
        11,
        11,
        11,
        11,
        11,
        11,
        11,
        11,
        11,
        11,
        11,
        11,
        11,
        11,
        11,
        11,
        11,
        11,
        11,
        11,
        11,
        11,
        11,
        11,
        11,
        11,
        11,
        11,
        11,
        11,
        11,
        11,
        11,
        11,
        11,
        11,
        11,
        11,
        11,
        11,
        11,
        11,
        11,
        11,
        11,
        11,
        11,
        11,
        11,
        11,
        11,
        11,
        11,
        11,
        11,
        11,
        11,
        11,
        11,
        11,
        11,
        11,
        11,
        11,
        11,
        11,
        11,
        11,
        11,
        11,
        11,
        11,
        11,
        11,
        11,
        11,
        11,
        11,
        11,
        11,
        11,
        11,
        11,
        11,
        11,
        11,
        11,
        11,
        11,
        11,
        11,
        11,
        11,
        11,
        11,
        11,
        11,
        11,
        11,
        11,
        11,
        11,
        11,
        11,
        11,
        11,
        11,
        11,
        11,
        11,
        11,
        11,
        11,
        11,
        11,
        11,
        11,
        11,
        11,
        11,
        11,
        11,
        11,
        11,
        11,
        11,
        11,
        11,
        11,
        11,
        11,
        11,
        11,
        11,
        11,
        11,
        11,
        11,
        11,
        11,
        11,
        11,
        11,
        11,
        11,
        11,
        11,
        11,
        11,
        11,
        11,
        11,
        11,
        11,
        11,
        11,
        11,
        11,
        11,
        11,
        11,
        11,
        11,
        11,
        11,
        11,
        11,
        11,
        11,
        11,
        11,
        11,
        11,
        11,
        11,
        11,
        11,
        11,
        11,
        11,
        11,
        11,
        11,
        11
    ],
    "octaves": [
        4,
        4,
        4,
        4,
        4,
        4,
        4,
        4,
        4,
        4,
        4,
        4,
        4,
        4,
        4,
        4,
        4,
        4,
        4,
        4,
        4,
        4,
        4,
        4,
        4,
        4,
        4,
        4,
        4,
        4,
        4,
        4,
        4,
        4,
        4,
        4,
        4,
        4,
        4,
        4,
        4,
        4,
        4,
        4,
        4,
        4,
        4,
        4,
        4,
        4,
        4,
        4,
        4,
        4,
        4,
        4,
        4,
        4,
        4,
        4,
        4,
        4,
        4,
        4,
        4,
        4,
        4,
        4,
        4,
        4,
        4,
        4,
        4,
        4,
        4,
        4,
        4,
        4,
        4,
        4,
        4,
        4,
        4,
        4,
        4,
        4,
        4,
        4,
        4,
        4,
        4,
        4,
        4,
        4,
        4,
        4,
        4,
        4,
        4,
        4,
        4,
        4,
        4,
        4,
        4,
        4,
        4,
        4,
        4,
        4,
        4,
        4,
        4,
        4,
        4,
        4,
        4,
        4,
        4,
        4,
        4,
        4,
        4,
        4,
        4,
        4,
        4,
        4,
        4,
        4,
        4,
        4,
        4,
        4,
        4,
        4,
        4,
        4,
        4,
        4,
        4,
        4,
        4,
        4,
        4,
        4,
        4,
        4,
        4,
        4,
        4,
        4,
        4,
        4,
        4,
        4,
        4,
        4,
        4,
        4,
        4,
        4,
        4,
        4,
        4,
        4,
        4,
        4,
        4,
        4,
        4,
        4,
        4,
        4,
        4,
        4,
        4,
        4,
        4,
        4,
        4,
        4,
        4,
        4,
        4,
        4,
        4,
        4,
        4,
        4,
        4,
        4,
        4,
        4,
        4,
        4,
        4,
        4,
        4,
        4,
        4,
        4,
        4,
        4,
        4,
        4,
        4,
        4,
        4,
        4,
        4,
        4,
        4,
        4,
        4,
        4,
        4,
        4,
        4,
        4,
        4,
        4,
        4,
        4,
        4,
        4,
        4,
        4,
        4,
        4,
        4,
        4,
        4,
        4,
        4,
        4,
        4,
        4,
        4,
        4,
        4,
        4,
        4,
        4,
        4,
        4,
        4,
        4,
        4,
        4,
        4,
        4,
        4,
        4,
        4,
        4,
        4,
        4,
        4,
        4,
        4,
        4,
        4,
        4,
        4,
        4,
        4,
        4,
        4,
        4,
        4,
        4,
        4,
        4,
        4,
        4,
        4,
        4,
        4,
        4,
        4,
        4,
        4,
        4,
        4,
        4,
        4,
        4,
        4,
        4,
        4,
        4
    ]
}