{
    "min_pitch": 36,
    "max_pitch": 59,
    "avg_pitch": 41.93269230769231,
    "avg_duration": 0.05906885688530222,
    "avg_position": 118.68265261406852,
    "note_density": 3.016465339020545,
    "pitch_classes": [
        0,
        10,
        3,
        6,
        7,
        7,
        7,
        7,
        7,
        7,
        7,
        0,
        3,
        6,
        7,
        7,
        7,
        7,
        7,
        4,
        7,
        4,
        4,
        0,
        6,
        6,
        4,
        6,
        0,
        6,
        0,
        6,
        6,
        6,
        4,
        6,
        0,
        6,
        6,
        4,
        6,
        0,
        6,
        0,
        6,
        6,
        4,
        6,
        6,
        6,
        0,
        6,
        6,
        4,
        0,
        6,
        6,
        0,
        6,
        4,
        6,
        6,
        6,
        0,
        6,
        4,
        6,
        0,
        6,
        0,
        6,
        6,
        6,
        4,
        6,
        0,
        6,
        6,
        6,
        10,
        4,
        6,
        9,
        9,
        9,
        9,
        9,
        0,
        10,
        6,
        4,
        6,
        10,
        0,
        6,
        6,
        6,
        4,
        6,
        0,
        0,
        10,
        6,
        4,
        6,
        10,
        0,
        6,
        6,
        4,
        6,
        6,
        0,
        10,
        0,
        6,
        4,
        6,
        0,
        6,
        6,
        0,
        6,
        4,
        6,
        6,
        10,
        0,
        6,
        4,
        6,
        0,
        6,
        6,
        0,
        6,
        4,
        6,
        4,
        6,
        4,
        0,
        10,
        3,
        6,
        7,
        7,
        7,
        7,
        7,
        7,
        7,
        0,
        3,
        6,
        7,
        7,
        7,
        7,
        7,
        4,
        7,
        4,
        4,
        0,
        6,
        6,
        4,
        6,
        0,
        6,
        0,
        6,
        6,
        6,
        4,
        6,
        0,
        6,
        6,
        4,
        6,
        0,
        6,
        0,
        6,
        6,
        4,
        6,
        6,
        6,
        0,
        6,
        6,
        4,
        0,
        6,
        6,
        0,
        6,
        4,
        6,
        6,
        6,
        0,
        6,
        4,
        6,
        0,
        6,
        0,
        6,
        6,
        6,
        4,
        6,
        0,
        6,
        6,
        6,
        10,
        4,
        6,
        9,
        9,
        9,
        9,
        9,
        0,
        10,
        6,
        4,
        6,
        10,
        0,
        6,
        6,
        6,
        4,
        6,
        0,
        0,
        10,
        6,
        4,
        6,
        10,
        0,
        6,
        6,
        4,
        6,
        6,
        0,
        10,
        0,
        6,
        4,
        6,
        0,
        6,
        6,
        0,
        6,
        4,
        6,
        6,
        10,
        0,
        6,
        4,
        6,
        0,
        6,
        6,
        0,
        6,
        4,
        6,
        4,
        6,
        4,
        0,
        6,
        3,
        6,
        4,
        6,
        6,
        0,
        6,
        6,
        4,
        6,
        6,
        0,
        6,
        6,
        4,
        6,
        6,
        0,
        6,
        6,
        4,
        6,
        6,
        0,
        6,
        3,
        6,
        4,
        6,
        0,
        6,
        0,
        6,
        6,
        4,
        6,
        6,
        0,
        6,
        3,
        6,
        4,
        6,
        4,
        6,
        4,
        0,
        6,
        6,
        6,
        4,
        6,
        6,
        0,
        6,
        6,
        4,
        6,
        0,
        6,
        0,
        6,
        6,
        4,
        6,
        6,
        0,
        6,
        1,
        6,
        4,
        6,
        0,
        6,
        0,
        6,
        1,
        6,
        4,
        6,
        6,
        0,
        11,
        3,
        6,
        4,
        6,
        0,
        6,
        0,
        6,
        6,
        4,
        6,
        6,
        0,
        1,
        10,
        6,
        0,
        6,
        0,
        3,
        6,
        6,
        9,
        7,
        9,
        0,
        7,
        0,
        1,
        6,
        6,
        9,
        9,
        9,
        7,
        7,
        3,
        0,
        3,
        3,
        4,
        3,
        0,
        3,
        0,
        3,
        3,
        3,
        4,
        3,
        3,
        0,
        3,
        3,
        3,
        4,
        3,
        0,
        3,
        0,
        3,
        3,
        3,
        4,
        3,
        3,
        0,
        3,
        3,
        4,
        3,
        3,
        0,
        3,
        3,
        4,
        3,
        3,
        0,
        3,
        3,
        4,
        3,
        0,
        3,
        0,
        3,
        3,
        3,
        4,
        3,
        3,
        0,
        3,
        9,
        3,
        3,
        9,
        3,
        9,
        0,
        3,
        9,
        9,
        3,
        9,
        3,
        9,
        9,
        3,
        9,
        0,
        1,
        6,
        0,
        3,
        6,
        6,
        6,
        0,
        3,
        4,
        4,
        4,
        4,
        0,
        1,
        6,
        0,
        6,
        3,
        6,
        4,
        6,
        0,
        6,
        0,
        6,
        6,
        4,
        6,
        6,
        0,
        6,
        6,
        4,
        6,
        6,
        0,
        6,
        6,
        6,
        4,
        6,
        6,
        0,
        10,
        3,
        6,
        7,
        7,
        7,
        7,
        7,
        7,
        7,
        0,
        3,
        6,
        7,
        7,
        7,
        7,
        7,
        4,
        7,
        4,
        4,
        0,
        6,
        6,
        4,
        6,
        0,
        6,
        0,
        6,
        6,
        6,
        4,
        6,
        0,
        6,
        6,
        4,
        6,
        0,
        6,
        0,
        6,
        6,
        4,
        6,
        6,
        6,
        0,
        6,
        6,
        4,
        0,
        6,
        6,
        0,
        6,
        4,
        6,
        6,
        6,
        0,
        6,
        4,
        6,
        0,
        6,
        0,
        6,
        6,
        6,
        4,
        6,
        0,
        6,
        6,
        6,
        10,
        4,
        6,
        9,
        9,
        9,
        9,
        9,
        0,
        10,
        6,
        4,
        6,
        10,
        0,
        6,
        6,
        6,
        4,
        6,
        0,
        0,
        10,
        6,
        4,
        6,
        10,
        0,
        6,
        6,
        4,
        6,
        6,
        0,
        10,
        0,
        6,
        4,
        6,
        0,
        6,
        6,
        0,
        6,
        4,
        6,
        6,
        10,
        0,
        6,
        4,
        6,
        0,
        6,
        6,
        0,
        6,
        4,
        6,
        4,
        6,
        4,
        0,
        6,
        3,
        6,
        4,
        6,
        6,
        0,
        6,
        6,
        4,
        6,
        6,
        0,
        6,
        6,
        4,
        6,
        6,
        0,
        6,
        6,
        4,
        6,
        6,
        0,
        6,
        3,
        6,
        4,
        6,
        0,
        6,
        0,
        3,
        0,
        3,
        3,
        4,
        3,
        3,
