{
    "min_pitch": 50,
    "max_pitch": 77,
    "avg_pitch": 58.6625386996904,
    "avg_duration": 0.9865832290054184,
    "avg_position": 113.30692993525832,
    "note_density": 2.700330178875423,
    "pitch_classes": [
        2,
        9,
        10,
        5,
        2,
        9,
        10,
        5,
        2,
        10,
        9,
        5,
        9,
        10,
        2,
        5,
        10,
        9,
        2,
        5,
        9,
        10,
        2,
        5,
        9,
        10,
        2,
        5,
        9,
        10,
        2,
        5,
        4,
        9,
        0,
        7,
        4,
        9,
        0,
        7,
        9,
        4,
        0,
        7,
        9,
        8,
        4,
        0,
        7,
        6,
        4,
        9,
        0,
        6,
        4,
        0,
        9,
        6,
        2,
        10,
        7,
        9,
        2,
        0,
        6,
        2,
        10,
        9,
        5,
        10,
        2,
        9,
        5,
        9,
        2,
        10,
        5,
        2,
        10,
        9,
        5,
        9,
        0,
        7,
        4,
        0,
        9,
        7,
        4,
        2,
        10,
        9,
        5,
        2,
        10,
        9,
        5,
        11,
        2,
        5,
        9,
        5,
        11,
        2,
        9,
        5,
        2,
        11,
        9,
        11,
        5,
        2,
        9,
        0,
        7,
        9,
        5,
        10,
        5,
        0,
        5,
        10,
        0,
        2,
        0,
        10,
        5,
        7,
        9,
        0,
        5,
        9,
        0,
        2,
        9,
        10,
        5,
        2,
        9,
        10,
        5,
        2,
        10,
        9,
        5,
        9,
        10,
        2,
        5,
        10,
        9,
        2,
        5,
        9,
        10,
        2,
        5,
        9,
        10,
        2,
        5,
        9,
        10,
        2,
        5,
        4,
        9,
        0,
        7,
        4,
        9,
        0,
        7,
        9,
        4,
        0,
        7,
        4,
        9,
        0,
        7,
        4,
        9,
        0,
        6,
        4,
        0,
        9,
        6,
        2,
        10,
        7,
        9,
        2,
        0,
        6,
        10,
        2,
        9,
        5,
        10,
        2,
        5,
        9,
        10,
        5,
        2,
        9,
        5,
        10,
        2,
        9,
        2,
        5,
        9,
        10,
        5,
        2,
        10,
        9,
        10,
        2,
        5,
        9,
        5,
        10,
        2,
        9,
        10,
        2,
        5,
        9,
        10,
        2,
        9,
        5,
        9,
        10,
        2,
        5,
        9,
        0,
        4,
        0,
        9,
        7,
        4,
        2,
        10,
        9,
        5,
        2,
        10,
        9,
        5,
        11,
        2,
        5,
        9,
        5,
        11,
        2,
        9,
        5,
        2,
        11,
        9,
        11,
        5,
        2,
        9,
        0,
        9,
        7,
        5,
        10,
        5,
        0,
        5,
        10,
        0,
        2,
        0,
        10,
        5,
        7,
        9,
        0,
        5,
        9,
        0,
        10,
        5,
        2,
        0,
        4,
        7,
        10,
        9,
        5,
        0,
        5,
        1,
        9,
        10,
        5,
        2,
        0,
        4,
        7,
        10,
        9,
        5,
        0,
        9,
        5,
        1,
        9,
        10,
        5,
        2,
        0,
        4,
        7,
        10,
        5,
        9,
        0,
        5,
        1,
        9,
        2,
        10,
        5,
        10,
        2,
        9,
        4,
        9,
        0,
        5,
        9,
        10,
        9,
        7,
        5,
        5,
        9,
        2,
        10,
        5,
        9,
        10,
        2,
        4,
        7,
        9,
        0,
        9,
        0,
        7,
        4,
        2,
        6,
        0,
        0,
        6,
        9,
        2,
        9,
        10,
        2,
        5,
        5,
        2,
        7,
        10,
        2,
        2,
        5,
        7,
        10,
        7,
        10,
        2,
        5,
        4,
        7,
        9,
        0,
        4,
        7,
        9,
        0,
        9,
        0,
        7,
        4,
        10,
        9,
        5,
        2,
        2,
        9,
        10,
        5,
        5,
        9,
        10,
        2,
        9,
        5,
        11,
        9,
        5,
        2,
        9,
        11,
        2,
        5,
        0,
        7,
        9,
        5,
        10,
        5,
        0,
        5,
        10,
        0,
        2,
        0,
        10,
        5,
        7,
        9,
        0,
        5,
        9,
        0,
        2,
        9,
        10,
        5,
        2,
        9,
        10,
        5,
        2,
        10,
        9,
        5,
        9,
        10,
        2,
        5,
        10,
        9,
        2,
        5,
        9,
        10,
        2,
        5,
        9,
        10,
        2,
        5,
        9,
        10,
        2,
        5,
        4,
        9,
        0,
        7,
        4,
        9,
        0,
        7,
        9,
        4,
        0,
        7,
        4,
        9,
        0,
        7,
        4,
        9,
        0,
        6,
        4,
        0,
        9,
        6,
        2,
        10,
        7,
        9,
        2,
        0,
        6,
        10,
        2,
        9,
        5,
        2,
        10,
        5,
        9,
        10,
        5,
        2,
        9,
        5,
        10,
        2,
        9,
        2,
        5,
        9,
        10,
        5,
        2,
        10,
        9,
        10,
        2,
        5,
        9,
        5,
        10,
        2,
        9,
        10,
        2,
        5,
        9,
        10,
        2,
        9,
        5,
        9,
        10,
        2,
        5,
        9,
        0,
        4,
        0,
        9,
        7,
        4,
        2,
        10,
        9,
        5,
        2,
        10,
        9,
        5,
        11,
        2,
        5,
        9,
        5,
        11,
        2,
        9,
        5,
        2,
        11,
        9,
        11,
        5,
        2,
        9,
        0,
        9,
        7,
        5,
        10,
        5,
        0,
        5,
        10,
        0,
        2,
        0,
        10,
        5,
        7,
        9,
        0,
        5,
        9,
        0,
        10,
        5,
        2,
        0,
        4,
        7,
        10,
        9,
        5,
        0,
        5,
        1,
        9,
        10,
        5,
        2,
        0,
        4,
        7,
        10,
        9,
        5,
        0,
        7,
        9,
        0,
        5,
        1,
        5,
        9,
        5,
        7,
        9,
        1,
        2,
        7,
        10,
        2,
        7,
        10,
        2,
        10,
        4,
        9,
        7,
        5,
        9,
        0
    ],