{
    "min_pitch": 64,
    "max_pitch": 82,
    "avg_pitch": 73.20762711864407,
    "avg_duration": 0.6939825755208334,
    "avg_position": 121.09343242695107,
    "note_density": 1.00473703386207,
    "pitch_classes": [
        5,
        10,
        0,
        2,
        4,
        5,
        5,
        10,
        0,
        2,
        4,
        7,
        5,
        4,
        0,
        9,
        0,
        2,
        7,
        9,
        9,
        4,
        2,
        0,
        10,
        9,
        5,
        5,
        9,
        0,
        2,
        5,
        7,
        7,
        5,
        9,
        9,
        7,
        5,
        7,
        10,
        10,
        2,
        5,
        5,
        5,
        10,
        0,
        2,
        4,
        5,
        5,
        10,
        0,
        2,
        4,
        7,
        5,
        4,
        0,
        9,
        0,
        2,
        7,
        9,
        9,
        4,
        2,
        0,
        10,
        9,
        5,
        5,
        9,
        0,
        2,
        5,
        7,
        7,
        5,
        9,
        9,
        7,
        5,
        7,
        10,
        10,
        0,
        2,
        5,
        5,
        9,
        7,
        5,
        7,
        10,
        0,
        2,
        0,
        10,
        0,
        5,
        4,
        5,
        4,
        2,
        10,
        7,
        4,
        2,
        0,
        2,
        9,
        7,
        9,
        7,
        5,
        7,
        10,
        2,
        0,
        10,
        0,
        5,
        4,
        5,
        4,
        2,
        10,
        7,
        4,
        9,
        7,
        5,
        7,
        5,
        9,
        7,
        5,
        9,
        9,
        7,
        5,
        7,
        10,
        10,
        2,
        5,
        5,
        5,
        10,
        0,
        2,
        4,
        5,
        5,
        10,
        0,
        2,
        4,
        7,
        5,
        4,
        0,
        9,
        0,
        2,
        7,
        9,
        9,
        4,
        2,
        0,
        10,
        9,
        5,
        5,
        9,
        0,
        2,
        5,
        7,
        7,
        5,
        9,
        7,
        5,
        7,
        10,
        10,
        2,
        5,
        5,
        9,
        7,
        5,
        7,
        10,
        0,
        2,
        0,
        10,
        0,
        5,
        4,
        5,
        9,
        7,
        5,
        2,
        10,
        7,
        9,
        7,
        9,
        7,
        9,
        7,
        9,
        7,
        5,
        2,
        0,
        5,
        7,
        9,
        7,
        5,
        4,
        2,
        10,
        4,
        0,
        2,
        4,
        5
    ],
    "octaves": [
        5,
        5,
        6,
        6,
        6,
        6,
        5,
        5,
        6,
        6,
        6,
        6,
        6,
        6,
        6,
        5,
        6,
        6,
        5,
        5,
        5,
        6,
        6,
        6,
        5,
        5,
        5,
        5,
        5,
        6,
        6,
        6,
        6,
        6,
        6,
        5,
        6,
        6,
        6,
        5,
        5,
        5,
        6,
        6,
        6,
        5,
        5,
        6,
        6,
        6,
        6,
        5,
        5,
        6,
        6,
        6,
        6,
        6,
        6,
        6,
        5,
        6,
        6,
        5,
        5,
        5,
        6,
        6,
        6,
        5,
        5,
        5,
        5,
        5,
        6,
        6,
        6,
        6,
        6,
        6,
        5,
        6,
        6,
        6,
        5,
        5,
        5,
        6,
        6,
        6,
        6,
        5,
        5,
        5,
        5,
        5,
        6,
        6,
        6,
        5,
        6,
        6,
        6,
        6,
        6,
        6,
        5,
        5,
        5,
        6,
        6,
        6,
        5,
        5,
        5,
        5,
        5,
        5,
        5,
        6,
        6,
        5,
        6,
        6,
        6,
        6,
        6,
        6,
        5,
        5,
        5,
        6,
        6,
        6,
        6,
        6,
        6,
        6,
        6,
        5,
        6,
        6,
        6,
        5,
        5,
        5,
        6,
        6,
        6,
        5,
        5,
        6,
        6,
        6,
        6,
        5,
        5,
        6,
        6,
        6,
        6,
        6,
        6,
        6,
        5,
        6,
        6,
        5,
        5,
        5,
        6,
        6,
        6,
        5,
        5,
        5,
        5,
        5,
        6,
        6,
        6,
        6,
        6,
        6,
        5,
        6,
        6,
        5,
        5,
        5,
        6,
        6,
        6,
        5,
        5,
        5,
        5,
        5,
        6,
        6,
        6,
        5,
        6,
        6,
        6,
        6,
        6,
        6,
        6,
        6,
        6,
        6,
        6,
        6,
        6,
        6,
        6,
        6,
        6,
        6,
        6,
        6,
        6,
        6,
        6,
        6,
        6,
        6,
        6,
        6,
        5,
        6,
        6,
        6,
        6,
        6
    ]
}