{
    "min_pitch": 47,
    "max_pitch": 58,
    "avg_pitch": 53.464864864864865,
    "avg_duration": 0.5260258211993244,
    "avg_position": 125.0737346069259,
    "note_density": 1.5471165579196122,
    "pitch_classes": [
        10,
        5,
        10,
        10,
        9,
        4,
        9,
        9,
        2,
        0,
        10,
        9,
        7,
        7,
        7,
        9,
        10,
        10,
        10,
        11,
        11,
        11,
        11,
        11,
        11,
        11,
        11,
        11,
        11,
        11,
        11,
        11,
        11,
        11,
        5,
        5,
        5,
        5,
        7,
        7,
        5,
        2,
        0,
        10,
        10,
        10,
        0,
        5,
        5,
        5,
        5,
        7,
        10,
        10,
        10,
        10,
        9,
        9,
        9,
        9,
        0,
        2,
        0,
        10,
        9,
        7,
        7,
        7,
        7,
        7,
        7,
        7,
        7,
        7,
        7,
        8,
        9,
        9,
        9,
        9,
        9,
        10,
        10,
        10,
        10,
        11,
        11,
        11,
        11,
        11,
        11,
        11,
        11,
        11,
        11,
        11,
        11,
        11,
        11,
        11,
        5,
        5,
        7,
        0,
        2,
        7,
        5,
        2,
        10,
        10,
        10,
        10,
        10,
        0,
        5,
        5,
        5,
        5,
        5,
        7,
        9,
        7,
        5,
        4,
        0,
        4,
        5,
        0,
        0,
        9,
        9,
        7,
        9,
        10,
        10,
        10,
        10,
        10,
        0,
        0,
        0,
        0,
        5,
        5,
        7,
        8,
        9,
        9,
        7,
        9,
        5,
        7,
        7,
        7,
        5,
        5,
        7,
        4,
        0,
        4,
        5,
        0,
        9,
        7,
        9,
        10,
        10,
        0,
        5,
        5,
        7,
        9,
        10,
        10,
        10,
        10,
        10,
        10,
        5,
        7,
        9,
        10,
        10,
        10,
        10,
        10,
        10,
        10,
        10,
        10,
        9,
        9,
        7,
        9,
        9,
        7,
        9,
        7,
        9,
        9,
        0,
        2,
        2,
        6,
        0,
        0,
        2,
        11,
        11,
        9,
        9,
        7,
        7,
        9,
        7,
        7,
        7,
        7,
        7,
        7,
        7,
        9,
        9,
        9,
        9,
        9,
        10,
        10,
        10,
        10,
        10,
        11,
        11,
        11,
        11,
        11,
        11,
        11,
        11,
        11,
        11,
        11,
        11,
        11,
        11,
        11,
        11,
        5,
        5,
        5,
        5,
        6,
        7,
        7,
        5,
        2,
        9,
        10,
        10,
        5,
        10,
        10,
        2,
        0,
        5,
        5,
        5,
        5,
        7,
        9,
        10,
        10,
        10,
        10,
        9,
        9,
        9,
        9,
        0,
        2,
        0,
        10,
        9,
        7,
        7,
        7,
        7,
        7,
        7,
        7,
        7,
        7,
        7,
        8,
        9,
        9,
        9,
        9,
        9,
        10,
        10,
        10,
        10,
        11,
        11,
        11,
        11,
        11,
        11,
        11,
        11,
        11,
        11,
        11,
        11,
        11,
        11,
        11,
        5,
        5,
        7,
        0,
        2,
        7,
        5,
        2,
        10,
        10,
        10,
        10,
        10,
        0,
        5,
        5,
        5,
        5,
        5,
        7,
        9,
        7,
        5,
        4,
        0,
        4,
        5,
        0,
        0,
        9,
        9,
        7,
        9,
        10,
        10,
        10,
        10,
        10,
        0,
        5,
        5,
        9,
        9,
        9,
        10,
        10,
        0,
        0,
        5,
        5,
        5,
        5
    ],