{
    "min_pitch": 53,
    "max_pitch": 93,
    "avg_pitch": 63.21546961325967,
    "avg_duration": 3.3243848851864644,
    "avg_position": 124.83515737384909,
    "note_density": 0.7591930355012337,
    "pitch_classes": [
        5,
        9,
        2,
        9,
        4,
        7,
        9,
        0,
        4,
        10,
        6,
        9,
        5,
        10,
        2,
        9,
        0,
        4,
        10,
        7,
        11,
        2,
        9,
        7,
        9,
        7,
        10,
        0,
        2,
        7,
        9,
        0,
        5,
        10,
        9,
        0,
        4,
        10,
        7,
        2,
        11,
        9,
        7,
        9,
        10,
        0,
        2,
        5,
        7,
        9,
        0,
        10,
        2,
        9,
        7,
        0,
        1,
        9,
        2,
        10,
        4,
        7,
        0,
        1,
        9,
        10,
        2,
        5,
        0,
        4,
        10,
        2,
        0,
        1,
        9,
        2,
        10,
        0,
        9,
        5,
        5,
        5,
        5,
        2,
        2,
        4,
        4,
        2,
        2,
        4,
        4,
        5,
        5,
        2,
        2,
        4,
        4,
        0,
        0,
        9,
        9,
        2,
        2,
        11,
        11,
        0,
        0,
        1,
        1,
        2,
        2,
        5,
        5,
        4,
        4,
        0,
        0,
        9,
        9,
        7,
        7,
        5,
        5,
        5,
        7,
        9,
        9,
        9,
        7,
        9,
        10,
        0,
        2,
        7,
        9,
        0,
        5,
        10,
        9,
        0,
        4,
        10,
        7,
        2,
        11,
        9,
        7,
        9,
        10,
        0,
        2,
        5,
        7,
        9,
        0,
        10,
        2,
        9,
        7,
        0,
        1,
        9,
        2,
        10,
        7,
        0,
        4,
        0,
        5,
        1,
        9,
        5,
        7,
        10,
        2,
        4,
        9,
        9,
        5,
        7,
        0
    ],
    "octaves": [
        5,
        5,
        5,
        4,
        5,
        5,
        4,
        5,
        5,
        4,
        4,
        4,
        4,
        4,
        5,
        4,
        5,
        5,
        4,
        4,
        4,
        5,
        4,
        4,
        4,
        4,
        4,
        5,
        5,
        4,
        4,
        5,
        5,
        4,
        4,
        5,
        5,
        4,
        4,
        5,
        4,
        4,
        4,
        4,
        4,
        5,
        5,
        5,
        4,
        4,
        5,
        4,
        5,
        4,
        4,
        5,
        5,
        4,
        5,
        4,
        5,
        5,
        5,
        5,
        4,
        4,
        5,
        5,
        5,
        5,
        4,
        5,
        5,
        5,
        4,
        5,
        4,
        5,
        4,
        5,
        4,
        5,
        6,
        5,
        6,
        5,
        6,
        6,
        5,
        6,
        5,
        5,
        6,
        5,
        6,
        5,
        6,
        5,
        6,
        4,
        5,
        5,
        6,
        6,
        5,
        7,
        6,
        7,
        6,
        7,
        6,
        7,
        6,
        7,
        6,
        6,
        7,
        5,
        6,
        5,
        6,
        6,
        5,
        7,
        7,
        6,
        7,
        4,
        4,
        4,
        4,
        5,
        5,
        4,
        4,
        5,
        5,
        4,
        4,
        5,
        5,
        4,
        4,
        5,
        4,
        4,
        4,
        4,
        4,
        5,
        5,
        5,
        4,
        4,
        5,
        4,
        5,
        4,
        4,
        5,
        5,
        4,
        5,
        4,
        4,
        5,
        5,
        5,
        5,
        5,
        4,
        4,
        5,
        4,
        5,
        5,
        5,
        4,
        5,
        4,
        5
    ]
}