{
    "min_pitch": 53,
    "max_pitch": 81,
    "avg_pitch": 64.79775280898876,
    "avg_duration": 2.794129661516853,
    "avg_position": 137.98683556179773,
    "note_density": 0.3720101563814684,
    "pitch_classes": [
        5,
        4,
        2,
        4,
        5,
        10,
        2,
        5,
        4,
        9,
        2,
        0,
        10,
        9,
        10,
        2,
        5,
        4,
        9,
        2,
        0,
        10,
        9,
        9,
        7,
        9,
        5,
        10,
        9,
        9,
        5,
        7,
        5,
        7,
        10,
        2,
        7,
        4,
        0,
        9,
        0,
        4,
        6,
        9,
        10,
        2,
        5,
        4,
        0,
        7,
        2,
        5,
        9,
        2,
        5,
        9,
        0,
        10,
        9,
        10,
        2,
        5,
        4,
        9,
        2,
        0,
        10,
        9,
        2,
        4,
        5,
        7,
        9,
        5,
        10,
        9,
        9,
        7,
        7,
        5,
        5,
        4,
        4,
        2,
        2,
        4,
        4,
        5,
        5
    ],
    "octaves": [
        5,
        5,
        5,
        5,
        5,
        4,
        5,
        5,
        5,
        5,
        6,
        6,
        4,
        4,
        4,
        5,
        5,
        5,
        5,
        6,
        6,
        4,
        4,
        4,
        4,
        4,
        4,
        4,
        4,
        5,
        5,
        5,
        5,
        5,
        5,
        5,
        5,
        5,
        5,
        4,
        5,
        5,
        5,
        5,
        4,
        5,
        5,
        5,
        5,
        5,
        5,
        5,
        5,
        5,
        5,
        4,
        6,
        4,
        4,
        4,
        5,
        5,
        5,
        5,
        6,
        6,
        4,
        4,
        5,
        5,
        5,
        5,
        5,
        5,
        5,
        5,
        6,
        5,
        6,
        5,
        6,
        5,
        6,
        5,
        6,
        5,
        6,
        6,
        5
    ]
}