{
    "min_pitch": 52,
    "max_pitch": 67,
    "avg_pitch": 60.16326530612245,
    "avg_duration": 0.5458785076530612,
    "avg_position": 87.0461564115646,
    "note_density": 0.21210395422788444,
    "pitch_classes": [
        9,
        0,
        4,
        0,
        4,
        9,
        9,
        0,
        4,
        10,
        2,
        5,
        7,
        10,
        2,
        9,
        5,
        0,
        10,
        2,
        7,
        4,
        9,
        0,
        9,
        0,
        4,
        9,
        5,
        0,
        10,
        2,
        7,
        5,
        0,
        4,
        9,
        0,
        9,
        0,
        4,
        9,
        5,
        0,
        10,
        2,
        7,
        5,
        0
    ],
    "octaves": [
        4,
        5,
        5,
        5,
        5,
        4,
        4,
        5,
        5,
        4,
        5,
        5,
        5,
        4,
        5,
        4,
        5,
        5,
        4,
        5,
        5,
        4,
        4,
        5,
        4,
        5,
        5,
        4,
        5,
        5,
        4,
        5,
        5,
        4,
        5,
        4,
        4,
        5,
        4,
        5,
        5,
        4,
        5,
        5,
        4,
        5,
        5,
        4,
        5
    ]
}