{
    "min_pitch": 53,
    "max_pitch": 69,
    "avg_pitch": 62.46938775510204,
    "avg_duration": 1.9771097988945567,
    "avg_position": 133.79984097470233,
    "note_density": 0.20475002413719426,
    "pitch_classes": [
        9,
        9,
        10,
        2,
        5,
        9,
        9,
        10,
        2,
        5,
        9,
        9,
        7,
        5,
        7,
        9,
        7,
        5,
        4,
        2,
        0,
        7,
        5,
        0,
        9,
        8,
        7,
        6,
        10,
        2,
        0,
        4,
        5,
        9,
        2,
        9,
        10,
        2,
        5,
        9,
        9,
        7,
        5,
        4,
        2,
        10,
        4,
        0,
        5
    ],
    "octaves": [
        5,
        4,
        4,
        5,
        5,
        5,
        4,
        4,
        5,
        5,
        5,
        5,
        5,
        5,
        5,
        5,
        5,
        5,
        5,
        5,
        5,
        4,
        4,
        5,
        4,
        4,
        4,
        4,
        4,
        5,
        5,
        5,
        5,
        5,
        5,
        4,
        4,
        5,
        5,
        5,
        5,
        5,
        5,
        5,
        5,
        4,
        5,
        5,
        5
    ]
}