{
    "min_pitch": 38,
    "max_pitch": 69,
    "avg_pitch": 52.56716417910448,
    "avg_duration": 2.156631865982588,
    "avg_position": 122.36841295677857,
    "note_density": 0.2800147524274725,
    "pitch_classes": [
        9,
        9,
        10,
        9,
        7,
        11,
        5,
        9,
        9,
        7,
        5,
        0,
        7,
        2,
        9,
        10,
        11,
        9,
        7,
        5,
        9,
        9,
        7,
        5,
        0,
        7,
        9,
        0,
        5,
        4,
        5,
        9,
        0,
        1,
        2,
        9,
        8,
        7,
        6,
        9,
        7,
        5,
        9,
        9,
        7,
        5,
        0,
        7,
        2,
        9,
        10,
        11,
        9,
        7,
        5,
        9,
        9,
        7,
        5,
        0,
        7,
        2,
        5,
        9,
        10,
        0,
        0
    ],
    "octaves": [
        5,
        4,
        4,
        4,
        4,
        4,
        4,
        3,
        4,
        4,
        4,
        5,
        3,
        3,
        4,
        4,
        4,
        4,
        4,
        4,
        3,
        4,
        4,
        4,
        5,
        3,
        3,
        4,
        4,
        4,
        3,
        3,
        4,
        4,
        4,
        4,
        4,
        4,
        4,
        4,
        4,
        4,
        3,
        4,
        4,
        4,
        5,
        3,
        3,
        4,
        4,
        4,
        4,
        4,
        4,
        3,
        4,
        4,
        4,
        5,
        3,
        5,
        3,
        3,
        3,
        4,
        4
    ]
}