{
    "min_pitch": 53,
    "max_pitch": 69,
    "avg_pitch": 62.38461538461539,
    "avg_duration": 2.022071987980768,
    "avg_position": 138.12932657491984,
    "note_density": 0.10867222953006006,
    "pitch_classes": [
        9,
        2,
        5,
        7,
        4,
        5,
        7,
        9,
        5,
        9,
        0,
        1,
        2,
        0,
        2,
        5,
        7,
        4,
        5,
        7,
        9,
        5,
        9,
        7,
        9,
        0
    ],
    "octaves": [
        5,
        5,
        5,
        5,
        5,
        5,
        5,
        5,
        4,
        4,
        5,
        5,
        5,
        5,
        5,
        5,
        5,
        5,
        5,
        5,
        5,
        4,
        4,
        4,
        4,
        5
    ]
}