{
    "min_pitch": 41,
    "max_pitch": 77,
    "avg_pitch": 60.81879194630873,
    "avg_duration": 0.5827915268456376,
    "avg_position": 122.26654039149894,
    "note_density": 0.6449691669378527,
    "pitch_classes": [
        6,
        2,
        10,
        9,
        2,
        5,
        9,
        5,
        2,
        9,
        0,
        5,
        10,
        0,
        2,
        5,
        7,
        5,
        7,
        5,
        2,
        0,
        5,
        4,
        0,
        9,
        7,
        6,
        4,
        0,
        4,
        5,
        2,
        5,
        4,
        9,
        5,
        2,
        9,
        9,
        2,
        9,
        5,
        2,
        11,
        5,
        0,
        2,
        8,
        5,
        9,
        0,
        9,
        7,
        5,
        7,
        7,
        10,
        7,
        5,
        0,
        10,
        7,
        5,
        0,
        5,
        9,
        4,
        9,
        0,
        9,
        0,
        9,
        4,
        4,
        7,
        7,
        7,
        7,
        10,
        10,
        10,
        10,
        7,
        9,
        9,
        9,
        0,
        0,
        0,
        0,
        2,
        5,
        7,
        2,
        5,
        7,
        0,
        2,
        3,
        5,
        2,
        0,
        2,
        0,
        8,
        7,
        5,
        7,
        5,
        7,
        7,
        5,
        7,
        5,
        4,
        0,
        9,
        7,
        6,
        4,
        0,
        4,
        5,
        2,
        5,
        4,
        9,
        5,
        2,
        9,
        9,
        2,
        9,
        5,
        2,
        11,
        5,
        0,
        2,
        8,
        5,
        9,
        0,
        9,
        7,
        5,
        7,
        7
    ],
    "octaves": [
        5,
        5,
        4,
        4,
        4,
        4,
        4,
        4,
        4,
        4,
        5,
        5,
        3,
        4,
        4,
        4,
        4,
        4,
        4,
        4,
        4,
        4,
        3,
        5,
        5,
        4,
        4,
        4,
        5,
        5,
        5,
        4,
        4,
        4,
        4,
        5,
        5,
        5,
        4,
        4,
        5,
        5,
        5,
        5,
        4,
        4,
        5,
        5,
        4,
        4,
        4,
        5,
        4,
        4,
        4,
        4,
        4,
        5,
        5,
        5,
        5,
        5,
        5,
        5,
        5,
        5,
        4,
        5,
        5,
        6,
        5,
        6,
        5,
        5,
        5,
        5,
        5,
        5,
        5,
        4,
        4,
        4,
        4,
        5,
        5,
        5,
        5,
        5,
        5,
        5,
        5,
        5,
        5,
        5,
        5,
        5,
        5,
        6,
        6,
        6,
        6,
        6,
        6,
        6,
        6,
        5,
        5,
        5,
        5,
        5,
        5,
        5,
        5,
        5,
        5,
        5,
        5,
        4,
        4,
        4,
        5,
        5,
        5,
        4,
        4,
        4,
        4,
        5,
        5,
        5,
        4,
        4,
        5,
        5,
        5,
        5,
        4,
        4,
        5,
        5,
        4,
        4,
        4,
        5,
        4,
        4,
        4,
        4,
        4
    ]
}