{
    "min_pitch": 41,
    "max_pitch": 81,
    "avg_pitch": 61.6,
    "avg_duration": 0.8824220949305558,
    "avg_position": 127.26934881472228,
    "note_density": 0.6270398957959951,
    "pitch_classes": [
        6,
        2,
        10,
        9,
        5,
        2,
        9,
        5,
        2,
        10,
        0,
        2,
        5,
        7,
        5,
        7,
        5,
        2,
        0,
        5,
        9,
        9,
        0,
        4,
        4,
        0,
        4,
        5,
        2,
        5,
        4,
        2,
        5,
        9,
        9,
        2,
        5,
        2,
        9,
        11,
        5,
        0,
        2,
        0,
        8,
        9,
        0,
        9,
        7,
        5,
        7,
        7,
        10,
        7,
        5,
        10,
        7,
        5,
        0,
        5,
        7,
        5,
        4,
        0,
        9,
        0,
        9,
        0,
        9,
        4,
        4,
        7,
        7,
        7,
        7,
        10,
        10,
        10,
        10,
        7,
        9,
        9,
        9,
        0,
        0,
        0,
        0,
        2,
        5,
        7,
        2,
        5,
        7,
        9,
        0,
        2,
        4,
        5,
        5,
        2,
        0,
        2,
        0,
        8,
        7,
        5,
        7,
        5,
        7,
        7,
        5,
        7,
        0,
        5,
        9,
        9,
        0,
        4,
        4,
        0,
        4,
        5,
        2,
        5,
        4,
        2,
        5,
        9,
        9,
        2,
        5,
        2,
        9,
        11,
        5,
        0,
        2,
        0,
        8,
        9,
        0,
        9,
        7,
        5,
        7,
        7,
        9,
        0,
        0,
        9
    ],
    "octaves": [
        5,
        5,
        4,
        4,
        4,
        4,
        4,
        4,
        4,
        3,
        4,
        4,
        4,
        4,
        4,
        4,
        4,
        4,
        4,
        3,
        4,
        4,
        5,
        5,
        5,
        5,
        5,
        4,
        4,
        4,
        4,
        5,
        5,
        4,
        5,
        5,
        5,
        5,
        5,
        4,
        4,
        5,
        5,
        5,
        4,
        4,
        5,
        4,
        4,
        4,
        4,
        4,
        5,
        5,
        5,
        5,
        5,
        5,
        5,
        5,
        5,
        5,
        5,
        5,
        5,
        6,
        5,
        6,
        5,
        5,
        5,
        5,
        5,
        5,
        5,
        4,
        4,
        4,
        4,
        5,
        5,
        5,
        5,
        5,
        5,
        5,
        5,
        5,
        5,
        5,
        5,
        5,
        5,
        5,
        6,
        6,
        6,
        6,
        6,
        6,
        6,
        6,
        6,
        5,
        5,
        5,
        5,
        5,
        5,
        5,
        5,
        5,
        5,
        5,
        4,
        4,
        5,
        5,
        5,
        5,
        5,
        4,
        4,
        4,
        4,
        5,
        5,
        4,
        5,
        5,
        5,
        5,
        5,
        4,
        4,
        5,
        5,
        5,
        4,
        4,
        5,
        4,
        4,
        4,
        4,
        4,
        6,
        6,
        5,
        5
    ]
}