{
    "min_pitch": 72,
    "max_pitch": 77,
    "avg_pitch": 74.14285714285714,
    "avg_duration": 2.197265625,
    "avg_position": 130.16119148809526,
    "note_density": 0.030300564889697776,
    "pitch_classes": [
        0,
        0,
        5,
        0,
        5,
        0,
        5
    ],
    "octaves": [
        6,
        6,
        6,
        6,
        6,
        6,
        6
    ]
}