{
    "min_pitch": 57,
    "max_pitch": 74,
    "avg_pitch": 65.58108108108108,
    "avg_duration": 1.0188354132882884,
    "avg_position": 144.08296961599092,
    "note_density": 0.309297884047094,
    "pitch_classes": [
        2,
        7,
        2,
        10,
        5,
        0,
        4,
        9,
        7,
        10,
        2,
        9,
        5,
        0,
        9,
        5,
        2,
        7,
        0,
        4,
        1,
        5,
        9,
        10,
        2,
        7,
        2,
        5,
        10,
        0,
        4,
        9,
        2,
        7,
        10,
        5,
        0,
        9,
        5,
        9,
        2,
        7,
        0,
        4,
        1,
        5,
        9,
        2,
        7,
        2,
        10,
        5,
        0,
        4,
        9,
        7,
        10,
        2,
        9,
        5,
        0,
        9,
        5,
        2,
        7,
        0,
        4,
        1,
        5,
        9,
        0,
        9,
        7,
        9
    ],
    "octaves": [
        5,
        5,
        6,
        5,
        5,
        6,
        5,
        5,
        5,
        5,
        5,
        5,
        5,
        5,
        4,
        5,
        5,
        5,
        5,
        5,
        5,
        5,
        5,
        5,
        5,
        5,
        6,
        5,
        5,
        6,
        5,
        5,
        5,
        5,
        5,
        5,
        5,
        5,
        5,
        4,
        5,
        5,
        5,
        5,
        5,
        5,
        5,
        5,
        5,
        6,
        5,
        5,
        6,
        5,
        5,
        5,
        5,
        5,
        5,
        5,
        5,
        4,
        5,
        5,
        5,
        5,
        5,
        5,
        5,
        5,
        5,
        5,
        5,
        5
    ]
}