{
    "min_pitch": 69,
    "max_pitch": 74,
    "avg_pitch": 71.25,
    "avg_duration": 0.08050130208333287,
    "avg_position": 213.22576552083328,
    "note_density": 0.08657304254199365,
    "pitch_classes": [
        1,
        9,
        1,
        1,
        9,
        1,
        9,
        1,
        9,
        1,
        9,
        1,
        9,
        1,
        9,
        1,
        9,
        1,
        9,
        2
    ],
    "octaves": [
        6,
        5,
        6,
        6,
        5,
        6,
        5,
        6,
        5,
        6,
        5,
        6,
        5,
        6,
        5,
        6,
        5,
        6,
        5,
        6
    ]
}