{
    "min_pitch": 47,
    "max_pitch": 67,
    "avg_pitch": 52.02768166089965,
    "avg_duration": 0.5476129098904269,
    "avg_position": 89.31941458787486,
    "note_density": 1.6338118984525563,
    "pitch_classes": [
        7,
        7,
        7,
        4,
        4,
        4,
        0,
        0,
        0,
        2,
        2,
        2,
        7,
        7,
        7,
        4,
        4,
        4,
        0,
        0,
        0,
        2,
        2,
        2,
        7,
        7,
        7,
        11,
        4,
        4,
        4,
        4,
        5,
        5,
        5,
        5,
        7,
        2,
        2,
        2,
        2,
        7,
        7,
        7,
        11,
        4,
        4,
        4,
        4,
        5,
        5,
        5,
        5,
        7,
        2,
        2,
        2,
        2,
        7,
        7,
        7,
        6,
        4,
        4,
        4,
        4,
        0,
        0,
        0,
        0,
        2,
        2,
        2,
        2,
        7,
        7,
        7,
        6,
        4,
        4,
        4,
        4,
        0,
        0,
        0,
        0,
        2,
        2,
        2,
        2,
        7,
        7,
        7,
        7,
        4,
        4,
        4,
        4,
        0,
        0,
        0,
        0,
        2,
        2,
        2,
        9,
        2,
        7,
        7,
        7,
        11,
        4,
        4,
        4,
        4,
        5,
        5,
        5,
        5,
        7,
        2,
        2,
        2,
        7,
        2,
        7,
        7,
        7,
        11,
        4,
        4,
        4,
        4,
        5,
        5,
        5,
        5,
        7,
        2,
        2,
        2,
        9,
        2,
        7,
        7,
        7,
        6,
        4,
        4,
        4,
        4,
        0,
        0,
        0,
        0,
        2,
        2,
        2,
        2,
        7,
        7,
        7,
        6,
        4,
        4,
        4,
        4,
        0,
        0,
        0,
        0,
        2,
        2,
        2,
        2,
        4,
        4,
        4,
        4,
        2,
        2,
        2,
        9,
        11,
        4,
        4,
        4,
        4,
        2,
        2,
        2,
        11,
        9,
        9,
        9,
        9,
        11,
        11,
        11,
        6,
        0,
        0,
        0,
        7,
        2,
        2,
        2,
        2,
        7,
        7,
        7,
        7,
        4,
        4,
        4,
        4,
        0,
        0,
        0,
        7,
        9,
        2,
        2,
        2,
        2,
        7,
        7,
        7,
        7,
        4,
        4,
        4,
        4,
        0,
        0,
        0,
        0,
        2,
        6,
        7,
        6,
        2,
        9,
        7,
        7,
        7,
        6,
        4,
        4,
        4,
        4,
        0,
        0,
        0,
        0,
        2,
        2,
        2,
        2,
        7,
        7,
        7,
        6,
        4,
        4,
        4,
        4,
        0,
        0,
        0,
        0,
        2,
        2,
        9,
        2,
        9,
        7,
        7,
        7,
        4,
        4,
        4,
        0,
        0,
        0,
        2,
        2,
        2,
        7
    ],
    "octaves": [
        4,
        4,
        4,
        4,
        4,
        4,
        4,
        4,
        4,
        4,
        4,
        4,
        4,
        4,
        4,
        4,
        4,
        4,
        4,
        4,
        4,
        4,
        4,
        4,
        4,
        4,
        4,
        3,
        4,
        4,
        4,
        4,
        4,
        4,
        4,
        4,
        4,
        4,
        4,
        4,
        4,
        4,
        4,
        4,
        3,
        4,
        4,
        4,
        4,
        4,
        4,
        4,
        4,
        4,
        4,
        4,
        4,
        4,
        4,
        4,
        4,
        4,
        4,
        4,
        4,
        4,
        4,
        4,
        4,
        4,
        4,
        4,
        4,
        4,
        4,
        4,
        4,
        4,
        4,
        4,
        4,
        4,
        4,
        4,
        4,
        4,
        4,
        4,
        4,
        4,
        4,
        4,
        4,
        4,
        4,
        4,
        4,
        4,
        4,
        4,
        4,
        4,
        4,
        4,
        4,
        4,
        4,
        4,
        4,
        4,
        3,
        4,
        4,
        4,
        4,
        4,
        4,
        4,
        4,
        4,
        5,
        5,
        5,
        4,
        4,
        4,
        4,
        4,
        3,
        4,
        4,
        4,
        4,
        4,
        4,
        4,
        4,
        4,
        4,
        4,
        5,
        4,
        4,
        4,
        4,
        4,
        4,
        4,
        4,
        4,
        4,
        4,
        4,
        4,
        4,
        4,
        4,
        4,
        4,
        4,
        4,
        4,
        4,
        4,
        4,
        4,
        4,
        4,
        4,
        4,
        4,
        4,
        4,
        4,
        4,
        4,
        4,
        4,
        4,
        4,
        4,
        4,
        4,
        4,
        4,
        4,
        4,
        4,
        4,
        4,
        4,
        3,
        4,
        4,
        4,
        4,
        3,
        3,
        3,
        4,
        4,
        4,
        4,
        4,
        4,
        4,
        4,
        4,
        4,
        4,
        4,
        4,
        4,
        4,
        4,
        4,
        4,
        4,
        4,
        4,
        4,
        4,
        4,
        4,
        4,
        4,
        4,
        4,
        4,
        4,
        4,
        4,
        4,
        4,
        4,
        4,
        4,
        4,
        5,
        5,
        5,
        5,
        4,
        4,
        4,
        4,
        4,
        4,
        4,
        4,
        4,
        4,
        4,
        4,
        4,
        4,
        4,
        4,
        4,
        4,
        4,
        4,
        4,
        4,
        4,
        4,
        4,
        4,
        4,
        4,
        4,
        4,
        4,
        4,
        4,
        4,
        4,
        4,
        4,
        4,
        4,
        4,
        4,
        4,
        4,
        4,
        4,
        4,
        4
    ]
}