{
    "min_pitch": 67,
    "max_pitch": 83,
    "avg_pitch": 73.30882352941177,
    "avg_duration": 0.6650950196844369,
    "avg_position": 87.97235912515316,
    "note_density": 0.7828677176384872,
    "pitch_classes": [
        7,
        11,
        6,
        11,
        2,
        6,
        11,
        2,
        9,
        0,
        7,
        11,
        7,
        11,
        9,
        0,
        11,
        2,
        0,
        4,
        9,
        0,
        7,
        11,
        7,
        11,
        6,
        11,
        2,
        6,
        11,
        2,
        9,
        0,
        7,
        11,
        7,
        11,
        9,
        0,
        11,
        2,
        4,
        0,
        2,
        6,
        7,
        11,
        6,
        11,
        2,
        6,
        11,
        2,
        9,
        0,
        7,
        11,
        7,
        11,
        9,
        0,
        11,
        2,
        0,
        4,
        9,
        0,
        7,
        11,
        6,
        11,
        2,
        6,
        11,
        2,
        9,
        0,
        7,
        11,
        7,
        11,
        9,
        0,
        11,
        2,
        0,
        4,
        9,
        0,
        7,
        11,
        6,
        11,
        2,
        6,
        11,
        2,
        9,
        0,
        7,
        11,
        7,
        11,
        9,
        0,
        11,
        2,
        0,
        4,
        9,
        0,
        7,
        11,
        7,
        11,
        6,
        11,
        2,
        6,
        11,
        2,
        9,
        0,
        7,
        11,
        7,
        11,
        9,
        0,
        11,
        2,
        4,
        0,
        2,
        6
    ],
    "octaves": [
        6,
        6,
        6,
        6,
        6,
        6,
        5,
        6,
        5,
        6,
        5,
        5,
        5,
        5,
        5,
        6,
        5,
        6,
        6,
        6,
        5,
        6,
        5,
        5,
        6,
        6,
        6,
        6,
        6,
        6,
        5,
        6,
        5,
        6,
        5,
        5,
        5,
        5,
        5,
        6,
        5,
        6,
        6,
        6,
        6,
        6,
        6,
        6,
        6,
        6,
        6,
        6,
        5,
        6,
        5,
        6,
        5,
        5,
        5,
        5,
        5,
        6,
        5,
        6,
        6,
        6,
        5,
        6,
        6,
        6,
        6,
        6,
        6,
        6,
        5,
        6,
        5,
        6,
        5,
        5,
        5,
        5,
        5,
        6,
        5,
        6,
        6,
        6,
        5,
        6,
        6,
        6,
        6,
        6,
        6,
        6,
        5,
        6,
        5,
        6,
        5,
        5,
        5,
        5,
        5,
        6,
        5,
        6,
        6,
        6,
        5,
        6,
        5,
        5,
        6,
        6,
        6,
        6,
        6,
        6,
        5,
        6,
        5,
        6,
        5,
        5,
        5,
        5,
        5,
        6,
        5,
        6,
        6,
        6,
        6,
        6
    ]
}