{
    "min_pitch": 67,
    "max_pitch": 107,
    "avg_pitch": 73.94244604316546,
    "avg_duration": 0.7062069346522787,
    "avg_position": 87.56093698576137,
    "note_density": 0.8001368584687479,
    "pitch_classes": [
        7,
        11,
        6,
        11,
        2,
        6,
        11,
        2,
        9,
        0,
        7,
        11,
        7,
        11,
        9,
        0,
        11,
        2,
        0,
        4,
        9,
        0,
        7,
        11,
        7,
        11,
        6,
        11,
        2,
        6,
        11,
        2,
        9,
        0,
        7,
        11,
        7,
        11,
        9,
        0,
        11,
        2,
        0,
        4,
        2,
        6,
        7,
        11,
        6,
        11,
        2,
        6,
        11,
        2,
        9,
        0,
        7,
        11,
        7,
        11,
        9,
        0,
        11,
        2,
        0,
        4,
        9,
        0,
        2,
        7,
        11,
        7,
        11,
        6,
        11,
        2,
        6,
        11,
        2,
        9,
        0,
        7,
        11,
        7,
        11,
        9,
        0,
        11,
        2,
        0,
        4,
        9,
        0,
        7,
        11,
        6,
        11,
        2,
        6,
        11,
        2,
        9,
        0,
        7,
        11,
        7,
        11,
        9,
        0,
        11,
        2,
        0,
        4,
        9,
        0,
        7,
        11,
        7,
        11,
        6,
        11,
        2,
        6,
        11,
        2,
        9,
        0,
        7,
        11,
        7,
        11,
        9,
        0,
        11,
        2,
        0,
        4,
        2,
        6
    ],
    "octaves": [
        6,
        6,
        6,
        6,
        6,
        6,
        5,
        6,
        5,
        6,
        5,
        5,
        5,
        5,
        5,
        6,
        5,
        6,
        6,
        6,
        5,
        6,
        5,
        5,
        6,
        6,
        6,
        6,
        6,
        6,
        5,
        6,
        5,
        6,
        5,
        5,
        5,
        5,
        5,
        6,
        5,
        6,
        6,
        6,
        6,
        6,
        6,
        6,
        6,
        6,
        6,
        6,
        5,
        6,
        5,
        6,
        5,
        5,
        5,
        5,
        5,
        6,
        5,
        6,
        6,
        6,
        5,
        6,
        8,
        8,
        8,
        6,
        6,
        6,
        6,
        6,
        6,
        5,
        6,
        5,
        6,
        5,
        5,
        5,
        5,
        5,
        6,
        5,
        6,
        6,
        6,
        5,
        6,
        6,
        6,
        6,
        6,
        6,
        6,
        5,
        6,
        5,
        6,
        5,
        5,
        5,
        5,
        5,
        6,
        5,
        6,
        6,
        6,
        5,
        6,
        5,
        5,
        6,
        6,
        6,
        6,
        6,
        6,
        5,
        6,
        5,
        6,
        5,
        5,
        5,
        5,
        5,
        6,
        5,
        6,
        6,
        6,
        6,
        6
    ]
}