{
    "min_pitch": 62,
    "max_pitch": 89,
    "avg_pitch": 69.36363636363636,
    "avg_duration": 1.4322455492424222,
    "avg_position": 106.44577182765151,
    "note_density": 0.18996054913286822,
    "pitch_classes": [
        9,
        1,
        5,
        9,
        0,
        2,
        9,
        2,
        11,
        7,
        11,
        6,
        9,
        6,
        9,
        7,
        11,
        7,
        11,
        6,
        9,
        4,
        9,
        4,
        9,
        6,
        11,
        11,
        6,
        0,
        7,
        9,
        2
    ],
    "octaves": [
        5,
        6,
        7,
        5,
        6,
        6,
        5,
        5,
        5,
        5,
        5,
        5,
        5,
        5,
        5,
        5,
        5,
        5,
        5,
        5,
        5,
        5,
        5,
        5,
        5,
        5,
        5,
        5,
        5,
        6,
        5,
        5,
        6
    ]
}