{
    "min_pitch": 48,
    "max_pitch": 95,
    "avg_pitch": 64.68226600985221,
    "avg_duration": 1.1537859653889553,
    "avg_position": 108.34129815968792,
    "note_density": 2.2964413834610413,
    "pitch_classes": [
        7,
        11,
        11,
        6,
        2,
        7,
        11,
        2,
        6,
        11,
        2,
        9,
        0,
        4,
        7,
        11,
        7,
        11,
        7,
        11,
        0,
        9,
        0,
        4,
        0,
        4,
        2,
        11,
        0,
        4,
        9,
        0,
        2,
        9,
        6,
        11,
        7,
        7,
        11,
        6,
        11,
        2,
        7,
        2,
        6,
        11,
        2,
        9,
        0,
        4,
        7,
        11,
        7,
        11,
        7,
        11,
        0,
        9,
        4,
        7,
        0,
        2,
        11,
        0,
        4,
        6,
        2,
        6,
        9,
        2,
        2,
        7,
        11,
        4,
        7,
        11,
        0,
        4,
        0,
        4,
        2,
        9,
        2,
        6,
        11,
        2,
        7,
        4,
        7,
        11,
        4,
        7,
        0,
        2,
        6,
        9,
        2,
        7,
        11,
        11,
        6,
        2,
        7,
        11,
        2,
        6,
        11,
        2,
        9,
        0,
        4,
        7,
        11,
        7,
        11,
        7,
        11,
        0,
        9,
        0,
        4,
        0,
        4,
        2,
        11,
        0,
        4,
        9,
        0,
        2,
        9,
        6,
        2,
        7,
        11,
        2,
        7,
        11,
        4,
        7,
        11,
        0,
        4,
        0,
        4,
        2,
        9,
        2,
        6,
        11,
        2,
        7,
        4,
        7,
        11,
        4,
        7,
        0,
        2,
        6,
        9,
        2,
        7,
        11,
        11,
        6,
        2,
        7,
        11,
        2,
        6,
        11,
        2,
        9,
        0,
        4,
        7,
        11,
        7,
        11,
        7,
        11,
        0,
        9,
        0,
        4,
        0,
        4,
        2,
        11,
        0,
        4,
        9,
        0,
        2,
        9,
        6,
        7,
        11,
        6,
        11,
        2,
        11,
        7,
        2,
        6,
        11,
        2,
        9,
        0,
        4,
        7,
        11,
        7,
        11,
        7,
        11,
        9,
        0,
        4,
        7,
        0,
        2,
        11,
        0,
        4,
        9,
        0,
        6,
        9,
        2,
        2,
        7,
        7,
        11,
        2,
        7,
        11,
        7,
        2,
        7,
        2,
        2,
        9,
        6,
        1,
        9,
        1,
        2,
        6,
        7,
        11,
        4,
        7,
        11,
        11,
        4,
        4,
        7,
        11,
        11,
        4,
        4,
        7,
        11,
        4,
        7,
        11,
        0,
        4,
        7,
        7,
        0,
        11,
        7,
        0,
        4,
        4,
        7,
        0,
        4,
        0,
        4,
        4,
        7,
        0,
        4,
        2,
        9,
        2,
        6,
        9,
        2,
        6,
        9,
        2,
        6,
        6,
        2,
        2,
        9,
        2,
        6,
        9,
        2,
        6,
        2,
        7,
        7,
        11,
        11,
        7,
        11,
        7,
        9,
        1,
        6,
        9,
        6,
        11,
        6,
        7,
        9,
        4,
        11,
        7,
        11,
        4,
        7,
        11,
        7,
        11,
        7,
        11,
        7,
        11,
        4,
        7,
        0,
        0,
        4,
        7,
        7,
        0,
        4,
        0,
        4,
        7,
        0,
        4,
        9,
        2,
        6,
        6,
        9,
        2,
        6,
        2,
        7,
        2,
        2,
        6,
        9,
        2,
        6,
        11,
        7,
        7,
        11,
        6,
        11,
        2,
        7,
        2,
        6,
        11,
        2,
        9,
        0,
        4,
        7,
        11,
        7,
        11,
        7,
        11,
        0,
        9,
        4,
        7,
        0,
        2,
        11,
        0,
        4,
        6,
        2,
        6,
        9,
        2,
        11,
        2,
        7,
        7,
        2,
        7
    ],