{
    "min_pitch": 46,
    "max_pitch": 86,
    "avg_pitch": 70.75633802816901,
    "avg_duration": 0.41217605633802845,
    "avg_position": 127.99343309859171,
    "note_density": 2.6433604184700155,
    "pitch_classes": [
        11,
        1,
        2,
        2,
        2,
        2,
        2,
        5,
        2,
        10,
        10,
        10,
        10,
        0,
        10,
        0,
        10,
        0,
        10,
        0,
        10,
        1,
        2,
        11,
        2,
        2,
        2,
        2,
        2,
        2,
        5,
        2,
        10,
        10,
        0,
        10,
        0,
        10,
        0,
        10,
        0,
        10,
        1,
        2,
        2,
        2,
        6,
        7,
        7,
        7,
        7,
        7,
        7,
        9,
        9,
        7,
        7,
        6,
        2,
        2,
        11,
        11,
        2,
        2,
        7,
        7,
        7,
        7,
        9,
        9,
        7,
        7,
        6,
        6,
        2,
        2,
        11,
        11,
        11,
        11,
        4,
        4,
        4,
        4,
        4,
        4,
        4,
        4,
        2,
        2,
        9,
        9,
        11,
        11,
        0,
        0,
        11,
        11,
        3,
        3,
        6,
        6,
        7,
        7,
        7,
        7,
        5,
        5,
        3,
        3,
        5,
        5,
        2,
        2,
        10,
        10,
        10,
        10,
        7,
        7,
        7,
        7,
        5,
        5,
        3,
        3,
        5,
        5,
        2,
        2,
        10,
        10,
        10,
        10,
        10,
        10,
        10,
        0,
        0,
        0,
        0,
        2,
        2,
        2,
        4,
        4,
        6,
        6,
        7,
        7,
        1,
        1,
        2,
        2,
        0,
        0,
        11,
        11,
        4,
        4,
        4,
        4,
        6,
        6,
        7,
        7,
        9,
        9,
        0,
        0,
        11,
        11,
        9,
        9,
        2,
        2,
        2,
        2,
        4,
        4,
        6,
        6,
        7,
        7,
        10,
        10,
        11,
        11,
        9,
        9,
        7,
        7,
        0,
        0,
        0,
        0,
        2,
        2,
        4,
        4,
        6,
        6,
        6,
        6,
        7,
        7,
        9,
        9,
        2,
        2,
        2,
        2,
        0,
        0,
        11,
        11,
        4,
        4,
        4,
        4,
        4,
        6,
        6,
        7,
        7,
        9,
        9,
        0,
        0,
        11,
        11,
        9,
        9,
        2,
        2,
        2,
        2,
        4,
        4,
        6,
        6,
        7,
        7,
        11,
        11,
        9,
        9,
        7,
        7,
        0,
        0,
        0,
        0,
        2,
        2,
        4,
        4,
        7,
        7,
        9,
        9,
        7,
        7,
        6,
        6,
        7,
        7,
        10,
        11,
        2,
        2,
        2,
        2,
        5,
        2,
        10,
        10,
        10,
        10,
        0,
        10,
        0,
        10,
        0,
        10,
        0,
        10,
        2,
        11,
        2,
        2,
        2,
        2,
        2,
        2,
        5,
        2,
        10,
        10,
        10,
        0,
        10,
        0,
        10,
        0,
        10,
        0,
        10,
        2,
        2,
        7,
        7,
        7,
        7,
        9,
        7,
        6,
        2,
        11,
        11,
        6,
        7,
        7,
        7,
        7,
        6,
        2,
        11,
        11,
        11,
        4,
        4,
        4,
        4,
        4,
        4,
        4,
        4,
        2,
        2,
        9,
        9,
        11,
        11,
        0,
        0,
        11,
        11,
        11,
        11,
        6,
        6,
        7,
        7,
        7,
        7,
        5,
        5,
        3,
        3,
        5,
        5,
        2,
        2,
        10,
        10,
        10,
        10,
        7,
        7,
        7,
        7,
        5,
        5,
        3,
        3,
        5,
        5,
        2,
        2,
        10,
        10,
        10,
        10,
        10,
        10,
        10,
        0,
        0,
        0,
        0,
        2,
        2,
        2,
        4,
        4,
        6,
        6,
        7,
        7,
        1,
        1,
        2,
        2,
        0,
        0,
        11,
        11,
        4,
        4,
        4,
        4,
        6,
        6,
        7,
        7,
        9,
        9,
        0,
        0,
        11,
        11,
        9,
        9,
        2,
        2,
        2,
        2,
        4,
        4,
        6,
        6,
        7,
        7,
        10,
        10,
        11,
        11,
        9,
        9,
        7,
        7,
        0,
        0,
        0,
        0,
        2,
        2,
        4,
        4,
        6,
        6,
        6,
        6,
        7,
        7,
        9,
        9,
        2,
        2,
        2,
        2,
        0,
        0,
        11,
        11,
        4,
        4,
        4,
        4,
        4,
        6,
        6,
        7,
        7,
        9,
        9,
        0,
        0,
        11,
        11,
        9,
        9,
        2,
        2,
        2,
        2,
        4,
        4,
        6,
        6,
        7,
        7,
        11,
        11,
        9,
        9,
        7,
        7,
        0,
        0,
        0,
        0,
        2,
        2,
        4,
        4,
        7,
        7,
        9,
        9,
        7,
        7,
        6,
        6,
        7,
        7,
        2,
        7,
        7,
        9,
        7,
        6,
        2,
        11,
        2,
        6,
        7,
        7,
        9,
        7,
        6,
        2,
        11,
        11,
        4,
        4,
        4,
        4,
        4,
        4,
        2,
        9,
        11,
        0,
        11,
        3,
        3,
        6,
        6,
        7,
        7,
        7,
        7,
        5,
        5,
        3,
        3,
        5,
        5,
        2,
        2,
        10,
        10,
        7,
        7,
        7,
        7,
        5,
        5,
        3,
        3,
        5,
        5,
        2,
        2,
        10,
        10,
        10,
        10,
        10,
        10,
        10,
        10,
        0,
        0,
        0,
        0,
        2,
        2,
        4,
        6,
        7,
        1,
        1,
        2,
        2,
        0,
        0,
        11,
        11,
        4,
        4,
        4,
        4,
        6,
        6,
        7,
        7,
        9,
        9,
        0,
        0,
        11,
        11,
        9,
        9,
        2,
        2,
        2,
        2,
        4,
        4,
        6,
        6,
        7,
        7,
        10,
        10,
        11,
        11,
        9,
        9,
        7,
        7,
        0,
        0,
        0,
        0,
        2,
        2,
        4,
        4,
        6,
        6,
        6,
        6,
        7,
        7,
        9,
        9,
        2,
        2,
        2,
        2,
        0,
        0,
        11,
        11,
        4,
        4,
        4,
        4,
        4,
        6,
        6,
        7,
        7,
        9,
        9,
        0,
        0,
        11,
        11,
        9,
        9,
        2,
        2,
        2,
        2,
        4,
        4,
        6,
        6,
        7,
        7,
        11,
        11,
        9,
        9,
        7,
        7,
        0,
        0,
