{
    "min_pitch": 47,
    "max_pitch": 58,
    "avg_pitch": 52.07142857142857,
    "avg_duration": 0.8340037593984966,
    "avg_position": 144.60443609022556,
    "note_density": 0.9894084936627641,
    "pitch_classes": [
        7,
        10,
        0,
        2,
        7,
        10,
        0,
        2,
        7,
        10,
        0,
        2,
        4,
        11,
        4,
        11,
        0,
        2,
        7,
        3,
        10,
        3,
        10,
        3,
        5,
        2,
        2,
        9,
        9,
        2,
        2,
        9,
        9,
        7,
        7,
        2,
        2,
        7,
        0,
        0,
        7,
        2,
        2,
        9,
        2,
        11,
        11,
        6,
        4,
        4,
        11,
        4,
        9,
        9,
        9,
        2,
        2,
        9,
        2,
        7,
        7,
        7,
        7,
        7,
        9,
        11,
        0,
        0,
        7,
        2,
        2,
        9,
        2,
        11,
        11,
        6,
        4,
        4,
        11,
        4,
        9,
        9,
        9,
        2,
        2,
        2,
        2,
        7,
        10,
        0,
        2,
        7,
        10,
        0,
        2,
        7,
        10,
        0,
        2,
        4,
        11,
        4,
        11,
        0,
        2,
        7,
        3,
        10,
        3,
        10,
        3,
        5,
        2,
        2,
        9,
        9,
        2,
        2,
        9,
        9,
        7,
        7,
        2,
        2,
        7,
        0,
        0,
        7,
        2,
        2,
        9,
        2,
        11,
        11,
        6,
        4,
        4,
        11,
        4,
        9,
        9,
        9,
        2,
        2,
        9,
        2,
        7,
        7,
        7,
        7,
        7,
        9,
        11,
        0,
        0,
        7,
        2,
        2,
        9,
        2,
        11,
        11,
        6,
        4,
        4,
        11,
        4,
        9,
        9,
        9,
        2,
        2,
        2,
        2,
        7,
        10,
        0,
        2,
        4,
        11,
        4,
        11,
        0,
        0,
        2,
        2,
        7,
        3,
        10,
        2,
        3,
        10,
        3,
        5,
        2,
        9,
        7,
        7,
        11,
        0,
        0,
        2,
        2,
        11,
        11,
        4,
        4,
        9,
        0,
        2,
        2,
        7,
        7,
        2,
        2,
        7,
        0,
        0,
        7,
        2,
        2,
        9,
        2,
        11,
        11,
        6,
        4,
        4,
        11,
        4,
        9,
        9,
        9,
        2,
        2,
        9,
        2,
        7,
        7,
        7,
        7,
        7,
        9,
        11,
        0,
        0,
        7,
        2,
        2,
        9,
        2,
        11,
        11,
        6,
        4,
        4,
        11,
        4,
        9,
        9,
        9,
        2,
        2,
        2,
        2,
        7
    ],
    "octaves": [
        4,
        4,
        4,
        4,
        4,
        4,
        4,
        4,
        4,
        4,
        4,
        4,
        4,
        3,
        4,
        3,
        4,
        4,
        4,
        4,
        4,
        4,
        4,
        4,
        4,
        4,
        4,
        4,
        4,
        4,
        4,
        4,
        4,
        4,
        4,
        4,
        4,
        4,
        4,
        4,
        4,
        4,
        4,
        4,
        4,
        3,
        3,
        4,
        4,
        4,
        3,
        4,
        4,
        4,
        4,
        4,
        4,
        4,
        4,
        4,
        4,
        4,
        4,
        4,
        4,
        3,
        4,
        4,
        4,
        4,
        4,
        4,
        4,
        3,
        3,
        4,
        4,
        4,
        3,
        4,
        4,
        4,
        4,
        4,
        4,
        4,
        4,
        4,
        4,
        4,
        4,
        4,
        4,
        4,
        4,
        4,
        4,
        4,
        4,
        4,
        3,
        4,
        3,
        4,
        4,
        4,
        4,
        4,
        4,
        4,
        4,
        4,
        4,
        4,
        4,
        4,
        4,
        4,
        4,
        4,
        4,
        4,
        4,
        4,
        4,
        4,
        4,
        4,
        4,
        4,
        4,
        4,
        3,
        3,
        4,
        4,
        4,
        3,
        4,
        4,
        4,
        4,
        4,
        4,
        4,
        4,
        4,
        4,
        4,
        4,
        4,
        4,
        3,
        4,
        4,
        4,
        4,
        4,
        4,
        4,
        3,
        3,
        4,
        4,
        4,
        3,
        4,
        4,
        4,
        4,
        4,
        4,
        4,
        4,
        4,
        4,
        4,
        4,
        4,
        3,
        4,
        3,
        4,
        4,
        4,
        4,
        4,
        4,
        4,
        4,
        4,
        4,
        4,
        4,
        4,
        4,
        4,
        4,
        3,
        4,
        4,
        4,
        4,
        3,
        3,
        4,
        4,
        4,
        4,
        4,
        4,
        4,
        4,
        4,
        4,
        4,
        4,
        4,
        4,
        4,
        4,
        4,
        4,
        3,
        3,
        4,
        4,
        4,
        3,
        4,
        4,
        4,
        4,
        4,
        4,
        4,
        4,
        4,
        4,
        4,
        4,
        4,
        4,
        3,
        4,
        4,
        4,
        4,
        4,
        4,
        4,
        3,
        3,
        4,
        4,
        4,
        3,
        4,
        4,
        4,
        4,
        4,
        4,
        4,
        4,
        4
    ]
}