{
    "min_pitch": 43,
    "max_pitch": 91,
    "avg_pitch": 64.31187122736418,
    "avg_duration": 1.6056740442655926,
    "avg_position": 126.59216297786716,
    "note_density": 1.8496808649211933,
    "pitch_classes": [
        2,
        7,
        11,
        10,
        5,
        2,
        0,
        4,
        7,
        7,
        6,
        2,
        9,
        11,
        7,
        2,
        5,
        10,
        2,
        4,
        7,
        0,
        7,
        6,
        9,
        2,
        7,
        11,
        2,
        5,
        10,
        2,
        4,
        7,
        0,
        7,
        6,
        9,
        2,
        4,
        11,
        4,
        7,
        11,
        6,
        9,
        2,
        11,
        4,
        7,
        4,
        11,
        2,
        6,
        9,
        4,
        0,
        7,
        7,
        9,
        6,
        2,
        7,
        11,
        2,
        7,
        9,
        3,
        10,
        2,
        5,
        10,
        7,
        9,
        3,
        10,
        10,
        2,
        5,
        7,
        10,
        10,
        3,
        7,
        9,
        5,
        0,
        7,
        9,
        2,
        7,
        7,
        9,
        2,
        7,
        2,
        9,
        6,
        9,
        2,
        6,
        2,
        9,
        6,
        9,
        9,
        2,
        6,
        7,
        7,
        7,
        2,
        7,
        11,
        7,
        7,
        11,
        7,
        2,
        4,
        6,
        0,
        7,
        4,
        9,
        2,
        4,
        9,
        6,
        6,
        2,
        11,
        7,
        0,
        2,
        4,
        7,
        4,
        7,
        0,
        6,
        6,
        7,
        7,
        11,
        2,
        5,
        4,
        6,
        0,
        7,
        7,
        4,
        9,
        2,
        6,
        2,
        9,
        4,
        6,
        6,
        11,
        2,
        7,
        0,
        2,
        4,
        7,
        4,
        7,
        6,
        2,
        0,
        9,
        7,
        11,
        2,
        7,
        10,
        5,
        5,
        2,
        4,
        7,
        0,
        4,
        7,
        6,
        9,
        2,
        2,
        11,
        7,
        2,
        5,
        10,
        2,
        4,
        7,
        0,
        7,
        6,
        9,
        2,
        7,
        11,
        2,
        5,
        10,
        2,
        4,
        7,
        0,
        7,
        6,
        9,
        2,
        4,
        11,
        4,
        7,
        11,
        6,
        9,
        2,
        11,
        4,
        7,
        4,
        11,
        2,
        6,
        9,
        4,
        0,
        7,
        7,
        9,
        6,
        2,
        7,
        11,
        2,
        7,
        9,
        3,
        10,
        2,
        5,
        10,
        7,
        9,
        3,
        10,
        10,
        2,
        5,
        7,
        10,
        10,
        3,
        7,
        9,
        5,
        0,
        7,
        9,
        2,
        7,
        7,
        9,
        2,
        7,
        2,
        9,
        6,
        9,
        2,
        6,
        2,
        9,
        6,
        9,
        9,
        2,
        6,
        7,
        7,
        7,
        2,
        7,
        11,
        7,
        7,
        11,
        7,
        2,
        4,
        6,
        7,
        0,
        4,
        9,
        2,
        4,
        9,
        6,
        6,
        2,
        11,
        7,
        2,
        0,
        2,
        4,
        7,
        4,
        7,
        0,
        6,
        6,
        2,
        11,
        2,
        5,
        4,
        6,
        0,
        7,
        7,
        4,
        9,
        2,
        6,
        2,
        9,
        4,
        6,
        6,
        11,
        2,
        7,
        0,
        2,
        4,
        7,
        4,
        7,
        6,
        2,
        6,
        0,
        7,
        7,
        11,
        2,
        10,
        5,
        2,
        4,
        7,
        0,
        7,
        6,
        9,
        2,
        7,
        4,
        11,
        9,
        2,
        7,
        4,
        11,
        9,
        2,
        11,
        7,
        0,
        4,
        9,
        9,
        11,
        2,
        7,
        9,
        3,
        10,
        5,
        2,
        7,
        9,
        10,
        3,
        2,
        5,
        7,
        9,
        10,
        3,
        10,
        5,
        9,
        0,
        0,
        7,
        6,
        9,
        2,
        7,
        7,
        11,
        2,
        0,
        11,
        2,
        4,
        11,
        9,
        2,
        0,
        7,
        11,
        7,
        7,
        0,
        4,
        2,
        11,
        6,
        11,
        2,
        4,
        9,
        7,
        0,
        2,
        6,
        11,
        7,
        7,
        4,
        6,
        7,
        0,
        4,
        9,
        2,
        4,
        9,
        6,
        6,
        2,
        11,
        7,
        2,
        0,
        2,
        4,
        7,
        4,
        7,
        0,
        6,
        6,
        2,
        11,
        2,
        5,
        4,
        6,
        0,
        7,
        7,
        4,
        9,
        2,
        6,
        2,
        9,
        4,
        6,
        6,
        11,
        2,
        7,
        0,
        2,
        4,
        7,
        4,
        7,
        6,
        2,
        6,
        0,
        7
    ],