{
    "min_pitch": 70,
    "max_pitch": 86,
    "avg_pitch": 76.3298969072165,
    "avg_duration": 0.4900773195876301,
    "avg_position": 171.35641752577325,
    "note_density": 0.40723791930811537,
    "pitch_classes": [
        2,
        6,
        7,
        5,
        2,
        10,
        0,
        10,
        0,
        10,
        2,
        1,
        2,
        7,
        5,
        2,
        10,
        0,
        10,
        0,
        10,
        0,
        10,
        1,
        2,
        1,
        2,
        7,
        5,
        2,
        10,
        0,
        10,
        0,
        10,
        0,
        10,
        1,
        2,
        2,
        0,
        11,
        4,
        4,
        6,
        7,
        9,
        0,
        11,
        9,
        2,
        2,
        4,
        6,
        7,
        11,
        9,
        7,
        0,
        0,
        2,
        4,
        6,
        6,
        7,
        9,
        2,
        4,
        2,
        2,
        0,
        11,
        4,
        4,
        6,
        7,
        9,
        0,
        11,
        9,
        2,
        2,
        4,
        6,
        7,
        11,
        9,
        7,
        0,
        0,
        2,
        4,
        7,
        9,
        7,
        6,
        7
    ],
    "octaves": [
        6,
        6,
        6,
        6,
        6,
        5,
        6,
        5,
        6,
        5,
        6,
        6,
        6,
        6,
        6,
        6,
        5,
        6,
        5,
        6,
        5,
        6,
        5,
        6,
        6,
        6,
        6,
        6,
        6,
        6,
        5,
        6,
        5,
        6,
        5,
        6,
        5,
        6,
        6,
        7,
        7,
        6,
        6,
        6,
        6,
        6,
        6,
        7,
        6,
        6,
        6,
        6,
        6,
        6,
        6,
        6,
        6,
        6,
        6,
        6,
        6,
        6,
        6,
        6,
        6,
        6,
        6,
        6,
        6,
        7,
        7,
        6,
        6,
        6,
        6,
        6,
        6,
        7,
        6,
        6,
        6,
        6,
        6,
        6,
        6,
        6,
        6,
        6,
        6,
        6,
        6,
        6,
        6,
        6,
        6,
        6,
        6
    ]
}