{
    "min_pitch": 46,
    "max_pitch": 76,
    "avg_pitch": 61.29971181556196,
    "avg_duration": 1.40056916426513,
    "avg_position": 115.57327089337177,
    "note_density": 1.4558422487937908,
    "pitch_classes": [
        2,
        7,
        11,
        10,
        5,
        2,
        0,
        4,
        7,
        7,
        6,
        2,
        9,
        11,
        7,
        2,
        5,
        10,
        2,
        4,
        7,
        0,
        7,
        6,
        9,
        2,
        7,
        11,
        2,
        5,
        10,
        2,
        4,
        7,
        0,
        7,
        6,
        9,
        2,
        4,
        11,
        4,
        7,
        11,
        6,
        9,
        2,
        11,
        4,
        7,
        4,
        11,
        2,
        6,
        9,
        4,
        0,
        7,
        7,
        9,
        6,
        2,
        7,
        11,
        2,
        7,
        9,
        3,
        10,
        2,
        5,
        10,
        7,
        9,
        3,
        10,
        10,
        2,
        5,
        7,
        10,
        10,
        3,
        7,
        9,
        5,
        0,
        7,
        9,
        2,
        7,
        7,
        9,
        2,
        7,
        2,
        9,
        6,
        9,
        2,
        6,
        2,
        9,
        6,
        9,
        9,
        2,
        6,
        7,
        7,
        7,
        2,
        7,
        11,
        7,
        7,
        11,
        7,
        2,
        7,
        11,
        2,
        10,
        5,
        2,
        4,
        7,
        0,
        7,
        6,
        9,
        2,
        11,
        7,
        2,
        5,
        10,
        2,
        4,
        7,
        0,
        7,
        6,
        9,
        2,
        7,
        11,
        2,
        5,
        10,
        2,
        4,
        7,
        0,
        7,
        6,
        9,
        2,
        4,
        11,
        4,
        7,
        11,
        6,
        9,
        2,
        11,
        4,
        7,
        4,
        11,
        2,
        6,
        9,
        4,
        0,
        7,
        7,
        9,
        6,
        2,
        7,
        11,
        2,
        7,
        9,
        3,
        10,
        2,
        5,
        10,
        7,
        9,
        3,
        10,
        10,
        2,
        5,
        7,
        10,
        10,
        3,
        7,
        9,
        5,
        0,
        7,
        9,
        2,
        7,
        7,
        9,
        2,
        7,
        2,
        9,
        6,
        9,
        2,
        6,
        2,
        9,
        6,
        9,
        9,
        2,
        6,
        7,
        7,
        7,
        2,
        7,
        11,
        7,
        7,
        11,
        7,
        2,
        7,
        11,
        2,
        10,
        5,
        2,
        4,
        7,
        0,
        7,
        6,
        9,
        2,
        4,
        11,
        7,
        4,
        4,
        6,
        9,
        2,
        11,
        11,
        2,
        4,
        7,
        2,
        11,
        6,
        4,
        2,
        7,
        0,
        7,
        6,
        2,
        9,
        2,
        2,
        11,
        9,
        7,
        10,
        3,
        3,
        7,
        5,
        5,
        10,
        2,
        10,
        3,
        7,
        3,
        5,
        10,
        5,
        10,
        5,
        2,
        5,
        3,
        7,
        10,
        3,
        7,
        0,
        5,
        5,
        7,
        2,
        9,
        9,
        0,
        2,
        4,
        7,
        9,
        2,
        6,
        6,
        2,
        11,
        9,
        11,
        11,
        2,
        11,
        4,
        2,
        7,
        9,
        4,
        9,
        7,
        0,
        2,
        0,
        9,
        2,
        2,
        9,
        11,
        11,
        9,
        7,
        11,
        2,
        7
    ],
    "octaves": [
        5,
        5,
        4,
        4,
        5,
        5,
        5,
        5,
        4,
        5,
        5,
        5,
        4,
        4,
        4,
        5,
        4,
        4,
        5,
        4,
        4,
        5,
        4,
        4,
        4,
        5,
        4,
        4,
        5,
        4,
        4,
        5,
        4,
        4,
        5,
        4,
        4,
        4,
        5,
        5,
        4,
        4,
        4,
        4,
        4,
        4,
        5,
        4,
        5,
        4,
        4,
        4,
        5,
        4,
        4,
        5,
        5,
        4,
        4,
        4,
        4,
        5,
        4,
        4,
        5,
        5,
        5,
        5,
        4,
        5,
        5,
        5,
        5,
        5,
        5,
        5,
        4,
        5,
        5,
        5,
        5,
        4,
        5,
        5,
        5,
        5,
        5,
        5,
        5,
        5,
        5,
        5,
        5,
        5,
        5,
        5,
        5,
        5,
        5,
        5,
        5,
        5,
        5,
        5,
        5,
        5,
        5,
        5,
        5,
        5,
        5,
        5,
        4,
        4,
        5,
        4,
        4,
        5,
        5,
        4,
        4,
        5,
        4,
        4,
        5,
        4,
        4,
        5,
        4,
        4,
        4,
        5,
        4,
        4,
        5,
        4,
        4,
        5,
        4,
        4,
        5,
        4,
        4,
        4,
        5,
        4,
        4,
        5,
        4,
        4,
        5,
        4,
        4,
        5,
        4,
        4,
        4,
        5,
        5,
        4,
        4,
        4,
        4,
        4,
        4,
        5,
        4,
        5,
        4,
        4,
        4,
        5,
        4,
        4,
        5,
        5,
        4,
        4,
        4,
        4,
        5,
        4,
        4,
        5,
        5,
        5,
        5,
        4,
        5,
        5,
        5,
        5,
        5,
        5,
        5,
        4,
        5,
        5,
        5,
        5,
        4,
        5,
        5,
        5,
        5,
        5,
        5,
        5,
        5,
        5,
        5,
        5,
        5,
        5,
        5,
        5,
        5,
        5,
        5,
        5,
        5,
        5,
        5,
        5,
        5,
        5,
        5,
        5,
        5,
        5,
        5,
        4,
        4,
        5,
        4,
        4,
        5,
        5,
        4,
        4,
        5,
        4,
        4,
        5,
        4,
        4,
        5,
        4,
        4,
        4,
        5,
        6,
        5,
        5,
        5,
        4,
        5,
        5,
        5,
        5,
        4,
        5,
        4,
        5,
        5,
        4,
        5,
        5,
        5,
        5,
        4,
        5,
        5,
        5,
        4,
        4,
        5,
        4,
        4,
        4,
        4,
        5,
        4,
        5,
        5,
        5,
        5,
        5,
        3,
        5,
        5,
        4,
        5,
        5,
        5,
        3,
        4,
        5,
        5,
        5,
        5,
        4,
        4,
        5,
        5,
        5,
        4,
        4,
        5,
        5,
        5,
        5,
        5,
        5,
        5,
        4,
        5,
        5,
        5,
        6,
        5,
        5,
        5,
        4,
        5,
        4,
        4,
        5,
        5,
        4,
        5,
        4,
        5,
        5,
        5,
        5,
        5,
        4,
        6,
        4,
        5,
        5,
        5,
        4,
        5,
        5,
        5
    ]
}