{
    "min_pitch": 55,
    "max_pitch": 74,
    "avg_pitch": 63.8,
    "avg_duration": 1.6943749999999997,
    "avg_position": 87.816,
    "note_density": 0.2851592436151063,
    "pitch_classes": [
        7,
        7,
        9,
        9,
        10,
        10,
        10,
        10,
        0,
        0,
        2,
        2,
        7,
        7,
        9,
        9,
        9,
        9,
        11,
        11,
        7,
        7,
        9,
        9,
        10,
        10,
        10,
        10,
        0,
        0,
        2,
        2,
        7,
        7,
        9,
        9,
        9,
        9,
        11,
        11
    ],
    "octaves": [
        4,
        5,
        4,
        5,
        4,
        5,
        4,
        5,
        5,
        6,
        5,
        6,
        4,
        5,
        4,
        5,
        4,
        5,
        4,
        5,
        4,
        5,
        4,
        5,
        4,
        5,
        4,
        5,
        5,
        6,
        5,
        6,
        4,
        5,
        4,
        5,
        4,
        5,
        4,
        5
    ]
}