{
    "min_pitch": 84,
    "max_pitch": 95,
    "avg_pitch": 89.86666666666666,
    "avg_duration": 0.583750000000001,
    "avg_position": 90.64800000000001,
    "note_density": 0.851063829787234,
    "pitch_classes": [
        10,
        7,
        3,
        10,
        7,
        3,
        10,
        5,
        2,
        5,
        10,
        2,
        10,
        7,
        3,
        7,
        10,
        3,
        10,
        2,
        5,
        10,
        2,
        3,
        10,
        7,
        3,
        10,
        7,
        3,
        9,
        0,
        5,
        9,
        0,
        5,
        2,
        7,
        9,
        2,
        2,
        9,
        7,
        2,
        9,
        6,
        2,
        6,
        9,
        2,
        2,
        2,
        9,
        11,
        2,
        7,
        11,
        11,
        2,
        7,
        10,
        7,
        3,
        10,
        7,
        3,
        10,
        5,
        2,
        5,
        10,
        2,
        10,
        7,
        3,
        7,
        10,
        3,
        10,
        2,
        5,
        10,
        2,
        3,
        10,
        7,
        3,
        10,
        7,
        3,
        9,
        0,
        5,
        9,
        0,
        5,
        2,
        7,
        9,
        2,
        2,
        9,
        7,
        2,
        9,
        6,
        2,
        6,
        9,
        2,
        2,
        2,
        9,
        11,
        2,
        7,
        11,
        11,
        2,
        7
    ],
    "octaves": [
        7,
        7,
        7,
        7,
        7,
        7,
        7,
        7,
        7,
        7,
        7,
        7,
        7,
        7,
        7,
        7,
        7,
        7,
        7,
        7,
        7,
        7,
        7,
        7,
        7,
        7,
        7,
        7,
        7,
        7,
        7,
        7,
        7,
        7,
        7,
        7,
        7,
        7,
        7,
        7,
        7,
        7,
        7,
        7,
        7,
        7,
        7,
        7,
        7,
        7,
        7,
        7,
        7,
        7,
        7,
        7,
        7,
        7,
        7,
        7,
        7,
        7,
        7,
        7,
        7,
        7,
        7,
        7,
        7,
        7,
        7,
        7,
        7,
        7,
        7,
        7,
        7,
        7,
        7,
        7,
        7,
        7,
        7,
        7,
        7,
        7,
        7,
        7,
        7,
        7,
        7,
        7,
        7,
        7,
        7,
        7,
        7,
        7,
        7,
        7,
        7,
        7,
        7,
        7,
        7,
        7,
        7,
        7,
        7,
        7,
        7,
        7,
        7,
        7,
        7,
        7,
        7,
        7,
        7,
        7
    ]
}