{
    "min_pitch": 69,
    "max_pitch": 79,
    "avg_pitch": 74.6,
    "avg_duration": 0.1933333333333315,
    "avg_position": 159.95999999999995,
    "note_density": 0.1774447949526814,
    "pitch_classes": [
        11,
        7,
        2,
        7,
        0,
        4,
        7,
        11,
        2,
        9,
        0,
        7,
        2,
        7,
        11,
        11,
        7,
        2,
        7,
        0,
        4,
        7,
        11,
        2,
        9,
        0,
        7,
        2,
        7,
        11,
        11,
        7,
        2,
        7,
        0,
        4,
        7,
        11,
        2,
        9,
        0,
        7,
        2,
        7,
        11
    ],
    "octaves": [
        5,
        6,
        6,
        6,
        6,
        6,
        6,
        5,
        6,
        5,
        6,
        6,
        6,
        6,
        5,
        5,
        6,
        6,
        6,
        6,
        6,
        6,
        5,
        6,
        5,
        6,
        6,
        6,
        6,
        5,
        5,
        6,
        6,
        6,
        6,
        6,
        6,
        5,
        6,
        5,
        6,
        6,
        6,
        6,
        5
    ]
}