{
    "min_pitch": 48,
    "max_pitch": 79,
    "avg_pitch": 64.48966408268734,
    "avg_duration": 0.33700581395348883,
    "avg_position": 161.48434431524552,
    "note_density": 2.879009085245078,
    "pitch_classes": [
        2,
        4,
        7,
        0,
        0,
        2,
        4,
        7,
        0,
        0,
        4,
        7,
        0,
        0,
        4,
        7,
        7,
        9,
        6,
        2,
        2,
        6,
        2,
        9,
        9,
        2,
        9,
        6,
        2,
        6,
        9,
        2,
        2,
        2,
        10,
        6,
        2,
        9,
        11,
        6,
        9,
        2,
        11,
        2,
        6,
        11,
        9,
        11,
        6,
        2,
        11,
        7,
        2,
        11,
        4,
        11,
        2,
        11,
        7,
        4,
        4,
        2,
        7,
        11,
        4,
        11,
        2,
        7,
        4,
        8,
        4,
        0,
        7,
        9,
        4,
        0,
        7,
        9,
        0,
        4,
        7,
        9,
        0,
        7,
        4,
        9,
        7,
        0,
        4,
        9,
        4,
        7,
        2,
        2,
        7,
        2,
        2,
        2,
        6,
        2,
        2,
        0,
        2,
        6,
        2,
        9,
        2,
        7,
        2,
        2,
        11,
        7,
        2,
        7,
        2,
        11,
        7,
        2,
        11,
        7,
        5,
        9,
        0,
        7,
        2,
        5,
        9,
        0,
        7,
        2,
        5,
        7,
        11,
        2,
        7,
        2,
        5,
        7,
        11,
        4,
        7,
        7,
        0,
        4,
        0,
        3,
        4,
        7,
        0,
        9,
        0,
        1,
        0,
        4,
        7,
        0,
        4,
        1,
        6,
        9,
        2,
        2,
        2,
        9,
        2,
        6,
        2,
        2,
        2,
        6,
        2,
        2,
        0,
        2,
        6,
        11,
        2,
        11,
        2,
        6,
        11,
        11,
        11,
        2,
        6,
        9,
        11,
        6,
        2,
        11,
        11,
        11,
        2,
        7,
        4,
        11,
        11,
        4,
        2,
        7,
        11,
        4,
        11,
        2,
        7,
        4,
        11,
        7,
        4,
        0,
        9,
        0,
        4,
        7,
        9,
        0,
        9,
        0,
        4,
        7,
        9,
        0,
        9,
        0,
        4,
        7,
        2,
        0,
        4,
        7,
        9,
        9,
        0,
        9,
        2,
        0,
        2,
        6,
        2,
        9,
        7,
        0,
        4,
        0,
        4,
        7,
        0,
        0,
        7,
        0,
        4,
        4,
        0,
        0,
        7,
        0,
        9,
        2,
        7,
        2,
        9,
        2,
        7,
        2,
        2,
        9,
        6,
        2,
        2,
        6,
        9,
        2,
        6,
        2,
        11,
        11,
        2,
        6,
        11,
        11,
        6,
        2,
        9,
        11,
        6,
        2,
        11,
        11,
        7,
        2,
        11,
        2,
        11,
        2,
        4,
        7,
        11,
        2,
        2,
        11,
        11,
        7,
        2,
        11,
        4,
        7,
        2,
        4,
        11,
        4,
        7,
        0,
        9,
        7,
        4,
        0,
        9,
        4,
        7,
        9,
        4,
        0,
        7,
        9,
        7,
        9,
        2,
        2,
        7,
        2,
        9,
        2,
        2,
        6,
        9,
        2,
        6,
        2,
        9,
        2,
        2,
        2,
        10,
        5,
        11,
        7,
        2,
        4,
        7,
        7,
        7,
        7,
        2,
        4,
        7,
        7,
        4,
        7,
        4,
        2,
        7,
        11,
        2,
        3,
        7,
        7,
        4,
        2,
        2,
        11,
        10,
        7,
        9,
        0,
        7,
        4,
        0,
        4,
        0,
        7,
        4,
        0,
        4,
        0,
        6,
        9,
        2,
        2,
        9,
        6,
        2,
        2,
        2,
        2,
        2,
        6,
        9,
        2,
        0,
        2,
        11,
        2,
        6,
        11,
        2,
        2,
        11,
        6,
        2,
        11,
        2,
        6,
        11,
        6,
        9,
        9,
        11,
        2,
        11,
        2,
        11,
        4,
        2,
        7,
        4,
        11,
        2,
        7,
        9,
        11,
        7,
        2,
        11,
        4,
        0,
        7,
        0,
        4,
        7,
        0,
        4,
        7,
        0,
        4,
        0,
        7,
        0,
        4,
        7,
        0,
        0,
        4,
        7,
        11,
        2,
        7,
        2,
        5,
        10,
        2,
        4,
        7,
        0,
        7,
        2,
        6,
        9,
        2,
        11,
        4,
        4,
        4,
        9,
        11,
        11,
        5,
        2,
        4,
        4,
        7,
        11,
        6,
        11,
        9,
        4,
        0,
        7,
        2,
        9,
        6,
        2,
        9,
        7,
        2,
        7,
        11,
        7,
        10,
        3,
        7,
        3,
        0,
        2,
        5,
        0,
        5,
        2,
        10,
        3,
        7,
        3,
        10,
        0,
        5,
        2,
        3,
        7,
        3,
        10,
        7,
        5,
        0,
        9,
        5,
        2,
        7,
        2,
        9,
        2,
        2,
        2,
        7,
        9,
        7,
        2,
        2,
        2,
        2,
        2,
        6,
        2,
        9,
        2,
        2,
        11,
        2,
        11,
        2,
        9,
        7,
        9,
        11,
        2,
        7,
        2,
        9,
        11,
        7,
        7,
        0,
        4,
        0,
        4,
        7,
        0,
        0,
        7,
        0,
        4,
        4,
        0,
        0,
        7,
        0,
        9,
        2,
        7,
        2,
        9,
        2,
        7,
        2,
        2,
        9,
        6,
        2,
        2,
        6,
        9,
        2,
        6,
        2,
        11,
        11,
        2,
        6,
        11,
        11,
        6,
        2,
        9,
        11,
        6,
        2,
        11,
        11,
        7,
        2,
        11,
        2,
        11,
        2,
        4,
        7,
        11,
        2,
        2,
        11,
        11,
        7,
        2,
        11,
        4,
        7,
        2,
        4,
        11,
        4,
        7,
        0,
        9,
        7,
        4,
        0,
        9,
        4,
        7,
        9,
        4,
        0,
        7,
        9,
        7,
        9,
        2,
        2,
        7,
        2,
        9,
        2,
        2,
        6,
        9,
        2,
        6,
        2,
        9,
        2,
        2,
        2,
        10,
        5,
        11,
        7,
        2,
        4,
        7,
        7,
        7,
        7,
        2,
        4,
        7,
        7,
        4,
        7,
        4,
        2,
        7,
        11,
        2,
        3,
        7,
        7,
        4,
        2,
        2,
        11,
        10,
        7,
        9,
        0,
        7,
        4,
        0,
        4,
        0,
        7,
