{
    "min_pitch": 53,
    "max_pitch": 74,
    "avg_pitch": 63.363436123348016,
    "avg_duration": 0.18899229074889848,
    "avg_position": 131.15725770925098,
    "note_density": 1.7003108497809072,
    "pitch_classes": [
        11,
        2,
        7,
        5,
        10,
        2,
        0,
        7,
        4,
        7,
        2,
        9,
        9,
        6,
        2,
        7,
        11,
        2,
        5,
        2,
        10,
        0,
        7,
        4,
        2,
        9,
        7,
        0,
        2,
        6,
        9,
        2,
        11,
        7,
        5,
        2,
        10,
        0,
        7,
        4,
        7,
        2,
        9,
        2,
        6,
        9,
        11,
        4,
        7,
        11,
        2,
        6,
        4,
        11,
        7,
        2,
        11,
        2,
        6,
        9,
        0,
        7,
        4,
        2,
        9,
        7,
        2,
        6,
        9,
        11,
        2,
        7,
        3,
        10,
        7,
        10,
        2,
        5,
        10,
        3,
        7,
        2,
        10,
        5,
        3,
        10,
        7,
        5,
        0,
        9,
        7,
        2,
        9,
        2,
        6,
        9,
        7,
        11,
        2,
        4,
        7,
        0,
        2,
        6,
        9,
        11,
        6,
        2,
        11,
        4,
        2,
        7,
        9,
        0,
        4,
        7,
        9,
        2,
        7,
        9,
        2,
        6,
        9,
        11,
        2,
        7,
        0,
        4,
        7,
        6,
        2,
        9,
        11,
        2,
        6,
        7,
        4,
        11,
        2,
        7,
        4,
        9,
        0,
        7,
        9,
        2,
        9,
        6,
        2,
        11,
        2,
        7,
        10,
        2,
        5,
        0,
        7,
        4,
        2,
        9,
        7,
        6,
        9,
        2,
        7,
        2,
        11,
        10,
        2,
        5,
        0,
        4,
        7,
        7,
        2,
        9,
        6,
        2,
        9,
        11,
        7,
        2,
        2,
        10,
        5,
        4,
        0,
        7,
        2,
        7,
        9,
        6,
        9,
        2,
        4,
        7,
        11,
        11,
        2,
        6,
        4,
        11,
        7,
        2,
        9,
        4,
        0,
        7,
        6,
        11,
        2,
        4,
        7,
        0,
        6,
        2,
        9,
        2,
        7,
        11,
        3,
        10,
        7,
        2,
        10,
        5,
        7,
        10,
        3,
        10,
        2,
        5,
        3,
        10,
        7,
        5,
        0,
        9,
        2,
        7,
        9,
        6,
        2,
        9,
        2,
        7,
        11,
        4,
        0,
        7,
        6,
        2,
        9,
        2,
        6,
        11,
        4,
        2,
        11,
        7,
        4,
        0,
        9,
        6,
        0,
        2,
        2,
        11,
        7,
        4,
        0,
        7,
        6,
        9,
        2,
        6,
        11,
        2,
        2,
        4,
        11,
        7,
        4,
        9,
        0,
        7,
        7,
        9,
        2,
        9,
        6,
        2,
        2,
        7,
        11,
        2,
        10,
        5,
        4,
        0,
        7,
        9,
        7,
        2,
        9,
        6,
        2,
        7,
        4,
        11,
        6,
        11,
        2,
        11,
        4,
        7,
        2,
        11,
        6,
        0,
        4,
        7,
        7,
        9,
        2,
        6,
        9,
        2,
        11,
        2,
        7,
        3,
        10,
        7,
        10,
        2,
        5,
        10,
        3,
        7,
        10,
        5,
        2,
        10,
        3,
        7,
        0,
        5,
        9,
        7,
        2,
        9,
        9,
        6,
        2,
        7,
        11,
        2,
        0,
        4,
        7,
        2,
        6,
        9,
        11,
        2,
        6,
        7,
        11,
        4,
        2,
        9,
        7,
        0,
        4,
        2,
        7,
        9,
        0,
        9,
        2,
        6,
        7,
        2,
        11,
        0,
        7,
        4,
        2,
        6,
        9,
        11,
        2,
        6,
        11,
        7,
        4,
        2,
        0,
        4,
        9,
        2,
        6,
        9,
        7,
        2,
        11,
        0,
        7,
        4,
        2,
        9,
        6,
        11,
        6,
        2,
        11,
        2,
        7,
        4,
        0,
        9,
        4,
        7,
        9,
        6,
        2,
        0,
        7,
        2,
        11,
        7,
        0,
        4,
        9,
        2,
        6,
        11,
        2,
        6,
        11,
        2,
        4,
        7,
        9,
        0,
        4,
        7,
        6,
        2,
        9,
        11,
        2,
        7
    ],