{
    "min_pitch": 47,
    "max_pitch": 59,
    "avg_pitch": 52.55952380952381,
    "avg_duration": 0.8695436507936507,
    "avg_position": 171.81031746031744,
    "note_density": 0.9827434922491958,
    "pitch_classes": [
        9,
        9,
        9,
        2,
        9,
        2,
        9,
        2,
        9,
        2,
        4,
        6,
        7,
        2,
        7,
        9,
        2,
        9,
        2,
        3,
        11,
        4,
        11,
        4,
        11,
        4,
        9,
        4,
        9,
        11,
        1,
        2,
        9,
        2,
        9,
        11,
        1,
        2,
        9,
        2,
        9,
        7,
        2,
        7,
        2,
        9,
        2,
        3,
        3,
        4,
        11,
        9,
        9,
        2,
        1,
        11,
        11,
        4,
        11,
        4,
        4,
        9,
        4,
        9,
        9,
        11,
        1,
        2,
        9,
        2,
        9,
        7,
        2,
        7,
        2,
        9,
        2,
        3,
        3,
        4,
        11,
        9,
        9,
        2,
        1,
        11,
        11,
        9,
        4,
        9,
        9,
        2,
        9,
        2,
        2,
        4,
        6,
        7,
        4,
        2,
        7,
        7,
        2,
        7,
        1,
        4,
        6,
        4,
        9,
        2,
        9,
        2,
        2,
        4,
        5,
        6,
        6,
        1,
        6,
        1,
        11,
        6,
        11,
        9,
        7,
        4,
        9,
        4,
        9,
        9,
        9,
        11,
        1,
        2,
        9,
        2,
        9,
        7,
        2,
        7,
        2,
        9,
        2,
        3,
        3,
        4,
        11,
        9,
        9,
        2,
        1,
        11,
        11,
        9,
        4,
        9,
        9,
        2,
        9,
        2,
        9,
        9,
        9,
        2,
        9,
        2,
        9,
        2,
        9,
        2,
        4,
        6,
        7,
        2,
        7,
        9,
        2,
        9,
        2,
        3,
        11,
        4,
        11,
        4,
        11,
        4,
        9,
        4,
        9,
        11,
        1,
        2,
        9,
        2,
        9,
        11,
        1,
        2,
        9,
        2,
        9,
        7,
        2,
        7,
        2,
        9,
        2,
        3,
        3,
        4,
        11,
        9,
        9,
        2,
        1,
        11,
        11,
        4,
        11,
        4,
        4,
        9,
        4,
        9,
        9,
        11,
        1,
        2,
        9,
        2,
        9,
        7,
        2,
        7,
        2,
        9,
        2,
        3,
        3,
        4,
        11,
        9,
        9,
        2,
        1,
        11,
        11,
        9,
        4,
        9,
        9,
        2,
        9,
        2,
        2,
        4,
        6,
        7,
        4,
        2,
        7,
        7,
        2,
        7,
        1,
        4,
        6,
        4,
        9,
        2,
        9,
        2,
        2,
        4,
        5,
        6,
        6,
        1,
        6,
        1,
        11,
        6,
        11,
        9,
        7,
        4,
        9,
        4,
        9,
        9,
        9,
        11,
        1,
        2,
        9,
        2,
        9,
        7,
        2,
        7,
        2,
        9,
        2,
        3,
        3,
        4,
        11,
        9,
        9,
        2,
        1,
        11,
        11,
        9,
        4,
        9,
        4,
        9,
        9,
        9,
        9,
        7,
        7,
        7,
        7,
        2,
        9,
        2,
        0,
        0,
        2,
        0,
        11,
        10,
        10,
        2
    ],
    "octaves": [
        4,
        4,
        4,
        4,
        4,
        4,
        4,
        4,
        4,
        4,
        4,
        4,
        4,
        4,
        4,
        4,
        4,
        4,
        4,
        4,
        3,
        4,
        3,
        4,
        3,
        4,
        4,
        4,
        4,
        3,
        4,
        4,
        4,
        4,
        4,
        3,
        4,
        4,
        4,
        4,
        4,
        4,
        4,
        4,
        4,
        4,
        4,
        4,
        4,
        4,
        3,
        4,
        4,
        4,
        4,
        3,
        3,
        4,
        3,
        4,
        4,
        4,
        4,
        4,
        4,
        3,
        4,
        4,
        4,
        4,
        4,
        4,
        4,
        4,
        4,
        4,
        4,
        4,
        4,
        4,
        3,
        4,
        4,
        4,
        4,
        3,
        3,
        4,
        4,
        4,
        4,
        4,
        4,
        4,
        4,
        4,
        4,
        4,
        4,
        4,
        4,
        4,
        4,
        4,
        4,
        4,
        4,
        4,
        4,
        4,
        4,
        4,
        4,
        4,
        4,
        4,
        4,
        4,
        4,
        4,
        3,
        4,
        4,
        4,
        4,
        4,
        4,
        4,
        4,
        4,
        4,
        3,
        4,
        4,
        4,
        4,
        4,
        4,
        4,
        4,
        4,
        4,
        4,
        4,
        4,
        4,
        3,
        4,
        4,
        4,
        4,
        3,
        3,
        4,
        4,
        4,
        4,
        4,
        4,
        4,
        4,
        4,
        4,
        4,
        4,
        4,
        4,
        4,
        4,
        4,
        4,
        4,
        4,
        4,
        4,
        4,
        4,
        4,
        4,
        4,
        3,
        4,
        3,
        4,
        3,
        4,
        4,
        4,
        4,
        3,
        4,
        4,
        4,
        4,
        4,
        3,
        4,
        4,
        4,
        4,
        4,
        4,
        4,
        4,
        4,
        4,
        4,
        4,
        4,
        4,
        3,
        4,
        4,
        4,
        4,
        3,
        3,
        4,
        3,
        4,
        4,
        4,
        4,
        4,
        4,
        3,
        4,
        4,
        4,
        4,
        4,
        4,
        4,
        4,
        4,
        4,
        4,
        4,
        4,
        4,
        3,
        4,
        4,
        4,
        4,
        3,
        3,
        4,
        4,
        4,
        4,
        4,
        4,
        4,
        4,
        4,
        4,
        4,
        4,
        4,
        4,
        4,
        4,
        4,
        4,
        4,
        4,
        4,
        4,
        4,
        4,
        4,
        4,
        4,
        4,
        4,
        4,
        4,
        4,
        4,
        3,
        4,
        4,
        4,
        4,
        4,
        4,
        4,
        4,
        4,
        4,
        3,
        4,
        4,
        4,
        4,
        4,
        4,
        4,
        4,
        4,
        4,
        4,
        4,
        4,
        4,
        3,
        4,
        4,
        4,
        4,
        3,
        3,
        4,
        4,
        4,
        4,
        4,
        4,
        4,
        4,
        4,
        4,
        4,
        4,
        4,
        4,
        4,
        4,
        4,
        4,
        4,
        3,
        4,
        4,
        4
    ]
}