{
    "min_pitch": 69,
    "max_pitch": 95,
    "avg_pitch": 81.83088235294117,
    "avg_duration": 0.942524509803921,
    "avg_position": 152.482475490196,
    "note_density": 0.3969064643221947,
    "pitch_classes": [
        11,
        6,
        9,
        6,
        4,
        2,
        6,
        2,
        4,
        2,
        11,
        2,
        11,
        9,
        9,
        11,
        9,
        6,
        9,
        6,
        11,
        1,
        11,
        9,
        4,
        7,
        6,
        2,
        6,
        4,
        2,
        11,
        9,
        9,
        11,
        9,
        0,
        11,
        9,
        8,
        4,
        7,
        4,
        9,
        6,
        4,
        2,
        11,
        9,
        9,
        11,
        9,
        0,
        6,
        4,
        2,
        11,
        9,
        9,
        11,
        9,
        0,
        11,
        6,
        9,
        6,
        4,
        2,
        6,
        2,
        4,
        2,
        11,
        2,
        11,
        9,
        9,
        11,
        9,
        6,
        9,
        6,
        11,
        1,
        11,
        9,
        4,
        7,
        6,
        2,
        6,
        4,
        2,
        11,
        9,
        9,
        11,
        9,
        0,
        11,
        9,
        8,
        4,
        7,
        4,
        9,
        6,
        4,
        2,
        11,
        9,
        9,
        11,
        9,
        0,
        6,
        4,
        2,
        11,
        9,
        9,
        11,
        9,
        0,
        9,
        6,
        4,
        2,
        9,
        6,
        4,
        2,
        7,
        10,
        2,
        2
    ],
    "octaves": [
        6,
        6,
        6,
        6,
        6,
        6,
        6,
        7,
        7,
        7,
        6,
        7,
        6,
        6,
        6,
        6,
        6,
        6,
        6,
        6,
        6,
        6,
        5,
        5,
        6,
        6,
        6,
        6,
        7,
        7,
        7,
        6,
        6,
        6,
        6,
        6,
        7,
        7,
        7,
        7,
        6,
        6,
        6,
        6,
        7,
        7,
        7,
        6,
        6,
        6,
        6,
        6,
        7,
        7,
        7,
        7,
        6,
        6,
        6,
        6,
        6,
        7,
        6,
        6,
        6,
        6,
        6,
        6,
        6,
        7,
        7,
        7,
        6,
        7,
        6,
        6,
        6,
        6,
        6,
        6,
        6,
        6,
        6,
        6,
        5,
        5,
        6,
        6,
        6,
        6,
        7,
        7,
        7,
        6,
        6,
        6,
        6,
        6,
        7,
        7,
        7,
        7,
        6,
        6,
        6,
        6,
        7,
        7,
        7,
        6,
        6,
        6,
        6,
        6,
        7,
        7,
        7,
        7,
        6,
        6,
        6,
        6,
        6,
        7,
        6,
        6,
        6,
        6,
        6,
        6,
        6,
        6,
        6,
        6,
        7,
        7
    ]
}