{
    "min_pitch": 54,
    "max_pitch": 76,
    "avg_pitch": 66.20643939393939,
    "avg_duration": 0.5327335858585853,
    "avg_position": 185.84542297979795,
    "note_density": 1.5406312308515295,
    "pitch_classes": [
        6,
        2,
        9,
        2,
        6,
        9,
        2,
        6,
        9,
        2,
        6,
        9,
        2,
        7,
        11,
        2,
        11,
        7,
        2,
        6,
        9,
        2,
        6,
        9,
        9,
        11,
        3,
        6,
        11,
        6,
        3,
        9,
        4,
        7,
        11,
        11,
        4,
        7,
        1,
        4,
        9,
        1,
        4,
        9,
        6,
        2,
        9,
        2,
        6,
        9,
        2,
        2,
        9,
        6,
        2,
        6,
        9,
        2,
        11,
        7,
        11,
        2,
        7,
        6,
        2,
        9,
        3,
        6,
        9,
        4,
        11,
        7,
        1,
        4,
        9,
        2,
        6,
        9,
        2,
        6,
        11,
        7,
        4,
        11,
        4,
        8,
        11,
        4,
        9,
        1,
        1,
        4,
        9,
        2,
        6,
        9,
        2,
        6,
        9,
        2,
        11,
        7,
        2,
        11,
        7,
        6,
        2,
        9,
        3,
        6,
        9,
        4,
        11,
        7,
        1,
        4,
        9,
        2,
        6,
        9,
        2,
        6,
        11,
        1,
        4,
        9,
        1,
        4,
        9,
        2,
        6,
        9,
        2,
        6,
        9,
        7,
        11,
        2,
        2,
        7,
        7,
        2,
        11,
        5,
        8,
        11,
        6,
        1,
        9,
        4,
        7,
        11,
        6,
        9,
        2,
        6,
        2,
        2,
        6,
        9,
        6,
        1,
        9,
        1,
        6,
        11,
        2,
        6,
        9,
        11,
        6,
        2,
        9,
        7,
        9,
        2,
        11,
        4,
        8,
        11,
        2,
        9,
        1,
        4,
        1,
        9,
        4,
        1,
        4,
        9,
        2,
        6,
        9,
        2,
        6,
        9,
        2,
        11,
        7,
        2,
        7,
        11,
        6,
        9,
        2,
        3,
        6,
        9,
        4,
        11,
        7,
        1,
        4,
        9,
        2,
        6,
        9,
        2,
        6,
        11,
        1,
        4,
        9,
        1,
        4,
        9,
        6,
        2,
        9,
        2,
        6,
        9,
        6,
        2,
        9,
        2,
        6,
        9,
        2,
        6,
        9,
        2,
        6,
        9,
        2,
        7,
        11,
        2,
        11,
        7,
        2,
        6,
        9,
        2,
        6,
        9,
        9,
        11,
        6,
        3,
        6,
        11,
        3,
        9,
        11,
        4,
        7,
        4,
        7,
        11,
        1,
        9,
        4,
        1,
        4,
        9,
        6,
        2,
        9,
        2,
        6,
        9,
        2,
        2,
        9,
        6,
        2,
        6,
        9,
        2,
        11,
        7,
        11,
        2,
        7,
        6,
        2,
        9,
        3,
        6,
        9,
        4,
        11,
        7,
        1,
        4,
        9,
        2,
        6,
        9,
        2,
        6,
        11,
        7,
        4,
        11,
        4,
        8,
        11,
        4,
        9,
        1,
        1,
        4,
        9,
        2,
        6,
        9,
        2,
        6,
        9,
        2,
        11,
        7,
        2,
        7,
        11,
        6,
        9,
        2,
        3,
        6,
        9,
        4,
        11,
        7,
        1,
        4,
        9,
        2,
        6,
        9,
        2,
        6,
        11,
        1,
        4,
        9,
        1,
        4,
        9,
        6,
        2,
        9,
        2,
        6,
        9,
        7,
        11,
        2,
        2,
        7,
        7,
        2,
        11,
        5,
        8,
        11,
        6,
        1,
        9,
        4,
        7,
        11,
        6,
        9,
        2,
        6,
        2,
        2,
        6,
        9,
        6,
        1,
        1,
        9,
        6,
        11,
        2,
        6,
        9,
        11,
        6,
        2,
        9,
        7,
        9,
        2,
        11,
        4,
        8,
        11,
        2,
        9,
        1,
        4,
        1,
        9,
        4,
        1,
        4,
        9,
        2,
        6,
        9,
        2,
        6,
        9,
        2,
        11,
        7,
        2,
        7,
        11,
        6,
        9,
        2,
        3,
        6,
        9,
        4,
        7,
        11,
        1,
        4,
        9,
        2,
        6,
        9,
        2,
        6,
        11,
        1,
        4,
        9,
        1,
        4,
        9,
        9,
        1,
        4,
        9,
        1,
        4,
        9,
        1,
        4,
        9,
        1,
        4,
        7,
        11,
        2,
        11,
        7,
        2,
        2,
        7,
        11,
        11,
        7,
        2,
        7,
        11,
        2,
        7,
        11,
        2,
        7,
        11,
        2,
        2,
        6,
        9,
        6,
        9,
        2,
        2,
        6,
        9,
        6,
        9,
        2,
        4,
        9,
        0,
        9,
        0,
        4,
        9,
        0,
        9,
        4,
        2,
        11,
        7,
        7,
        2,
        11,
        10,
        5,
        2,
        5,
        2,
        10,
        9,
        2,
        6
    ],