{
    "min_pitch": 57,
    "max_pitch": 98,
    "avg_pitch": 76.67716535433071,
    "avg_duration": 1.221784776902888,
    "avg_position": 176.61653543307082,
    "note_density": 0.37067665515396214,
    "pitch_classes": [
        2,
        4,
        6,
        2,
        9,
        2,
        11,
        2,
        7,
        6,
        7,
        9,
        0,
        11,
        9,
        7,
        11,
        4,
        2,
        1,
        4,
        9,
        7,
        6,
        2,
        4,
        6,
        6,
        7,
        9,
        11,
        2,
        11,
        1,
        11,
        9,
        7,
        6,
        7,
        6,
        4,
        2,
        9,
        2,
        4,
        6,
        11,
        9,
        2,
        1,
        11,
        4,
        1,
        11,
        9,
        2,
        4,
        6,
        2,
        9,
        2,
        11,
        2,
        7,
        6,
        7,
        9,
        0,
        11,
        9,
        7,
        11,
        4,
        2,
        1,
        4,
        9,
        7,
        6,
        2,
        4,
        6,
        6,
        7,
        9,
        11,
        2,
        11,
        1,
        11,
        9,
        7,
        6,
        7,
        6,
        4,
        2,
        9,
        2,
        4,
        6,
        11,
        9,
        2,
        1,
        11,
        4,
        1,
        11,
        9,
        9,
        11,
        2,
        1,
        9,
        6,
        4,
        2,
        9,
        6,
        4,
        2,
        7,
        10,
        2,
        6,
        2
    ],
    "octaves": [
        5,
        5,
        5,
        5,
        4,
        5,
        4,
        5,
        5,
        5,
        5,
        5,
        6,
        5,
        5,
        5,
        5,
        6,
        6,
        6,
        6,
        6,
        6,
        6,
        6,
        6,
        6,
        6,
        6,
        6,
        6,
        7,
        6,
        7,
        6,
        6,
        6,
        6,
        6,
        6,
        6,
        6,
        5,
        6,
        6,
        6,
        6,
        6,
        7,
        7,
        6,
        7,
        7,
        6,
        6,
        5,
        5,
        5,
        5,
        4,
        5,
        4,
        5,
        5,
        5,
        5,
        5,
        6,
        5,
        5,
        5,
        5,
        6,
        6,
        6,
        6,
        6,
        6,
        6,
        6,
        6,
        6,
        6,
        6,
        6,
        6,
        7,
        6,
        7,
        6,
        6,
        6,
        6,
        6,
        6,
        6,
        6,
        5,
        6,
        6,
        6,
        6,
        6,
        7,
        7,
        6,
        7,
        7,
        6,
        6,
        5,
        5,
        6,
        6,
        7,
        7,
        7,
        7,
        7,
        7,
        7,
        7,
        7,
        7,
        8,
        7,
        8
    ]
}