{
    "min_pitch": 37,
    "max_pitch": 81,
    "avg_pitch": 62.78013029315961,
    "avg_duration": 1.5203583061889245,
    "avg_position": 179.39997285559184,
    "note_density": 1.7953216374269005,
    "pitch_classes": [
        7,
        7,
        11,
        2,
        7,
        7,
        2,
        2,
        6,
        2,
        9,
        3,
        11,
        3,
        9,
        3,
        6,
        7,
        11,
        4,
        4,
        4,
        9,
        1,
        4,
        9,
        9,
        2,
        6,
        2,
        9,
        2,
        9,
        9,
        4,
        1,
        9,
        9,
        4,
        1,
        6,
        9,
        2,
        2,
        9,
        6,
        0,
        11,
        2,
        7,
        7,
        2,
        7,
        11,
        9,
        6,
        2,
        2,
        6,
        9,
        3,
        6,
        9,
        3,
        4,
        4,
        7,
        11,
        4,
        1,
        9,
        1,
        9,
        4,
        2,
        6,
        2,
        9,
        2,
        6,
        11,
        11,
        4,
        8,
        2,
        11,
        4,
        2,
        8,
        11,
        11,
        11,
        9,
        4,
        9,
        4,
        1,
        9,
        9,
        1,
        1,
        9,
        4,
        2,
        2,
        2,
        9,
        6,
        2,
        11,
        7,
        7,
        7,
        2,
        2,
        2,
        6,
        9,
        3,
        3,
        3,
        6,
        9,
        4,
        4,
        4,
        11,
        7,
        9,
        1,
        11,
        9,
        9,
        4,
        9,
        2,
        2,
        2,
        9,
        6,
        11,
        6,
        11,
        11,
        6,
        11,
        2,
        1,
        9,
        9,
        9,
        4,
        9,
        1,
        9,
        9,
        6,
        2,
        2,
        2,
        6,
        9,
        2,
        2,
        6,
        9,
        0,
        2,
        7,
        7,
        2,
        7,
        11,
        1,
        11,
        1,
        1,
        8,
        5,
        1,
        6,
        6,
        9,
        6,
        4,
        4,
        7,
        11,
        4,
        9,
        2,
        2,
        6,
        2,
        6,
        9,
        1,
        6,
        6,
        11,
        11,
        11,
        2,
        6,
        9,
        2,
        6,
        2,
        7,
        2,
        11,
        7,
        2,
        8,
        4,
        4,
        11,
        4,
        9,
        1,
        4,
        9,
        1,
        4,
        9,
        9,
        9,
        9,
        1,
        1,
        9,
        4,
        2,
        2,
        2,
        9,
        6,
        2,
        11,
        7,
        7,
        7,
        2,
        2,
        2,
        6,
        9,
        3,
        3,
        3,
        6,
        9,
        4,
        4,
        4,
        11,
        7,
        9,
        1,
        11,
        9,
        9,
        4,
        9,
        2,
        2,
        2,
        9,
        6,
        11,
        6,
        11,
        11,
        6,
        2,
        11,
        1,
        9,
        9,
        9,
        4,
        9,
        1,
        9,
        9,
        6,
        2,
        2,
        2,
        6,
        9,
        2,
        2,
        6,
        9,
        2,
        7,
        7,
        11,
        2,
        7,
        7,
        2,
        2,
        6,
        9,
        2,
        3,
        3,
        9,
        11,
        6,
        3,
        7,
        11,
        4,
        4,
        4,
        9,
        1,
        4,
        9,
        9,
        2,
        6,
        2,
        9,
        2,
        9,
        9,
        4,
        1,
        9,
        9,
        4,
        1,
        6,
        9,
        2,
        2,
        6,
        9,
        0,
        11,
        2,
        7,
        7,
        2,
        7,
        11,
        9,
        6,
        2,
        2,
        6,
        9,
        3,
        6,
        9,
        3,
        4,
        4,
        7,
        11,
        4,
        1,
        9,
        1,
        9,
        4,
        2,
        6,
        2,
        9,
        2,
        6,
        11,
        11,
        4,
        8,
        2,
        11,
        4,
        2,
        8,
        11,
        11,
        11,
        9,
        4,
        9,
        4,
        1,
        9,
        9,
        1,
        1,
        9,
        4,
        2,
        2,
        2,
        9,
        6,
        2,
        11,
        7,
        7,
        7,
        2,
        2,
        2,
        6,
        9,
        3,
        3,
        3,
        6,
        9,
        4,
        4,
        4,
        11,
        7,
        9,
        1,
        11,
        9,
        9,
        4,
        9,
        2,
        2,
        2,
        9,
        6,
        11,
        6,
        11,
        11,
        6,
        2,
        11,
        1,
        9,
        9,
        9,
        4,
        9,
        1,
        9,
        9,
        6,
        2,
        2,
        2,
        6,
        9,
        2,
        2,
        6,
        9,
        0,
        2,
        7,
        7,
        2,
        7,
        11,
        1,
        11,
        1,
        1,
        8,
        5,
        1,
        6,
        6,
        9,
        6,
        4,
        4,
        7,
        11,
        4,
        2,
        9,
        2,
        6,
        2,
        6,
        9,
        1,
        6,
        6,
        11,
        11,
        11,
        6,
        2,
        9,
        2,
        6,
        2,
        7,
        2,
        11,
        7,
        2,
        8,
        4,
        11,
        4,
        4,
        9,
        1,
        4,
        9,
        1,
        4,
        9,
        9,
        9,
        9,
        1,
        1,
        9,
        4,
        2,
        2,
        2,
        9,
        6,
        2,
        11,
        7,
        7,
        7,
        2,
        2,
        2,
        6,
        9,
        3,
        3,
        3,
        6,
        9,
        4,
        4,
        4,
        11,
        7,
        9,
        1,
        11,
        9,
        9,
        4,
        9,
        2,
        2,
        2,
        9,
        6,
        11,
        6,
        11,
        11,
        6,
        2,
        11,
        1,
        9,
        9,
        9,
        4,
        9,
        1,
        9,
        9,
        1,
        9,
        4,
        9,
        2,
        7,
        7,
        7,
        11,
        6,
        9,
        2,
        6,
        2,
        9,
        2,
        2,
        9,
        0,
        4,
        9,
        7,
        11,
        2,
        7,
        7,
        5,
        10,
        2,
        2,
        6,
        9,
        2
    ],