{
    "min_pitch": 62,
    "max_pitch": 76,
    "avg_pitch": 68.72131147540983,
    "avg_duration": 2.919945355191258,
    "avg_position": 193.7341530054644,
    "note_density": 0.17797228300510576,
    "pitch_classes": [
        7,
        11,
        3,
        7,
        4,
        4,
        1,
        6,
        2,
        5,
        11,
        8,
        1,
        6,
        9,
        4,
        11,
        7,
        2,
        1,
        7,
        8,
        4,
        9,
        1,
        7,
        11,
        3,
        7,
        4,
        4,
        1,
        6,
        2,
        5,
        11,
        8,
        1,
        6,
        9,
        4,
        11,
        7,
        2,
        1,
        7,
        8,
        4,
        9,
        1,
        6,
        2,
        4,
        0,
        2,
        11,
        7,
        5,
        10,
        6,
        9
    ],
    "octaves": [
        5,
        5,
        6,
        5,
        6,
        5,
        6,
        5,
        6,
        5,
        5,
        5,
        6,
        5,
        5,
        5,
        5,
        5,
        5,
        6,
        5,
        5,
        5,
        5,
        6,
        5,
        5,
        6,
        5,
        6,
        5,
        6,
        5,
        6,
        5,
        5,
        5,
        6,
        5,
        5,
        5,
        5,
        5,
        5,
        6,
        5,
        5,
        5,
        5,
        6,
        5,
        6,
        5,
        6,
        5,
        5,
        5,
        5,
        5,
        5,
        5
    ]
}