{
    "min_pitch": 69,
    "max_pitch": 88,
    "avg_pitch": 79.13496932515338,
    "avg_duration": 0.8031697341513292,
    "avg_position": 178.81809815950925,
    "note_density": 0.9860361949891616,
    "pitch_classes": [
        9,
        2,
        6,
        9,
        11,
        9,
        7,
        4,
        6,
        2,
        2,
        7,
        11,
        2,
        11,
        2,
        11,
        6,
        7,
        9,
        9,
        7,
        6,
        7,
        7,
        6,
        7,
        11,
        9,
        6,
        9,
        2,
        6,
        9,
        6,
        4,
        4,
        1,
        1,
        11,
        8,
        9,
        9,
        2,
        6,
        9,
        11,
        9,
        7,
        4,
        6,
        2,
        2,
        7,
        11,
        2,
        11,
        2,
        11,
        6,
        7,
        9,
        11,
        7,
        7,
        7,
        7,
        6,
        7,
        11,
        9,
        6,
        9,
        2,
        6,
        9,
        6,
        4,
        4,
        4,
        11,
        9,
        2,
        2,
        2,
        2,
        11,
        1,
        2,
        4,
        11,
        11,
        1,
        2,
        4,
        11,
        9,
        6,
        7,
        9,
        11,
        9,
        9,
        1,
        1,
        2,
        11,
        1,
        2,
        9,
        6,
        2,
        2,
        1,
        2,
        11,
        11,
        1,
        1,
        11,
        9,
        9,
        2,
        6,
        9,
        11,
        9,
        7,
        4,
        6,
        2,
        2,
        7,
        11,
        2,
        11,
        2,
        11,
        6,
        7,
        9,
        11,
        7,
        7,
        7,
        7,
        6,
        7,
        11,
        9,
        6,
        9,
        2,
        6,
        9,
        6,
        4,
        4,
        4,
        11,
        9,
        2,
        2,
        9,
        2,
        6,
        9,
        11,
        9,
        7,
        4,
        6,
        2,
        2,
        7,
        11,
        2,
        11,
        2,
        11,
        6,
        7,
        9,
        9,
        7,
        6,
        7,
        7,
        6,
        7,
        11,
        9,
        6,
        9,
        2,
        6,
        9,
        6,
        4,
        4,
        1,
        1,
        11,
        8,
        9,
        9,
        2,
        6,
        9,
        11,
        9,
        7,
        4,
        6,
        2,
        2,
        7,
        11,
        2,
        11,
        2,
        11,
        6,
        7,
        9,
        11,
        7,
        7,
        7,
        7,
        6,
        7,
        11,
        9,
        6,
        9,
        2,
        6,
        9,
        6,
        4,
        4,
        4,
        11,
        9,
        2,
        2,
        2,
        2,
        11,
        1,
        2,
        4,
        11,
        11,
        1,
        2,
        4,
        11,
        9,
        6,
        7,
        9,
        11,
        9,
        9,
        1,
        1,
        2,
        11,
        1,
        2,
        9,
        6,
        2,
        2,
        1,
        2,
        11,
        11,
        1,
        1,
        11,
        9,
        9,
        2,
        6,
        9,
        11,
        9,
        7,
        4,
        6,
        2,
        2,
        7,
        11,
        2,
        11,
        2,
        11,
        6,
        7,
        9,
        11,
        7,
        7,
        7,
        7,
        6,
        7,
        11,
        9,
        6,
        9,
        2,
        6,
        9,
        6,
        4,
        4,
        4,
        1,
        9,
        2,
        2
    ],
    "octaves": [
        5,
        6,
        6,
        6,
        6,
        6,
        6,
        6,
        6,
        6,
        6,
        6,
        6,
        7,
        6,
        7,
        6,
        6,
        6,
        6,
        5,
        6,
        6,
        6,
        6,
        6,
        6,
        6,
        6,
        6,
        5,
        6,
        6,
        6,
        6,
        6,
        6,
        7,
        7,
        6,
        6,
        6,
        5,
        6,
        6,
        6,
        6,
        6,
        6,
        6,
        6,
        6,
        6,
        6,
        6,
        7,
        6,
        7,
        6,
        6,
        6,
        6,
        5,
        6,
        6,
        6,
        6,
        6,
        6,
        6,
        6,
        6,
        5,
        6,
        6,
        6,
        6,
        6,
        6,
        6,
        5,
        5,
        6,
        6,
        7,
        7,
        6,
        7,
        7,
        7,
        6,
        6,
        7,
        7,
        7,
        6,
        6,
        6,
        6,
        6,
        6,
        6,
        6,
        7,
        7,
        7,
        6,
        7,
        7,
        6,
        6,
        6,
        6,
        6,
        6,
        6,
        6,
        7,
        7,
        6,
        6,
        5,
        6,
        6,
        6,
        6,
        6,
        6,
        6,
        6,
        6,
        6,
        6,
        6,
        7,
        6,
        7,
        6,
        6,
        6,
        6,
        5,
        6,
        6,
        6,
        6,
        6,
        6,
        6,
        6,
        6,
        5,
        6,
        6,
        6,
        6,
        6,
        6,
        6,
        5,
        5,
        6,
        6,
        5,
        6,
        6,
        6,
        6,
        6,
        6,
        6,
        6,
        6,
        6,
        6,
        6,
        7,
        6,
        7,
        6,
        6,
        6,
        6,
        5,
        6,
        6,
        6,
        6,
        6,
        6,
        6,
        6,
        6,
        5,
        6,
        6,
        6,
        6,
        6,
        6,
        7,
        7,
        6,
        6,
        6,
        5,
        6,
        6,
        6,
        6,
        6,
        6,
        6,
        6,
        6,
        6,
        6,
        6,
        7,
        6,
        7,
        6,
        6,
        6,
        6,
        5,
        6,
        6,
        6,
        6,
        6,
        6,
        6,
        6,
        6,
        5,
        6,
        6,
        6,
        6,
        6,
        6,
        6,
        5,
        5,
        6,
        6,
        7,
        7,
        6,
        7,
        7,
        7,
        6,
        6,
        7,
        7,
        7,
        6,
        6,
        6,
        6,
        6,
        6,
        6,
        6,
        7,
        7,
        7,
        6,
        7,
        7,
        6,
        6,
        6,
        6,
        6,
        6,
        6,
        6,
        7,
        7,
        6,
        6,
        5,
        6,
        6,
        6,
        6,
        6,
        6,
        6,
        6,
        6,
        6,
        6,
        6,
        7,
        6,
        7,
        6,
        6,
        6,
        6,
        5,
        6,
        6,
        6,
        6,
        6,
        6,
        6,
        6,
        6,
        5,
        6,
        6,
        6,
        6,
        6,
        6,
        6,
        6,
        5,
        6,
        6
    ]
}