{
    "min_pitch": 33,
    "max_pitch": 69,
    "avg_pitch": 56.75355450236967,
    "avg_duration": 3.2181674565560816,
    "avg_position": 177.66627172195896,
    "note_density": 0.6429006703229738,
    "pitch_classes": [
        4,
        9,
        1,
        9,
        6,
        9,
        2,
        7,
        11,
        7,
        6,
        9,
        2,
        11,
        7,
        4,
        9,
        1,
        4,
        9,
        9,
        2,
        11,
        6,
        2,
        11,
        7,
        8,
        4,
        11,
        9,
        1,
        9,
        4,
        9,
        1,
        9,
        6,
        9,
        2,
        7,
        11,
        7,
        6,
        9,
        2,
        11,
        7,
        4,
        9,
        1,
        4,
        9,
        9,
        2,
        11,
        6,
        11,
        2,
        9,
        1,
        9,
        9,
        4,
        6,
        2,
        2,
        9,
        2,
        4,
        9,
        1,
        9,
        6,
        9,
        2,
        7,
        11,
        7,
        6,
        9,
        2,
        11,
        7,
        4,
        9,
        1,
        4,
        9,
        9,
        2,
        11,
        6,
        2,
        11,
        9,
        1,
        9,
        9,
        4,
        6,
        2,
        2,
        9,
        2,
        4,
        9,
        1,
        9,
        6,
        9,
        2,
        7,
        11,
        7,
        6,
        9,
        2,
        11,
        7,
        4,
        9,
        1,
        4,
        9,
        9,
        2,
        11,
        6,
        2,
        11,
        7,
        8,
        4,
        11,
        9,
        1,
        9,
        4,
        9,
        1,
        9,
        6,
        9,
        2,
        7,
        11,
        7,
        6,
        9,
        2,
        11,
        7,
        4,
        9,
        1,
        4,
        9,
        9,
        2,
        11,
        6,
        2,
        11,
        9,
        1,
        9,
        9,
        4,
        6,
        2,
        2,
        9,
        2,
        4,
        9,
        1,
        9,
        6,
        9,
        2,
        7,
        11,
        7,
        6,
        9,
        2,
        11,
        7,
        4,
        9,
        1,
        4,
        9,
        9,
        2,
        11,
        6,
        2,
        11,
        9,
        1,
        9,
        9,
        4,
        1,
        4,
        9,
        11,
        2,
        7
    ],
    "octaves": [
        5,
        4,
        5,
        3,
        5,
        4,
        4,
        5,
        4,
        4,
        5,
        4,
        4,
        4,
        5,
        4,
        4,
        5,
        5,
        3,
        4,
        4,
        4,
        5,
        5,
        3,
        4,
        4,
        4,
        4,
        4,
        5,
        3,
        5,
        4,
        5,
        3,
        5,
        4,
        4,
        5,
        4,
        4,
        5,
        4,
        4,
        4,
        5,
        4,
        4,
        5,
        5,
        3,
        4,
        4,
        4,
        5,
        3,
        5,
        2,
        5,
        3,
        4,
        5,
        4,
        3,
        4,
        4,
        5,
        5,
        4,
        5,
        3,
        5,
        4,
        4,
        5,
        4,
        4,
        5,
        4,
        4,
        4,
        5,
        4,
        4,
        5,
        5,
        3,
        4,
        4,
        4,
        5,
        5,
        3,
        2,
        5,
        3,
        4,
        5,
        4,
        3,
        4,
        4,
        5,
        5,
        4,
        5,
        3,
        5,
        4,
        4,
        5,
        4,
        4,
        5,
        4,
        4,
        4,
        5,
        4,
        4,
        5,
        5,
        3,
        4,
        4,
        4,
        5,
        5,
        3,
        4,
        4,
        4,
        4,
        4,
        5,
        3,
        5,
        4,
        5,
        3,
        5,
        4,
        4,
        5,
        4,
        4,
        5,
        4,
        4,
        4,
        5,
        4,
        4,
        5,
        5,
        3,
        4,
        4,
        4,
        5,
        5,
        3,
        2,
        5,
        3,
        4,
        5,
        4,
        3,
        4,
        4,
        5,
        5,
        4,
        5,
        3,
        5,
        4,
        4,
        5,
        4,
        4,
        5,
        4,
        4,
        4,
        5,
        4,
        4,
        5,
        5,
        3,
        4,
        4,
        4,
        5,
        5,
        3,
        2,
        5,
        3,
        4,
        5,
        5,
        5,
        5,
        4,
        5,
        5
    ]
}