{
    "min_pitch": 67,
    "max_pitch": 89,
    "avg_pitch": 71.83333333333333,
    "avg_duration": 0.5044158918981475,
    "avg_position": 152.36291658155858,
    "note_density": 1.7507090322949992,
    "pitch_classes": [
        7,
        7,
        2,
        2,
        7,
        7,
        7,
        7,
        0,
        0,
        5,
        5,
        7,
        2,
        7,
        2,
        7,
        2,
        7,
        2,
        7,
        2,
        7,
        2,
        7,
        2,
        7,
        2,
        2,
        2,
        2,
        7,
        7,
        7,
        0,
        0,
        5,
        5,
        2,
        2,
        4,
        7,
        0,
        9,
        5,
        0,
        7,
        9,
        0,
        2,
        7,
        11,
        7,
        4,
        0,
        0,
        5,
        9,
        0,
        9,
        7,
        11,
        7,
        2,
        7,
        4,
        0,
        0,
        5,
        9,
        5,
        9,
        0,
        7,
        9,
        0,
        2,
        11,
        7,
        7,
        4,
        0,
        0,
        9,
        5,
        5,
        9,
        0,
        0,
        7,
        9,
        2,
        7,
        7,
        9,
        9,
        11,
        11,
        2,
        2,
        7,
        7,
        9,
        9,
        11,
        11,
        2,
        2,
        7,
        7,
        9,
        9,
        11,
        11,
        2,
        2,
        7,
        7,
        9,
        9,
        11,
        11,
        2,
        2,
        7,
        7,
        9,
        9,
        11,
        11,
        2,
        2,
        7,
        7,
        9,
        9,
        11,
        11,
        2,
        4,
        7,
        7,
        9,
        9,
        11,
        11,
        2,
        2,
        7,
        7,
        9,
        9,
        11,
        11,
        2,
        2,
        7,
        7,
        9,
        9,
        11,
        11,
        2,
        2,
        7,
        7,
        9,
        9,
        11,
        11,
        2,
        2,
        7,
        7,
        9,
        9,
        11,
        11,
        2,
        2,
        7,
        7,
        9,
        9,
        11,
        11,
        2,
        2,
        7,
        7,
        9,
        9,
        11,
        11,
        2,
        2,
        7,
        7,
        9,
        9,
        11,
        11,
        2,
        2,
        7,
        7,
        9,
        9,
        11,
        11,
        2,
        2,
        7,
        7,
        9,
        9,
        11,
        11,
        2,
        4,
        7,
        0,
        7,
        4,
        0,
        5,
        4,
        9,
        0,
        9,
        0,
        5,
        7,
        9,
        0,
        7,
        2,
        11,
        7,
        0,
        4,
        7,
        4,
        0,
        0,
        9,
        5,
        5,
        9,
        0,
        7,
        9,
        0,
        7,
        11,
        2,
        7,
        0,
        4,
        7,
        4,
        0,
        0,
        9,
        5,
        5,
        9,
        0,
        7,
        9,
        0,
        7,
        11,
        2,
        7,
        0,
        4,
        7,
        4,
        0,
        9,
        0,
        5,
        5,
        9,
        0,
        7,
        9,
        0,
        2,
        7,
        7,
        9,
        9,
        11,
        11,
        2,
        2,
        7,
        7,
        9,
        9,
        11,
        11,
        2,
        2,
        7,
        7,
        9,
        9,
        11,
        11,
        2,
        2,
        7,
        7,
        9,
        9,
        11,
        11,
        2,
        2,
        7,
        7,
        9,
        9,
        11,
        11,
        2,
        2,
        7,
        7,
        9,
        9,
        11,
        11,
        2,
        2,
        7,
        7,
        9,
        9,
        11,
        11,
        2,
        0,
        5,
        0,
        5,
        0,
        4,
        0,
        4,
        0,
        0,
        7,
        0,
        7,
        0,
        7,
        11,
        7,
        7,
        0,
        5,
        0,
        5,
        0,
        4,
        0,
        4,
        0,
        0,
        7,
        0,
        7,
        0,
        7,
        11,
        2,
        7,
        7,
        9,
        9,
        11,
        11,
        2,
        2,
        7,
        7,
        9,
        9,
        11,
        11,
        2,
        2,
        7,
        7,
        9,
        9,
        11,
        11,
        2,
        2,
        7,
        7,
        9,
        9,
        11,
        11,
        2,
        2,
        7,
        7,
        9,
        9,
        11,
        11,
        2,
        2,
        7,
        7,
        9,
        9,
        11,
        11,
        2,
        2,
        7,
        7,
        9,
        9,
        11,
        11,
        2,
        2,
        7,
        7,
        9,
        9,
        11,
        11,
        2,
        2,
        7,
        7,
        9,
        9,
        11,
        11,
        2,
        2,
        7,
        7,
        9,
        9,
        11,
        11,
        2,
        2,
        7,
        7,
        9,
        9,
        11,
        11,
        2,
        2,
        7,
        7,
        9,
        9,
        11,
        11,
        2,
        2,
        7,
        7,
        9,
        9,
        11,
        11,
        2,
        2,
        7,
        7,
        9,
        9,
        11,
        11,
        2,
        2,
        7,
        7,
        9,
        9,
        11,
        11,
        2,
        2,
        7,
        7,
        9,
        9,
        11,
        11,
        2,
        2,
        7,
        7,
        9,
        9,
        11,
        11,
        2,
        2,
        7,
        7,
        9,
        9,
        11,
        11,
        2,
        2,
        7,
        7,
        9,
        9,
        11,
        11,
        2,
        2,
        7,
        7,
        9,
        9,
        11,
        11,
        2,
        7
    ],