{
    "min_pitch": 60,
    "max_pitch": 91,
    "avg_pitch": 71.61818181818182,
    "avg_duration": 0.9592063043560599,
    "avg_position": 162.7636045378788,
    "note_density": 1.4278519580763458,
    "pitch_classes": [
        2,
        2,
        0,
        0,
        7,
        5,
        5,
        0,
        2,
        2,
        0,
        0,
        7,
        5,
        5,
        0,
        5,
        0,
        2,
        2,
        0,
        7,
        4,
        5,
        7,
        9,
        0,
        2,
        2,
        0,
        7,
        4,
        5,
        9,
        0,
        7,
        2,
        2,
        0,
        7,
        4,
        5,
        7,
        9,
        0,
        2,
        2,
        0,
        7,
        4,
        5,
        9,
        0,
        7,
        2,
        7,
        7,
        9,
        9,
        11,
        11,
        2,
        2,
        7,
        7,
        9,
        9,
        11,
        11,
        2,
        2,
        7,
        7,
        9,
        9,
        11,
        11,
        2,
        2,
        7,
        7,
        9,
        9,
        11,
        11,
        2,
        2,
        7,
        7,
        9,
        9,
        11,
        11,
        2,
        2,
        7,
        7,
        9,
        9,
        11,
        11,
        2,
        4,
        7,
        7,
        9,
        9,
        11,
        11,
        2,
        2,
        7,
        7,
        9,
        9,
        11,
        11,
        2,
        2,
        7,
        7,
        9,
        9,
        11,
        11,
        2,
        2,
        7,
        7,
        9,
        9,
        11,
        11,
        2,
        2,
        7,
        7,
        9,
        9,
        11,
        11,
        2,
        2,
        7,
        7,
        9,
        9,
        11,
        11,
        2,
        2,
        7,
        7,
        9,
        9,
        11,
        11,
        2,
        2,
        7,
        7,
        9,
        9,
        11,
        11,
        2,
        2,
        7,
        7,
        9,
        9,
        11,
        11,
        2,
        2,
        7,
        7,
        9,
        9,
        11,
        11,
        2,
        2,
        7,
        0,
        7,
        4,
        5,
        7,
        9,
        0,
        2,
        2,
        0,
        7,
        4,
        5,
        9,
        0,
        7,
        2,
        2,
        0,
        7,
        4,
        5,
        7,
        9,
        0,
        2,
        2,
        0,
        7,
        4,
        5,
        9,
        0,
        7,
        2,
        7,
        7,
        9,
        9,
        11,
        11,
        2,
        2,
        7,
        7,
        9,
        9,
        11,
        11,
        2,
        2,
        7,
        7,
        9,
        9,
        11,
        11,
        2,
        2,
        7,
        7,
        9,
        9,
        11,
        11,
        2,
        2,
        7,
        7,
        9,
        9,
        11,
        11,
        2,
        2,
        7,
        7,
        9,
        9,
        11,
        11,
        2,
        2,
        2,
        7,
        7,
        9,
        9,
        11,
        11,
        2,
        7,
        2,
        7,
        7,
        2,
        7,
        7,
        9,
        9,
        11,
        11,
        2,
        2,
        7,
        7,
        9,
        9,
        11,
        11,
        2,
        2,
        7,
        7,
        9,
        9,
        11,
        11,
        2,
        2,
        7,
        7,
        9,
        9,
        11,
        11,
        2,
        2,
        7,
        7,
        9,
        9,
        11,
        11,
        2,
        2,
        7,
        7,
        9,
        9,
        11,
        11,
        2,
        2,
        7,
        7,
        9,
        9,
        11,
        11,
        2,
        2,
        7,
        7,
        9,
        9,
        11,
        11,
        2,
        2,
        7,
        7,
        9,
        9,
        11,
        11,
        2,
        2,
        7,
        7,
        9,
        9,
        11,
        11,
        2,
        2,
        7,
        7,
        9,
        9,
        11,
        11,
        2,
        2,
        7,
        7,
        9,
        9,
        11,
        11,
        2,
        2,
        7,
        7,
        9,
        9,
        11,
        11,
        2,
        2,
        7,
        7,
        9,
        9,
        11,
        11,
        2,
        2,
        7,
        7,
        9,
        9,
        11,
        11,
        2,
        2,
        7,
        7,
        9,
        9,
        11,
        11,
        2,
        2,
        7,
        7,
        9,
        9,
        11,
        11,
        2,
        2,
        7,
        7,
        9,
        9,
        11,
        11,
        2,
        2,
        7,
        7,
        9,
        9,
        11,
        11,
        2,
        2,
        7,
        7,
        9,
        9,
        11,
        11,
        2,
        7
    ],