{
    "min_pitch": 50,
    "max_pitch": 74,
    "avg_pitch": 60.515592515592516,
    "avg_duration": 0.39431636928274416,
    "avg_position": 156.3605884773042,
    "note_density": 1.5616090500999573,
    "pitch_classes": [
        2,
        0,
        2,
        7,
        2,
        2,
        2,
        4,
        2,
        0,
        0,
        5,
        5,
        2,
        2,
        0,
        2,
        7,
        7,
        9,
        9,
        9,
        7,
        9,
        7,
        9,
        7,
        10,
        10,
        7,
        11,
        7,
        2,
        2,
        4,
        2,
        4,
        2,
        4,
        2,
        5,
        5,
        5,
        2,
        5,
        2,
        7,
        7,
        9,
        7,
        9,
        7,
        9,
        7,
        9,
        9,
        9,
        7,
        10,
        7,
        2,
        7,
        7,
        7,
        7,
        7,
        7,
        7,
        7,
        11,
        2,
        7,
        7,
        7,
        7,
        7,
        7,
        7,
        7,
        2,
        2,
        7,
        7,
        7,
        7,
        7,
        7,
        5,
        4,
        2,
        2,
        2,
        7,
        7,
        7,
        7,
        7,
        7,
        2,
        2,
        7,
        7,
        7,
        7,
        2,
        4,
        2,
        5,
        4,
        2,
        2,
        7,
        7,
        7,
        2,
        4,
        2,
        5,
        4,
        2,
        11,
        2,
        7,
        7,
        7,
        4,
        2,
        4,
        2,
        4,
        2,
        5,
        2,
        5,
        5,
        2,
        7,
        2,
        4,
        5,
        4,
        2,
        9,
        9,
        7,
        7,
        9,
        7,
        7,
        11,
        11,
        7,
        9,
        7,
        11,
        7,
        2,
        2,
        2,
        2,
        4,
        2,
        0,
        0,
        5,
        5,
        2,
        0,
        2,
        0,
        2,
        7,
        7,
        9,
        9,
        9,
        7,
        9,
        7,
        9,
        7,
        10,
        7,
        7,
        10,
        7,
        11,
        7,
        2,
        2,
        2,
        4,
        2,
        4,
        2,
        4,
        2,
        5,
        5,
        5,
        2,
        5,
        2,
        7,
        7,
        9,
        7,
        9,
        7,
        9,
        7,
        9,
        7,
        9,
        9,
        9,
        7,
        10,
        7,
        2,
        7,
        7,
        7,
        7,
        7,
        7,
        7,
        7,
        11,
        2,
        7,
        7,
        7,
        7,
        7,
        7,
        7,
        7,
        2,
        2,
        7,
        7,
        7,
        7,
        7,
        7,
        5,
        4,
        2,
        2,
        2,
        7,
        7,
        7,
        7,
        7,
        7,
        2,
        2,
        7,
        7,
        7,
        7,
        2,
        4,
        2,
        5,
        4,
        2,
        2,
        7,
        7,
        7,
        2,
        4,
        2,
        5,
        4,
        2,
        11,
        2,
        7,
        7,
        7,
        2,
        7,
        7,
        7,
        2,
        2,
        7,
        7,
        7,
        2,
        7,
        7,
        7,
        7,
        11,
        2,
        9,
        2,
        9,
        2,
        2,
        2,
        4,
        2,
        5,
        5,
        2,
        5,
        5,
        2,
        9,
        2,
        9,
        7,
        2,
        2,
        2,
        4,
        2,
        2,
        9,
        2,
        9,
        2,
        2,
        2,
        4,
        2,
        5,
        2,
        5,
        2,
        5,
        5,
        2,
        9,
        2,
        9,
        7,
        2,
        2,
        2,
        4,
        2,
        11,
        7,
        4,
        2,
        11,
        7,
        11,
        7,
        11,
        7,
        4,
        2,
        10,
        9,
        10,
        9,
        9,
        7,
        4,
        2,
        10,
        7,
        10,
        10,
        7,
        7,
        4,
        2,
        0,
        10,
        0,
        10,
        0,
        10,
        0,
        2,
        7,
        4,
        2,
        11,
        7,
        11,
        7,
        11,
        7,
        4,
        2,
        0,
        10,
        0,
        10,
        0,
        10,
        7,
        7,
        2,
        2,
        2,
        2,
        4,
        2,
        5,
        2,
        5,
        5,
        2,
        7,
        10,
        9,
        7,
        9,
        7,
        2,
        7,
        9,
        11,
        2,
        2,
        7,
        9,
        11,
        2,
        2,
        4,
        2,
        11,
        7,
        2,
        4,
        2,
        0,
        9,
        2,
        7,
        9,
        11,
        2,
        2,
        7,
        9,
        11,
        2,
        2,
        4,
        2,
        11,
        7,
        2,
        4,
        2,
        11,
        9,
        2,
        7,
        9,
        11,
        2,
        2,
        7,
        9,
        11,
        2,
        2,
        4,
        2,
        11,
        7,
        2,
        4,
        2,
        0,
        9,
        7
    ],