{
    "min_pitch": 36,
    "max_pitch": 43,
    "avg_pitch": 39.857142857142854,
    "avg_duration": 3.6674740166666666,
    "avg_position": 89.93737134404762,
    "note_density": 0.11444676862109547,
    "pitch_classes": [
        7,
        0,
        5,
        7,
        0,
        5,
        7,
        0,
        5,
        7,
        0,
        5,
        7,
        0,
        5,
        4,
        0,
        7,
        7,
        0,
        5,
        7,
        0,
        5,
        7,
        0,
        5,
        7,
        0,
        5,
        7,
        0,
        5,
        4,
        0
    ],
    "octaves": [
        3,
        3,
        3,
        3,
        3,
        3,
        3,
        3,
        3,
        3,
        3,
        3,
        3,
        3,
        3,
        3,
        3,
        3,
        3,
        3,
        3,
        3,
        3,
        3,
        3,
        3,
        3,
        3,
        3,
        3,
        3,
        3,
        3,
        3,
        3
    ]
}