{
    "min_pitch": 31,
    "max_pitch": 65,
    "avg_pitch": 48.255067567567565,
    "avg_duration": 0.32713675365991,
    "avg_position": 125.65222668764078,
    "note_density": 1.9357853435339576,
    "pitch_classes": [
        2,
        7,
        7,
        2,
        2,
        7,
        2,
        7,
        2,
        2,
        7,
        2,
        2,
        7,
        2,
        7,
        2,
        7,
        2,
        2,
        7,
        2,
        2,
        7,
        2,
        2,
        7,
        2,
        2,
        2,
        2,
        7,
        2,
        2,
        7,
        2,
        7,
        2,
        7,
        2,
        7,
        7,
        0,
        0,
        7,
        7,
        0,
        7,
        0,
        7,
        7,
        0,
        7,
        7,
        0,
        7,
        0,
        7,
        0,
        7,
        7,
        0,
        0,
        0,
        5,
        0,
        0,
        5,
        0,
        0,
        0,
        0,
        5,
        0,
        0,
        5,
        0,
        5,
        0,
        5,
        0,
        5,
        11,
        4,
        4,
        11,
        11,
        4,
        11,
        4,
        11,
        11,
        4,
        11,
        11,
        4,
        11,
        4,
        11,
        4,
        11,
        11,
        4,
        11,
        11,
        4,
        11,
        11,
        4,
        11,
        11,
        11,
        11,
        4,
        11,
        11,
        4,
        11,
        4,
        11,
        4,
        11,
        4,
        7,
        0,
        0,
        7,
        7,
        0,
        7,
        0,
        7,
        7,
        0,
        7,
        7,
        0,
        7,
        0,
        7,
        0,
        7,
        7,
        0,
        7,
        2,
        7,
        2,
        2,
        7,
        2,
        2,
        2,
        2,
        7,
        2,
        2,
        7,
        2,
        7,
        2,
        7,
        2,
        7,
        7,
        2,
        7,
        2,
        7,
        2,
        7,
        2,
        7,
        7,
        7,
        0,
        7,
        9,
        7,
        2,
        2,
        0,
        0,
        7,
        5,
        0,
        7,
        5,
        0,
        7,
        7,
        2,
        7,
        2,
        7,
        7,
        7,
        7,
        2,
        7,
        7,
        0,
        7,
        0,
        9,
        0,
        2,
        2,
        5,
        7,
        0,
        5,
        0,
        7,
        5,
        0,
        4,
        7,
        0,
        5,
        0,
        7,
        5,
        4,
        0,
        7,
        2,
        4,
        0,
        5,
        0,
        7,
        4,
        2,
        0,
        7,
        4,
        7,
        7,
        2,
        0,
        0,
        0,
        0,
        0,
        0,
        7,
        5,
        7,
        7,
        2,
        2,
        7,
        2,
        2,
        7,
        2,
        7,
        7,
        2,
        7,
        0,
        0,
        0,
        0,
        0,
        0,
        7,
        5,
        7,
        7,
        2,
        2,
        7,
        2,
        2,
        7,
        2,
        7,
        7,
        2,
        7,
        0,
        0,
        0,
        0,
        0,
        0,
        7,
        5,
        7,
        7,
        2,
        2,
        7,
        2,
        2,
        7,
        2,
        7,
        7,
        2,
        7,
        0,
        0,
        0,
        0,
        0,
        0,
        5,
        7,
        2,
        7,
        7,
        2,
        2,
        7,
        2,
        7,
        2,
        2,
        7,
        2,
        2,
        7,
        2,
        7,
        2,
        7,
        2,
        2,
        7,
        2,
        2,
        7,
        2,
        2,
        7,
        2,
        2,
        2,
        2,
        7,
        2,
        2,
        7,
        2,
        7,
        2,
        7,
        2,
        7,
        7,
        0,
        0,
        7,
        7,
        0,
        7,
        0,
        7,
        7,
        0,
        7,
        7,
        0,
        7,
        0,
        7,
        0,
        7,
        7,
        0,
        0,
        0,
        5,
        0,
        0,
        5,
        0,
        0,
        0,
        0,
        5,
        0,
        0,
        5,
        0,
        5,
        0,
        5,
        0,
        5,
        11,
        4,
        4,
        11,
        11,
        4,
        11,
        4,
        11,
        11,
        4,
        11,
        11,
        4,
        11,
        4,
        11,
        4,
        11,
        11,
        4,
        11,
        11,
        4,
        11,
        11,
        4,
        11,
        11,
        11,
        11,
        4,
        11,
        11,
        4,
        11,
        4,
        11,
        4,
        11,
        4,
        7,
        0,
        0,
        7,
        7,
        0,
        7,
        0,
        7,
        7,
        0,
        7,
        7,
        0,
        7,
        0,
        7,
        0,
        7,
        7,
        0,
        7,
        2,
        2,
        9,
        0,
        2,
        0,
        9,
        2,
        0,
        9,
        0,
        2,
        2,
        2,
        0,
        2,
        0,
        2,
        2,
        0,
        9,
        0,
        5,
        4,
        5,
        5,
        2,
        0,
        2,
        5,
        2,
        0,
        2,
        0,
        9,
        0,
        9,
        9,
        9,
        7,
        9,
        7,
        5,
        9,
        11,
        2,
        2,
        9,
        0,
        2,
        0,
        9,
        2,
        0,
        9,
        0,
        2,
        2,
        0,
        0,
        0,
        0,
        0,
        0,
        0,
        7,
        7,
        7,
        7,
        7,
        7,
        7,
        2,
        2,
        9,
        0,
        2,
        0,
        9,
        2,
        0,
        9,
        0,
        2,
        2,
        2,
        0,
        2,
        0,
        2,
        2,
        0,
        9,
        0,
        5,
        4,
        5,
        5,
        2,
        0,
        2,
        5,
        2,
        0,
        2,
        0,
        9,
        0,
        9,
        9,
        9,
        7,
        9,
        7,
        5,
        9,
        11,
        2,
        2,
        9,
        0,
        2,
        0,
        9,
        2,
        0,
        9,
        0,
        2,
        2,
        0,
        0,
        0,
        0,
        7,
        7
    ],