{
    "min_pitch": 62,
    "max_pitch": 77,
    "avg_pitch": 67.90579710144928,
    "avg_duration": 0.18582023128019293,
    "avg_position": 115.35083261956524,
    "note_density": 0.451247259134605,
    "pitch_classes": [
        2,
        7,
        7,
        7,
        7,
        7,
        7,
        7,
        2,
        2,
        7,
        7,
        7,
        7,
        7,
        7,
        7,
        7,
        11,
        2,
        7,
        7,
        7,
        7,
        7,
        7,
        7,
        7,
        2,
        2,
        7,
        7,
        7,
        7,
        7,
        7,
        5,
        4,
        2,
        2,
        2,
        7,
        7,
        7,
        7,
        7,
        7,
        2,
        2,
        7,
        7,
        7,
        7,
        2,
        7,
        7,
        7,
        2,
        7,
        7,
        7,
        4,
        2,
        7,
        7,
        7,
        7,
        7,
        7,
        7,
        2,
        2,
        7,
        7,
        7,
        7,
        7,
        7,
        7,
        7,
        11,
        2,
        7,
        7,
        7,
        7,
        7,
        7,
        7,
        7,
        2,
        2,
        7,
        7,
        7,
        7,
        7,
        7,
        5,
        4,
        2,
        2,
        2,
        7,
        7,
        7,
        7,
        7,
        7,
        2,
        2,
        7,
        7,
        7,
        7,
        2,
        7,
        7,
        7,
        2,
        7,
        7,
        7,
        2,
        7,
        7,
        7,
        2,
        2,
        7,
        7,
        7,
        2,
        7,
        7,
        7,
        7,
        11
    ],
    "octaves": [
        6,
        5,
        5,
        5,
        5,
        5,
        5,
        5,
        5,
        6,
        5,
        5,
        5,
        5,
        5,
        5,
        5,
        5,
        5,
        6,
        5,
        5,
        5,
        5,
        5,
        5,
        5,
        5,
        5,
        6,
        5,
        5,
        5,
        5,
        5,
        5,
        6,
        6,
        6,
        6,
        6,
        5,
        5,
        5,
        5,
        5,
        5,
        5,
        6,
        5,
        5,
        5,
        5,
        6,
        5,
        5,
        5,
        6,
        5,
        5,
        5,
        5,
        6,
        5,
        5,
        5,
        5,
        5,
        5,
        5,
        5,
        6,
        5,
        5,
        5,
        5,
        5,
        5,
        5,
        5,
        5,
        6,
        5,
        5,
        5,
        5,
        5,
        5,
        5,
        5,
        5,
        6,
        5,
        5,
        5,
        5,
        5,
        5,
        6,
        6,
        6,
        6,
        6,
        5,
        5,
        5,
        5,
        5,
        5,
        5,
        6,
        5,
        5,
        5,
        5,
        6,
        5,
        5,
        5,
        5,
        5,
        5,
        5,
        5,
        5,
        5,
        5,
        5,
        5,
        5,
        5,
        5,
        5,
        5,
        5,
        5,
        5,
        5
    ]
}