{
    "min_pitch": 43,
    "max_pitch": 81,
    "avg_pitch": 62.8368580060423,
    "avg_duration": 1.0226617994712999,
    "avg_position": 231.5632077204181,
    "note_density": 1.072107418555789,
    "pitch_classes": [
        7,
        2,
        7,
        9,
        2,
        9,
        7,
        7,
        11,
        2,
        7,
        2,
        7,
        7,
        11,
        7,
        7,
        0,
        2,
        7,
        2,
        7,
        0,
        7,
        7,
        5,
        4,
        7,
        5,
        2,
        5,
        2,
        7,
        4,
        2,
        2,
        0,
        11,
        7,
        9,
        7,
        2,
        7,
        2,
        9,
        7,
        9,
        0,
        2,
        2,
        7,
        2,
        11,
        2,
        2,
        7,
        2,
        9,
        7,
        2,
        7,
        11,
        4,
        7,
        11,
        11,
        4,
        7,
        11,
        4,
        11,
        7,
        0,
        4,
        11,
        0,
        4,
        11,
        0,
        7,
        2,
        7,
        2,
        9,
        7,
        9,
        0,
        2,
        2,
        7,
        2,
        11,
        2,
        2,
        7,
        2,
        9,
        7,
        2,
        7,
        11,
        4,
        7,
        11,
        11,
        4,
        7,
        11,
        4,
        11,
        7,
        0,
        0,
        4,
        11,
        0,
        4,
        11,
        7,
        2,
        7,
        7,
        2,
        7,
        4,
        5,
        9,
        0,
        5,
        9,
        0,
        5,
        5,
        9,
        0,
        5,
        9,
        0,
        5,
        9,
        5,
        0,
        4,
        9,
        0,
        11,
        2,
        7,
        11,
        7,
        2,
        4,
        0,
        4,
        7,
        7,
        0,
        9,
        0,
        5,
        9,
        5,
        0,
        0,
        5,
        9,
        0,
        9,
        5,
        5,
        9,
        0,
        7,
        4,
        2,
        7,
        7,
        2,
        7,
        4,
        5,
        9,
        0,
        5,
        9,
        0,
        5,
        5,
        9,
        0,
        5,
        9,
        0,
        5,
        9,
        5,
        0,
        4,
        9,
        0,
        11,
        2,
        7,
        11,
        7,
        2,
        4,
        0,
        4,
        7,
        7,
        0,
        9,
        0,
        5,
        9,
        5,
        0,
        0,
        5,
        9,
        0,
        9,
        5,
        5,
        9,
        0,
        7,
        4,
        11,
        2,
        7,
        11,
        7,
        2,
        4,
        7,
        0,
        5,
        9,
        0,
        9,
        0,
        5,
        9,
        0,
        5,
        11,
        2,
        7,
        2,
        11,
        2,
        7,
        11,
        7,
        0,
        4,
        7,
        9,
        0,
        5,
        0,
        9,
        5,
        9,
        0,
        5,
        11,
        7,
        2,
        11,
        2,
        7,
        4,
        0,
        7,
        5,
        9,
        0,
        9,
        0,
        5,
        9,
        5,
        0,
        11,
        2,
        7,
        11,
        2,
        7,
        11,
        7,
        2,
        7,
        0,
        4,
        0,
        9,
        5,
        9,
        5,
        0,
        11,
        7,
        2,
        7,
        2,
        11,
        11,
        2,
        7,
        4,
        0,
        7,
        5,
        9,
        0,
        0,
        9,
        5,
        9,
        5,
        0,
        9,
        0,
        5,
        11,
        2,
        7
    ],
    "octaves": [
        5,
        6,
        5,
        3,
        6,
        3,
        5,
        5,
        3,
        6,
        5,
        6,
        4,
        5,
        3,
        5,
        4,
        4,
        6,
        5,
        6,
        4,
        4,
        5,
        4,
        4,
        4,
        5,
        4,
        6,
        4,
        4,
        5,
        4,
        4,
        6,
        4,
        3,
        5,
        3,
        3,
        5,
        5,
        5,
        5,
        3,
        5,
        6,
        4,
        5,
        4,
        5,
        5,
        4,
        5,
        5,
        5,
        5,
        4,
        4,
        3,
        5,
        5,
        5,
        4,
        5,
        4,
        4,
        4,
        5,
        5,
        4,
        5,
        5,
        5,
        5,
        5,
        5,
        4,
        4,
        5,
        5,
        5,
        5,
        3,
        5,
        6,
        4,
        5,
        4,
        5,
        5,
        4,
        5,
        5,
        5,
        5,
        4,
        4,
        3,
        5,
        5,
        5,
        4,
        5,
        4,
        4,
        4,
        5,
        5,
        4,
        5,
        4,
        5,
        5,
        4,
        4,
        4,
        4,
        4,
        4,
        3,
        6,
        5,
        5,
        5,
        4,
        5,
        5,
        4,
        5,
        4,
        5,
        4,
        5,
        5,
        4,
        5,
        4,
        4,
        5,
        5,
        5,
        4,
        5,
        4,
        5,
        5,
        4,
        5,
        5,
        5,
        5,
        4,
        5,
        4,
        5,
        5,
        5,
        5,
        5,
        5,
        5,
        5,
        5,
        5,
        5,
        5,
        5,
        5,
        5,
        5,
        5,
        5,
        4,
        4,
        3,
        6,
        5,
        5,
        6,
        5,
        6,
        6,
        5,
        6,
        5,
        6,
        5,
        6,
        6,
        5,
        6,
        5,
        5,
        6,
        6,
        6,
        5,
        6,
        4,
        5,
        5,
        4,
        5,
        5,
        5,
        5,
        4,
        5,
        4,
        5,
        6,
        6,
        6,
        6,
        6,
        6,
        6,
        6,
        6,
        6,
        6,
        6,
        6,
        6,
        6,
        6,
        6,
        4,
        5,
        5,
        4,
        5,
        5,
        5,
        5,
        5,
        5,
        5,
        5,
        5,
        5,
        5,
        5,
        5,
        5,
        4,
        5,
        5,
        5,
        4,
        4,
        4,
        4,
        5,
        5,
        5,
        5,
        4,
        5,
        5,
        5,
        4,
        5,
        4,
        5,
        5,
        4,
        5,
        5,
        4,
        5,
        5,
        5,
        5,
        5,
        5,
        5,
        5,
        5,
        5,
        5,
        5,
        5,
        5,
        4,
        5,
        5,
        4,
        5,
        5,
        4,
        5,
        5,
        5,
        5,
        5,
        5,
        4,
        5,
        4,
        5,
        5,
        4,
        5,
        5,
        5,
        5,
        4,
        4,
        5,
        5,
        5,
        5,
        5,
        5,
        5,
        5,
        5,
        5,
        5,
        5,
        5,
        5,
        5,
        5,
        5,
        4,
        5,
        5
    ]
}