{
    "min_pitch": 41,
    "max_pitch": 83,
    "avg_pitch": 62.66467065868263,
    "avg_duration": 1.3449793153692597,
    "avg_position": 210.6662146941118,
    "note_density": 0.5421695922820089,
    "pitch_classes": [
        9,
        9,
        2,
        9,
        2,
        9,
        2,
        9,
        2,
        2,
        0,
        5,
        0,
        5,
        9,
        9,
        9,
        4,
        4,
        0,
        11,
        2,
        0,
        9,
        11,
        7,
        2,
        2,
        9,
        9,
        2,
        9,
        9,
        2,
        9,
        2,
        2,
        1,
        2,
        1,
        2,
        1,
        2,
        2,
        2,
        2,
        2,
        2,
        2,
        2,
        2,
        2,
        2,
        2,
        2,
        2,
        2,
        2,
        2,
        2,
        2,
        2,
        2,
        2,
        2,
        2,
        2,
        9,
        9,
        2,
        9,
        2,
        9,
        2,
        9,
        2,
        2,
        0,
        5,
        0,
        5,
        9,
        9,
        9,
        4,
        4,
        0,
        11,
        2,
        0,
        9,
        11,
        7,
        2,
        2,
        9,
        9,
        2,
        9,
        9,
        2,
        9,
        2,
        2,
        2,
        1,
        2,
        2,
        6,
        7,
        11,
        2,
        7,
        0,
        7,
        0,
        5,
        2,
        7,
        0,
        7,
        0,
        5,
        2,
        7,
        7,
        0,
        0,
        5,
        2,
        7,
        0,
        7,
        5,
        0,
        2,
        7,
        0,
        7,
        0,
        5,
        2,
        7,
        0,
        7,
        0,
        5,
        2,
        7,
        7,
        0,
        0,
        5,
        2,
        7,
        0,
        7,
        5,
        0,
        2,
        7,
        0,
        7,
        0,
        5,
        7,
        7
    ],
    "octaves": [
        5,
        5,
        6,
        5,
        6,
        5,
        6,
        5,
        6,
        5,
        6,
        6,
        6,
        6,
        5,
        5,
        5,
        6,
        6,
        6,
        5,
        6,
        6,
        5,
        5,
        5,
        6,
        6,
        5,
        5,
        6,
        5,
        5,
        6,
        5,
        6,
        6,
        6,
        6,
        6,
        6,
        6,
        6,
        6,
        6,
        5,
        6,
        5,
        6,
        5,
        6,
        5,
        6,
        6,
        5,
        5,
        6,
        5,
        6,
        5,
        6,
        6,
        5,
        5,
        6,
        5,
        6,
        5,
        5,
        6,
        5,
        6,
        5,
        6,
        5,
        6,
        5,
        6,
        6,
        6,
        6,
        5,
        5,
        5,
        6,
        6,
        6,
        5,
        6,
        6,
        5,
        5,
        5,
        6,
        6,
        5,
        5,
        6,
        5,
        5,
        6,
        5,
        6,
        6,
        6,
        6,
        6,
        6,
        6,
        6,
        6,
        4,
        3,
        4,
        3,
        4,
        3,
        4,
        3,
        4,
        3,
        4,
        3,
        4,
        3,
        3,
        4,
        4,
        3,
        4,
        3,
        4,
        3,
        3,
        4,
        4,
        3,
        4,
        3,
        4,
        3,
        4,
        3,
        4,
        3,
        4,
        3,
        4,
        3,
        3,
        4,
        4,
        3,
        4,
        3,
        4,
        3,
        3,
        4,
        4,
        3,
        4,
        3,
        4,
        3,
        3,
        4
    ]
}