{
    "min_pitch": 57,
    "max_pitch": 64,
    "avg_pitch": 60.42857142857143,
    "avg_duration": 1.4645450863095237,
    "avg_position": 185.9881240238095,
    "note_density": 0.045778707448438184,
    "pitch_classes": [
        2,
        9,
        11,
        2,
        2,
        9,
        11,
        2,
        2,
        9,
        11,
        2,
        4,
        2
    ],
    "octaves": [
        5,
        4,
        4,
        5,
        5,
        4,
        4,
        5,
        5,
        4,
        4,
        5,
        5,
        5
    ]
}