{
    "min_pitch": 41,
    "max_pitch": 77,
    "avg_pitch": 60.14375,
    "avg_duration": 1.284626972070309,
    "avg_position": 111.93223030572918,
    "note_density": 2.81332732445935,
    "pitch_classes": [
        10,
        5,
        10,
        0,
        5,
        9,
        2,
        9,
        2,
        0,
        7,
        4,
        0,
        10,
        5,
        10,
        0,
        5,
        2,
        9,
        2,
        5,
        0,
        4,
        7,
        0,
        10,
        5,
        10,
        0,
        5,
        9,
        2,
        9,
        2,
        0,
        7,
        4,
        0,
        10,
        5,
        10,
        0,
        5,
        2,
        9,
        2,
        5,
        4,
        7,
        0,
        0,
        10,
        5,
        10,
        0,
        5,
        9,
        2,
        9,
        2,
        0,
        7,
        4,
        0,
        5,
        5,
        10,
        0,
        10,
        5,
        5,
        10,
        0,
        5,
        5,
        9,
        0,
        10,
        5,
        10,
        0,
        5,
        2,
        9,
        2,
        5,
        0,
        4,
        7,
        0,
        0,
        5,
        9,
        5,
        0,
        0,
        9,
        2,
        9,
        10,
        5,
        10,
        0,
        5,
        2,
        9,
        2,
        5,
        0,
        4,
        7,
        0,
        5,
        10,
        5,
        10,
        0,
        7,
        0,
        0,
        4,
        5,
        9,
        2,
        2,
        10,
        5,
        10,
        0,
        5,
        2,
        9,
        2,
        5,
        4,
        7,
        0,
        0,
        5,
        0,
        9,
        5,
        5,
        0,
        9,
        5,
        0,
        9,
        5,
        3,
        5,
        9,
        0,
        5,
        9,
        9,
        2,
        0,
        5,
        9,
        0,
        10,
        5,
        10,
        0,
        5,
        5,
        0,
        5,
        9,
        0,
        5,
        9,
        5,
        9,
        2,
        0,
        5,
        9,
        0,
        10,
        5,
        10,
        0,
        5,
        0,
        5,
        9,
        0,
        5,
        10,
        5,
        10,
        0,
        5,
        9,
        5,
        9,
        2,
        7,
        4,
        7,
        0,
        10,
        5,
        10,
        0,
        5,
        9,
        2,
        9,
        2,
        0,
        7,
        4,
        0,
        10,
        5,
        10,
        0,
        5,
        2,
        9,
        2,
        5,
        0,
        4,
        7,
        0,
        10,
        5,
        10,
        0,
        5,
        9,
        2,
        9,
        2,
        0,
        7,
        4,
        0,
        5,
        5,
        10,
        0,
        10,
        5,
        5,
        10,
        0,
        5,
        5,
        9,
        0,
        10,
        5,
        10,
        0,
        5,
        2,
        9,
        2,
        5,
        0,
        4,
        7,
        0,
        0,
        5,
        9,
        5,
        0,
        0,
        9,
        2,
        9,
        10,
        5,
        10,
        0,
        5,
        2,
        9,
        2,
        5,
        0,
        4,
        7,
        0,
        5,
        10,
        5,
        10,
        0,
        7,
        0,
        0,
        4,
        5,
        9,
        2,
        2,
        10,
        5,
        10,
        0,
        5,
        2,
        9,
        2,
        5,
        4,
        7,
        0,
        0,
        5,
        0,
        9,
        5,
        5,
        0,
        9,
        5,
        0,
        9,
        5,
        3,
        5,
        9,
        0,
        5,
        9,
        2,
        9,
        0,
        9,
        5,
        0,
        10,
        5,
        10,
        0,
        5,
        0,
        5,
        5,
        9,
        0,
        5,
        2,
        9,
        9,
        9,
        5,
        0,
        0,
        10,
        5,
        5,
        0,
        10,
        9,
        5,
        5,
        0,
        0,
        5,
        10,
        10,
        0,
        5,
        2,
        5,
        9,
        9,
        7,
        0,
        4,
        7,
        10,
        5,
        10,
        0,
        5,
        2,
        9,
        2,
        5,
        0,
        4,
        7,
        0,
        10,
        5,
        10,
        0,
        5,
        2,
        9,
        2,
        5,
        0,
        4,
        7,
        0,
        10,
        5,
        10,
        0,
        5,
        2,
        9,
        2,
        5,
        0,
        4,
        7,
        0,
        5,
        0,
        9,
        5,
        5,
        0,
        9,
        5,
        0,
        9,
        5,
        3,
        5,
        9,
        0,
        5,
        9,
        2,
        9,
        0,
        9,
        5,
        0,
        10,
        5,
        10,
        0,
        5,
        0,
        5,
        5,
        9,
        0,
        5,
        2,
        9,
        9,
        9,
        5,
        0,
        0,
        10,
        5,
        5,
        0,
        10,
        9,
        5,
        5,
        0,
        0,
        5,
        10,
        10,
        0,
        5,
        2,
        5,
        9,
        9,
        7,
        0,
        4,
        7,
        10,
        5,
        10,
        0,
        5,
        2,
        9,
        2,
        5,
        4,
        7,
        0,
        0,
        10,
        5,
        10,
        0,
        5,
        2,
        9,
        2,
        5,
        4,
        7,
        0,
        0,
        10,
        5,
        10,
        0,
        5,
        2,
        9,
        2,
        5,
        4,
        7,
        0,
        0,
        10,
        5,
        10,
        0,
        5,
        2,
        9,
        2,
        5,
        4,
        7,
        0,
        0,
        10,
        5,
        10,
        0,
        5,
        2,
        9,
        2,
        5,
        4,
        7,
        0,
        0,
        10,
        5,
        10,
        0,
        5,
        2,
        9,
        2,
        5,
        4,
        7,
        0,
        0,
        10,
        5,
        10,
        0,
        5,
        2,
        2,
        5,
        9,
        0,
        4,
        7,
        0,
        5,
        5,
        10,
        0,
        10,
        5,
        5,
        10,
        0,
        5,
        5,
        9,
        0,
        10,
        5,
        10,
        0,
        5,
        2,
        9,
        2,
        5,
        4,
        7,
        0,
        0,
        10,
        5,
        10,
        0,
        5,
        2,
        9,
        2,
        5,
        4,
        7,
        0,
        0,
        10,
        5,
        10,
        0,
        5,
        2,
        2,
        5,
        9,
        0,
        4,
        7,
        0,
        5,
        5,
        10,
        0,
        10,
        5,
        5,
        10,
        0,
        5,
        5,
        9,
        0
    ],