{
    "min_pitch": 48,
    "max_pitch": 58,
    "avg_pitch": 52.64453125,
    "avg_duration": 0.6960115694173176,
    "avg_position": 115.6390157526042,
    "note_density": 1.1253040459372605,
    "pitch_classes": [
        10,
        2,
        0,
        10,
        2,
        0,
        10,
        2,
        0,
        10,
        0,
        5,
        10,
        2,
        0,
        5,
        9,
        10,
        2,
        0,
        10,
        0,
        2,
        10,
        2,
        0,
        5,
        5,
        5,
        5,
        3,
        3,
        3,
        3,
        3,
        2,
        2,
        2,
        2,
        5,
        5,
        5,
        5,
        10,
        10,
        10,
        10,
        5,
        5,
        5,
        5,
        2,
        2,
        2,
        2,
        5,
        5,
        5,
        5,
        10,
        10,
        10,
        10,
        5,
        5,
        5,
        5,
        10,
        10,
        10,
        10,
        2,
        2,
        2,
        2,
        0,
        0,
        0,
        0,
        10,
        2,
        0,
        10,
        2,
        0,
        10,
        2,
        0,
        10,
        0,
        5,
        10,
        2,
        0,
        5,
        9,
        10,
        2,
        0,
        10,
        0,
        2,
        10,
        2,
        0,
        5,
        5,
        5,
        5,
        3,
        3,
        3,
        3,
        3,
        2,
        2,
        2,
        2,
        5,
        5,
        5,
        5,
        10,
        10,
        10,
        10,
        5,
        5,
        5,
        5,
        2,
        2,
        2,
        2,
        5,
        5,
        5,
        5,
        10,
        10,
        10,
        10,
        5,
        5,
        5,
        5,
        10,
        10,
        10,
        10,
        2,
        2,
        2,
        2,
        0,
        0,
        0,
        0,
        10,
        2,
        0,
        10,
        2,
        0,
        10,
        2,
        0,
        5,
        5,
        5,
        5,
        3,
        3,
        3,
        3,
        3,
        2,
        2,
        2,
        2,
        5,
        5,
        5,
        5,
        10,
        10,
        10,
        10,
        5,
        5,
        5,
        5,
        2,
        2,
        2,
        2,
        5,
        5,
        5,
        5,
        10,
        10,
        10,
        10,
        5,
        5,
        5,
        5,
        10,
        10,
        10,
        10,
        2,
        2,
        2,
        2,
        0,
        0,
        0,
        0,
        10,
        2,
        0,
        10,
        2,
        0,
        10,
        2,
        0,
        10,
        2,
        0,
        10,
        2,
        0,
        10,
        2,
        0,
        10,
        2,
        0,
        10,
        0,
        5,
        10,
        2,
        0,
        10,
        2,
        0,
        10,
        2,
        0,
        10,
        0,
        5
    ],
    "octaves": [
        4,
        4,
        4,
        4,
        4,
        4,
        4,
        4,
        4,
        4,
        4,
        4,
        4,
        4,
        4,
        4,
        4,
        4,
        4,
        4,
        4,
        4,
        4,
        4,
        4,
        4,
        4,
        4,
        4,
        4,
        4,
        4,
        4,
        4,
        4,
        4,
        4,
        4,
        4,
        4,
        4,
        4,
        4,
        4,
        4,
        4,
        4,
        4,
        4,
        4,
        4,
        4,
        4,
        4,
        4,
        4,
        4,
        4,
        4,
        4,
        4,
        4,
        4,
        4,
        4,
        4,
        4,
        4,
        4,
        4,
        4,
        4,
        4,
        4,
        4,
        4,
        4,
        4,
        4,
        4,
        4,
        4,
        4,
        4,
        4,
        4,
        4,
        4,
        4,
        4,
        4,
        4,
        4,
        4,
        4,
        4,
        4,
        4,
        4,
        4,
        4,
        4,
        4,
        4,
        4,
        4,
        4,
        4,
        4,
        4,
        4,
        4,
        4,
        4,
        4,
        4,
        4,
        4,
        4,
        4,
        4,
        4,
        4,
        4,
        4,
        4,
        4,
        4,
        4,
        4,
        4,
        4,
        4,
        4,
        4,
        4,
        4,
        4,
        4,
        4,
        4,
        4,
        4,
        4,
        4,
        4,
        4,
        4,
        4,
        4,
        4,
        4,
        4,
        4,
        4,
        4,
        4,
        4,
        4,
        4,
        4,
        4,
        4,
        4,
        4,
        4,
        4,
        4,
        4,
        4,
        4,
        4,
        4,
        4,
        4,
        4,
        4,
        4,
        4,
        4,
        4,
        4,
        4,
        4,
        4,
        4,
        4,
        4,
        4,
        4,
        4,
        4,
        4,
        4,
        4,
        4,
        4,
        4,
        4,
        4,
        4,
        4,
        4,
        4,
        4,
        4,
        4,
        4,
        4,
        4,
        4,
        4,
        4,
        4,
        4,
        4,
        4,
        4,
        4,
        4,
        4,
        4,
        4,
        4,
        4,
        4,
        4,
        4,
        4,
        4,
        4,
        4,
        4,
        4,
        4,
        4,
        4,
        4,
        4,
        4,
        4,
        4,
        4,
        4,
        4,
        4,
        4,
        4,
        4,
        4,
        4,
        4,
        4,
        4,
        4,
        4
    ]
}