{
    "min_pitch": 65,
    "max_pitch": 81,
    "avg_pitch": 72.73684210526316,
    "avg_duration": 4.227965667763159,
    "avg_position": 114.59929403508772,
    "note_density": 0.2505440081232946,
    "pitch_classes": [
        5,
        0,
        2,
        9,
        10,
        0,
        2,
        9,
        10,
        9,
        0,
        5,
        10,
        9,
        2,
        5,
        7,
        0,
        4,
        5,
        0,
        2,
        9,
        10,
        0,
        2,
        9,
        10,
        9,
        0,
        5,
        10,
        9,
        2,
        5,
        7,
        0,
        4,
        5,
        0,
        2,
        9,
        10,
        0,
        2,
        9,
        10,
        9,
        0,
        5,
        10,
        9,
        2,
        5,
        7,
        0,
        4
    ],
    "octaves": [
        5,
        6,
        6,
        5,
        5,
        6,
        6,
        5,
        5,
        5,
        6,
        6,
        5,
        6,
        6,
        6,
        6,
        6,
        6,
        5,
        6,
        6,
        5,
        5,
        6,
        6,
        5,
        5,
        5,
        6,
        6,
        5,
        6,
        6,
        6,
        6,
        6,
        6,
        5,
        6,
        6,
        5,
        5,
        6,
        6,
        5,
        5,
        5,
        6,
        6,
        5,
        6,
        6,
        6,
        6,
        6,
        6
    ]
}