{
    "min_pitch": 72,
    "max_pitch": 86,
    "avg_pitch": 78.49477351916376,
    "avg_duration": 0.3365770619918692,
    "avg_position": 109.79200950355693,
    "note_density": 1.261450789899941,
    "pitch_classes": [
        2,
        5,
        2,
        5,
        5,
        8,
        9,
        5,
        5,
        0,
        2,
        2,
        5,
        2,
        9,
        7,
        5,
        5,
        5,
        5,
        2,
        9,
        7,
        5,
        5,
        0,
        9,
        9,
        9,
        7,
        5,
        0,
        5,
        5,
        0,
        0,
        2,
        0,
        2,
        5,
        2,
        9,
        7,
        5,
        2,
        5,
        5,
        2,
        9,
        7,
        5,
        5,
        5,
        5,
        0,
        9,
        5,
        5,
        0,
        9,
        5,
        5,
        10,
        9,
        7,
        5,
        0,
        9,
        2,
        2,
        9,
        5,
        5,
        5,
        0,
        2,
        9,
        5,
        10,
        9,
        7,
        5,
        0,
        9,
        5,
        5,
        9,
        7,
        5,
        0,
        9,
        7,
        9,
        7,
        5,
        5,
        9,
        5,
        5,
        2,
        5,
        2,
        5,
        5,
        8,
        9,
        5,
        5,
        0,
        2,
        2,
        5,
        2,
        9,
        7,
        5,
        5,
        5,
        5,
        2,
        9,
        7,
        5,
        5,
        0,
        9,
        9,
        9,
        7,
        5,
        0,
        0,
        0,
        9,
        7,
        5,
        5,
        2,
        5,
        2,
        9,
        7,
        5,
        2,
        5,
        5,
        2,
        9,
        7,
        5,
        5,
        5,
        5,
        0,
        9,
        5,
        5,
        0,
        9,
        5,
        5,
        10,
        9,
        7,
        5,
        0,
        9,
        2,
        2,
        9,
        5,
        5,
        5,
        0,
        2,
        9,
        5,
        10,
        9,
        7,
        5,
        2,
        0,
        9,
        5,
        5,
        9,
        7,
        5,
        0,
        9,
        7,
        9,
        7,
        5,
        5,
        9,
        5,
        5,
        5,
        5,
        0,
        9,
        5,
        5,
        0,
        9,
        5,
        5,
        10,
        9,
        7,
        5,
        0,
        9,
        2,
        2,
        9,
        5,
        5,
        5,
        0,
        2,
        9,
        5,
        10,
        9,
        7,
        5,
        2,
        0,
        9,
        5,
        5,
        9,
        7,
        5,
        0,
        9,
        7,
        9,
        7,
        5,
        5,
        9,
        5,
        5,
        5,
        5,
        0,
        9,
        5,
        5,
        0,
        9,
        2,
        0,
        5,
        2,
        7,
        7,
        7,
        5,
        9,
        7,
        5,
        5,
        5,
        5,
        0,
        9,
        5,
        5,
        0,
        9,
        2,
        0,
        5,
        2,
        7,
        7,
        7,
        5,
        9,
        7,
        5,
        5
    ],
    "octaves": [
        6,
        6,
        6,
        6,
        6,
        6,
        6,
        6,
        6,
        6,
        6,
        6,
        6,
        6,
        6,
        6,
        6,
        6,
        6,
        6,
        6,
        6,
        6,
        6,
        6,
        6,
        6,
        6,
        6,
        6,
        6,
        7,
        6,
        6,
        6,
        6,
        6,
        6,
        6,
        6,
        6,
        6,
        6,
        6,
        6,
        6,
        6,
        6,
        6,
        6,
        6,
        6,
        6,
        6,
        7,
        6,
        6,
        6,
        7,
        6,
        6,
        6,
        6,
        6,
        6,
        6,
        7,
        6,
        6,
        6,
        6,
        6,
        6,
        6,
        7,
        7,
        6,
        6,
        6,
        6,
        6,
        6,
        7,
        6,
        6,
        6,
        6,
        6,
        6,
        7,
        6,
        6,
        6,
        6,
        6,
        6,
        6,
        6,
        6,
        6,
        6,
        6,
        6,
        6,
        6,
        6,
        6,
        6,
        6,
        6,
        6,
        6,
        6,
        6,
        6,
        6,
        6,
        6,
        6,
        6,
        6,
        6,
        6,
        6,
        6,
        6,
        6,
        6,
        6,
        6,
        7,
        7,
        7,
        6,
        6,
        6,
        6,
        6,
        6,
        6,
        6,
        6,
        6,
        6,
        6,
        6,
        6,
        6,
        6,
        6,
        6,
        6,
        6,
        7,
        6,
        6,
        6,
        7,
        6,
        6,
        6,
        6,
        6,
        6,
        6,
        7,
        6,
        6,
        6,
        6,
        6,
        6,
        6,
        7,
        7,
        6,
        6,
        6,
        6,
        6,
        6,
        7,
        7,
        6,
        6,
        6,
        6,
        6,
        6,
        7,
        6,
        6,
        6,
        6,
        6,
        6,
        6,
        6,
        6,
        6,
        6,
        7,
        6,
        6,
        6,
        7,
        6,
        6,
        6,
        6,
        6,
        6,
        6,
        7,
        6,
        6,
        6,
        6,
        6,
        6,
        6,
        7,
        7,
        6,
        6,
        6,
        6,
        6,
        6,
        7,
        7,
        6,
        6,
        6,
        6,
        6,
        6,
        7,
        6,
        6,
        6,
        6,
        6,
        6,
        6,
        6,
        6,
        6,
        6,
        7,
        6,
        6,
        6,
        7,
        6,
        6,
        6,
        6,
        6,
        6,
        6,
        6,
        6,
        6,
        6,
        6,
        6,
        6,
        6,
        7,
        6,
        6,
        6,
        7,
        6,
        6,
        6,
        6,
        6,
        6,
        6,
        6,
        6,
        6,
        6,
        6,
        6
    ]
}