{
    "min_pitch": 41,
    "max_pitch": 62,
    "avg_pitch": 52.364583333333336,
    "avg_duration": 0.08710729918981458,
    "avg_position": 136.82126152430558,
    "note_density": 1.2657856160575365,
    "pitch_classes": [
        0,
        2,
        2,
        10,
        2,
        0,
        0,
        0,
        0,
        0,
        2,
        10,
        0,
        2,
        2,
        2,
        2,
        9,
        2,
        9,
        7,
        5,
        5,
        5,
        5,
        5,
        0,
        0,
        0,
        0,
        5,
        2,
        5,
        5,
        2,
        5,
        5,
        2,
        5,
        5,
        2,
        5,
        5,
        2,
        5,
        5,
        2,
        5,
        5,
        2,
        5,
        5,
        2,
        5,
        5,
        2,
        5,
        5,
        2,
        5,
        5,
        2,
        5,
        5,
        2,
        5,
        5,
        2,
        5,
        5,
        2,
        5,
        5,
        2,
        5,
        5,
        2,
        5,
        5,
        2,
        5,
        5,
        2,
        5,
        5,
        2,
        5,
        5,
        2,
        5,
        5,
        2,
        5,
        5,
        2,
        5,
        5,
        2,
        5,
        5,
        2,
        5,
        5,
        2,
        5,
        5,
        2,
        5,
        5,
        2,
        5,
        5,
        2,
        5,
        5,
        2,
        5,
        5,
        2,
        5,
        5,
        2,
        5,
        5,
        2,
        5,
        5,
        2,
        5,
        5,
        2,
        5,
        5,
        2,
        5,
        5,
        2,
        5,
        5,
        2,
        5,
        5,
        2,
        5,
        5,
        5,
        2,
        5,
        5,
        2,
        5,
        5,
        2,
        5,
        5,
        2,
        5,
        5,
        5,
        2,
        5,
        5,
        2,
        5,
        5,
        2,
        5,
        5,
        2,
        5,
        5,
        5,
        2,
        5,
        5,
        5,
        5,
        5,
        5,
        5,
        5,
        5,
        5,
        2,
        5,
        5,
        2,
        5,
        5,
        5,
        2,
        5,
        5,
        2,
        5,
        5,
        2,
        5,
        5,
        2,
        5,
        5,
        5,
        2,
        5,
        5,
        2,
        5,
        5,
        2,
        5,
        5,
        2,
        5,
        5,
        5,
        2,
        5,
        5,
        2,
        5,
        5,
        2,
        5,
        5,
        2,
        5,
        0,
        5,
        5,
        0,
        5,
        0,
        5,
        0,
        5,
        0,
        5,
        0,
        5,
        0,
        0,
        5,
        5,
        2,
        5,
        5,
        2,
        5,
        5,
        5,
        2,
        5,
        5,
        2,
        5,
        5,
        2,
        5,
        5,
        2,
        5,
        5,
        5,
        2,
        5,
        5,
        2,
        5,
        5,
        2,
        5,
        5,
        2,
        5,
        5,
        5,
        2,
        5,
        5,
        2,
        5,
        5,
        2,
        5,
        5,
        2,
        5
    ],
    "octaves": [
        5,
        5,
        5,
        4,
        5,
        5,
        5,
        5,
        5,
        5,
        5,
        4,
        5,
        5,
        5,
        5,
        5,
        4,
        5,
        4,
        4,
        4,
        4,
        4,
        4,
        4,
        5,
        5,
        5,
        5,
        4,
        4,
        4,
        4,
        4,
        4,
        4,
        4,
        4,
        4,
        4,
        4,
        4,
        4,
        4,
        4,
        4,
        4,
        4,
        4,
        4,
        4,
        4,
        4,
        4,
        4,
        4,
        4,
        4,
        4,
        4,
        4,
        4,
        4,
        4,
        4,
        4,
        4,
        4,
        4,
        4,
        4,
        4,
        4,
        4,
        4,
        4,
        4,
        4,
        4,
        4,
        4,
        4,
        4,
        4,
        4,
        4,
        4,
        4,
        4,
        4,
        4,
        4,
        4,
        4,
        4,
        4,
        4,
        4,
        4,
        4,
        4,
        4,
        4,
        4,
        4,
        4,
        4,
        4,
        4,
        4,
        4,
        4,
        4,
        4,
        4,
        4,
        4,
        4,
        4,
        4,
        4,
        4,
        4,
        4,
        4,
        4,
        4,
        4,
        4,
        4,
        4,
        4,
        4,
        4,
        4,
        4,
        4,
        4,
        4,
        4,
        4,
        4,
        4,
        4,
        4,
        4,
        4,
        4,
        4,
        4,
        4,
        4,
        4,
        4,
        4,
        4,
        4,
        4,
        4,
        4,
        4,
        4,
        4,
        4,
        4,
        4,
        4,
        4,
        4,
        4,
        4,
        4,
        4,
        4,
        4,
        4,
        4,
        4,
        4,
        4,
        4,
        4,
        4,
        4,
        4,
        4,
        4,
        4,
        4,
        4,
        4,
        4,
        4,
        4,
        4,
        4,
        4,
        4,
        4,
        4,
        4,
        4,
        4,
        4,
        4,
        4,
        4,
        4,
        4,
        4,
        4,
        4,
        4,
        4,
        4,
        4,
        4,
        4,
        4,
        4,
        4,
        4,
        4,
        4,
        4,
        4,
        4,
        3,
        3,
        4,
        3,
        4,
        3,
        4,
        3,
        4,
        3,
        4,
        3,
        4,
        4,
        3,
        4,
        4,
        4,
        4,
        4,
        4,
        4,
        4,
        4,
        4,
        4,
        4,
        4,
        4,
        4,
        4,
        4,
        4,
        4,
        4,
        4,
        4,
        4,
        4,
        4,
        4,
        4,
        4,
        4,
        4,
        4,
        4,
        4,
        4,
        4,
        4,
        4,
        4,
        4,
        4,
        4,
        4,
        4,
        4,
        4
    ]
}