{
    "min_pitch": 72,
    "max_pitch": 89,
    "avg_pitch": 79.46308724832215,
    "avg_duration": 0.12800891435961972,
    "avg_position": 148.63055044966444,
    "note_density": 1.3096739389716021,
    "pitch_classes": [
        2,
        2,
        2,
        2,
        5,
        5,
        2,
        2,
        0,
        0,
        0,
        0,
        0,
        0,
        0,
        0,
        2,
        2,
        2,
        2,
        5,
        5,
        2,
        2,
        0,
        0,
        0,
        0,
        2,
        2,
        2,
        2,
        5,
        5,
        2,
        2,
        0,
        0,
        0,
        0,
        0,
        0,
        0,
        0,
        2,
        2,
        2,
        2,
        5,
        5,
        2,
        2,
        0,
        0,
        0,
        0,
        2,
        2,
        2,
        2,
        5,
        5,
        2,
        2,
        0,
        0,
        0,
        0,
        0,
        0,
        0,
        0,
        2,
        2,
        2,
        2,
        5,
        5,
        2,
        2,
        0,
        0,
        0,
        0,
        2,
        2,
        2,
        2,
        5,
        5,
        2,
        2,
        0,
        0,
        0,
        0,
        0,
        0,
        0,
        0,
        2,
        2,
        2,
        2,
        5,
        5,
        2,
        2,
        0,
        0,
        0,
        0,
        0,
        0,
        0,
        0,
        2,
        2,
        2,
        2,
        5,
        5,
        2,
        2,
        0,
        0,
        0,
        0,
        0,
        0,
        0,
        0,
        2,
        2,
        2,
        2,
        5,
        5,
        2,
        2,
        0,
        0,
        0,
        0,
        0,
        0,
        0,
        0,
        2,
        2,
        2,
        2,
        5,
        5,
        2,
        2,
        0,
        0,
        0,
        0,
        0,
        0,
        0,
        0,
        2,
        2,
        2,
        2,
        5,
        5,
        2,
        2,
        0,
        0,
        0,
        0,
        0,
        0,
        0,
        0,
        2,
        2,
        2,
        2,
        5,
        5,
        2,
        2,
        0,
        0,
        0,
        0,
        0,
        0,
        0,
        0,
        2,
        2,
        2,
        2,
        5,
        5,
        2,
        2,
        0,
        0,
        0,
        0,
        0,
        0,
        0,
        0,
        2,
        2,
        2,
        2,
        5,
        5,
        2,
        2,
        0,
        0,
        0,
        0,
        0,
        0,
        0,
        0,
        2,
        2,
        2,
        2,
        5,
        5,
        2,
        2,
        0,
        0,
        0,
        0,
        0,
        0,
        0,
        0,
        2,
        2,
        2,
        2,
        5,
        5,
        2,
        2,
        0,
        0,
        0,
        0,
        0,
        0,
        0,
        0,
        2,
        2,
        2,
        2,
        5,
        5,
        2,
        2,
        0,
        0,
        0,
        0,
        0,
        0,
        0,
        0,
        2,
        2,
        2,
        2,
        5,
        5,
        2,
        2,
        0,
        0,
        0,
        0,
        0,
        0,
        0,
        0,
        2,
        2,
        2,
        2,
        5,
        5
    ],
    "octaves": [
        6,
        7,
        6,
        7,
        6,
        7,
        6,
        7,
        6,
        7,
        6,
        7,
        6,
        7,
        6,
        7,
        6,
        7,
        6,
        7,
        6,
        7,
        6,
        7,
        6,
        7,
        6,
        7,
        6,
        7,
        6,
        7,
        6,
        7,
        6,
        7,
        6,
        7,
        6,
        7,
        6,
        7,
        6,
        7,
        6,
        7,
        6,
        7,
        6,
        7,
        6,
        7,
        6,
        7,
        6,
        7,
        6,
        7,
        6,
        7,
        6,
        7,
        6,
        7,
        6,
        7,
        6,
        7,
        6,
        7,
        6,
        7,
        6,
        7,
        6,
        7,
        6,
        7,
        6,
        7,
        6,
        7,
        6,
        7,
        6,
        7,
        6,
        7,
        6,
        7,
        6,
        7,
        6,
        7,
        6,
        7,
        6,
        7,
        6,
        7,
        6,
        7,
        6,
        7,
        6,
        7,
        6,
        7,
        6,
        7,
        6,
        7,
        6,
        7,
        6,
        7,
        6,
        7,
        6,
        7,
        6,
        7,
        6,
        7,
        6,
        7,
        6,
        7,
        6,
        7,
        6,
        7,
        6,
        7,
        6,
        7,
        6,
        7,
        6,
        7,
        6,
        7,
        6,
        7,
        6,
        7,
        6,
        7,
        6,
        7,
        6,
        7,
        6,
        7,
        6,
        7,
        6,
        7,
        6,
        7,
        6,
        7,
        6,
        7,
        6,
        7,
        6,
        7,
        6,
        7,
        6,
        7,
        6,
        7,
        6,
        7,
        6,
        7,
        6,
        7,
        6,
        7,
        6,
        7,
        6,
        7,
        6,
        7,
        6,
        7,
        6,
        7,
        6,
        7,
        6,
        7,
        6,
        7,
        6,
        7,
        6,
        7,
        6,
        7,
        6,
        7,
        6,
        7,
        6,
        7,
        6,
        7,
        6,
        7,
        6,
        7,
        6,
        7,
        6,
        7,
        6,
        7,
        6,
        7,
        6,
        7,
        6,
        7,
        6,
        7,
        6,
        7,
        6,
        7,
        6,
        7,
        6,
        7,
        6,
        7,
        6,
        7,
        6,
        7,
        6,
        7,
        6,
        7,
        6,
        7,
        6,
        7,
        6,
        7,
        6,
        7,
        6,
        7,
        6,
        7,
        6,
        7,
        6,
        7,
        6,
        7,
        6,
        7,
        6,
        7,
        6,
        7,
        6,
        7,
        6,
        7,
        6,
        7,
        6,
        7,
        6,
        7,
        6,
        7,
        6,
        7,
        6,
        7,
        6,
        7,
        6,
        7,
        6,
        7,
        6,
        7,
        6,
        7
    ]
}