{
    "min_pitch": 53,
    "max_pitch": 77,
    "avg_pitch": 66.09287925696594,
    "avg_duration": 0.9074216440918467,
    "avg_position": 151.2329473312693,
    "note_density": 1.419478104793817,
    "pitch_classes": [
        5,
        0,
        9,
        5,
        0,
        9,
        5,
        0,
        9,
        9,
        0,
        5,
        9,
        2,
        2,
        5,
        9,
        5,
        0,
        5,
        10,
        5,
        10,
        5,
        0,
        9,
        5,
        0,
        5,
        9,
        2,
        5,
        2,
        9,
        5,
        0,
        5,
        10,
        5,
        10,
        5,
        0,
        5,
        5,
        9,
        5,
        9,
        0,
        10,
        5,
        10,
        0,
        5,
        5,
        2,
        4,
        2,
        9,
        5,
        2,
        0,
        0,
        4,
        7,
        0,
        5,
        0,
        9,
        5,
        0,
        9,
        5,
        0,
        9,
        9,
        0,
        5,
        9,
        2,
        2,
        5,
        9,
        5,
        0,
        5,
        10,
        5,
        10,
        5,
        0,
        9,
        5,
        0,
        5,
        9,
        2,
        5,
        2,
        9,
        5,
        0,
        5,
        10,
        5,
        10,
        5,
        0,
        5,
        5,
        9,
        5,
        9,
        0,
        10,
        5,
        10,
        0,
        5,
        5,
        2,
        4,
        2,
        9,
        5,
        2,
        0,
        0,
        4,
        7,
        0,
        5,
        0,
        9,
        5,
        0,
        9,
        5,
        0,
        9,
        9,
        0,
        5,
        9,
        2,
        2,
        5,
        9,
        5,
        0,
        5,
        10,
        5,
        10,
        5,
        0,
        9,
        5,
        0,
        5,
        9,
        2,
        5,
        2,
        9,
        5,
        0,
        5,
        10,
        5,
        10,
        5,
        0,
        5,
        5,
        9,
        5,
        9,
        0,
        10,
        5,
        0,
        5,
        5,
        10,
        5,
        2,
        4,
        2,
        9,
        2,
        0,
        0,
        4,
        7,
        0,
        10,
        5,
        2,
        9,
        2,
        9,
        7,
        0,
        7,
        0,
        0,
        7,
        7,
        0,
        0,
        7,
        5,
        10,
        9,
        2,
        2,
        9,
        7,
        0,
        7,
        0,
        7,
        0,
        0,
        7,
        7,
        0,
        10,
        5,
        10,
        9,
        2,
        2,
        9,
        7,
        0,
        7,
        0,
        0,
        7,
        7,
        0,
        5,
        10,
        5,
        10,
        2,
        9,
        2,
        9,
        5,
        5,
        0,
        5,
        0,
        5,
        0,
        5,
        0,
        5,
        0,
        5,
        0,
        5,
        0,
        10,
        5,
        9,
        2,
        2,
        9,
        0,
        7,
        7,
        0,
        0,
        7,
        7,
        0,
        7,
        0,
        5,
        10,
        9,
        2,
        9,
        2,
        7,
        0,
        7,
        0,
        0,
        7,
        0,
        7,
        7,
        0,
        7,
        0,
        5,
        10,
        9,
        2,
        2,
        9,
        7,
        0,
        7,
        0,
        0,
        7,
        0,
        7,
        0,
        7,
        10,
        5,
        2,
        9,
        2,
        9,
        5,
        0
    ],
    "octaves": [
        5,
        6,
        5,
        5,
        6,
        5,
        5,
        6,
        5,
        5,
        6,
        5,
        5,
        5,
        6,
        6,
        5,
        5,
        6,
        6,
        4,
        5,
        5,
        6,
        6,
        5,
        5,
        6,
        6,
        5,
        5,
        6,
        6,
        5,
        5,
        6,
        6,
        4,
        5,
        5,
        6,
        6,
        6,
        5,
        4,
        4,
        4,
        5,
        4,
        5,
        5,
        6,
        6,
        5,
        5,
        5,
        5,
        5,
        6,
        6,
        5,
        5,
        6,
        5,
        6,
        5,
        6,
        5,
        5,
        6,
        5,
        5,
        6,
        5,
        5,
        6,
        5,
        5,
        5,
        6,
        6,
        5,
        5,
        6,
        6,
        4,
        5,
        5,
        6,
        6,
        5,
        5,
        6,
        6,
        5,
        5,
        6,
        6,
        5,
        5,
        6,
        6,
        4,
        5,
        5,
        6,
        6,
        6,
        5,
        4,
        4,
        4,
        5,
        4,
        5,
        5,
        6,
        6,
        5,
        5,
        5,
        5,
        5,
        6,
        6,
        5,
        5,
        6,
        5,
        6,
        5,
        6,
        5,
        5,
        6,
        5,
        5,
        6,
        5,
        5,
        6,
        5,
        5,
        5,
        6,
        6,
        5,
        5,
        6,
        6,
        4,
        5,
        5,
        6,
        6,
        5,
        5,
        6,
        6,
        5,
        5,
        6,
        6,
        5,
        5,
        6,
        6,
        4,
        5,
        5,
        6,
        6,
        6,
        5,
        4,
        4,
        4,
        5,
        5,
        5,
        6,
        6,
        6,
        4,
        5,
        5,
        5,
        5,
        5,
        6,
        5,
        5,
        6,
        5,
        6,
        4,
        5,
        5,
        5,
        5,
        5,
        5,
        5,
        5,
        5,
        5,
        5,
        5,
        5,
        5,
        5,
        5,
        4,
        5,
        5,
        5,
        5,
        5,
        5,
        5,
        5,
        5,
        5,
        5,
        5,
        5,
        5,
        4,
        5,
        4,
        5,
        5,
        5,
        5,
        5,
        5,
        5,
        5,
        5,
        5,
        5,
        5,
        5,
        4,
        5,
        4,
        5,
        5,
        5,
        5,
        4,
        4,
        5,
        4,
        5,
        4,
        5,
        4,
        5,
        4,
        5,
        4,
        5,
        4,
        5,
        4,
        5,
        5,
        5,
        5,
        5,
        5,
        5,
        5,
        5,
        5,
        5,
        5,
        5,
        5,
        5,
        5,
        4,
        5,
        5,
        5,
        5,
        5,
        5,
        5,
        5,
        5,
        5,
        5,
        5,
        5,
        5,
        5,
        5,
        5,
        4,
        5,
        5,
        5,
        5,
        5,
        5,
        5,
        5,
        5,
        5,
        5,
        5,
        5,
        5,
        4,
        5,
        5,
        5,
        5,
        5,
        4,
        5
    ]
}