{
    "min_pitch": 39,
    "max_pitch": 39,
    "avg_pitch": 39.0,
    "avg_duration": 0.02717385416666218,
    "avg_position": 187.73872366666671,
    "note_density": 0.05272595419944994,
    "pitch_classes": [
        3,
        3,
        3,
        3,
        3,
        3,
        3,
        3,
        3,
        3,
        3,
        3
    ],
    "octaves": [
        3,
        3,
        3,
        3,
        3,
        3,
        3,
        3,
        3,
        3,
        3,
        3
    ]
}