{
    "min_pitch": 83,
    "max_pitch": 88,
    "avg_pitch": 86.16666666666667,
    "avg_duration": 1.2450870590277778,
    "avg_position": 4.956763319444445,
    "note_density": 0.028378199918888423,
    "pitch_classes": [
        2,
        4,
        11,
        2,
        2,
        4
    ],
    "octaves": [
        7,
        7,
        6,
        7,
        7,
        7
    ]
}