{
    "min_pitch": 47,
    "max_pitch": 64,
    "avg_pitch": 54.37476099426386,
    "avg_duration": 0.2569716715662853,
    "avg_position": 130.646716673837,
    "note_density": 2.160667203249684,
    "pitch_classes": [
        7,
        9,
        9,
        9,
        9,
        9,
        9,
        9,
        9,
        9,
        7,
        9,
        2,
        4,
        9,
        2,
        4,
        9,
        11,
        11,
        11,
        4,
        8,
        6,
        4,
        6,
        6,
        2,
        4,
        2,
        9,
        2,
        11,
        2,
        6,
        8,
        6,
        4,
        6,
        6,
        11,
        9,
        11,
        11,
        11,
        11,
        11,
        9,
        9,
        9,
        9,
        9,
        9,
        9,
        9,
        6,
        7,
        7,
        7,
        7,
        7,
        7,
        7,
        7,
        11,
        11,
        11,
        11,
        7,
        7,
        9,
        9,
        9,
        9,
        9,
        7,
        7,
        7,
        9,
        11,
        11,
        6,
        2,
        11,
        9,
        7,
        7,
        7,
        9,
        9,
        4,
        7,
        9,
        9,
        9,
        9,
        4,
        7,
        9,
        9,
        11,
        1,
        2,
        2,
        6,
        6,
        7,
        7,
        7,
        9,
        9,
        9,
        9,
        7,
        9,
        2,
        6,
        6,
        6,
        6,
        6,
        7,
        7,
        7,
        9,
        9,
        9,
        9,
        9,
        1,
        2,
        6,
        7,
        7,
        7,
        9,
        9,
        7,
        7,
        9,
        4,
        2,
        7,
        7,
        9,
        4,
        2,
        9,
        11,
        11,
        9,
        6,
        6,
        6,
        4,
        6,
        6,
        7,
        7,
        2,
        4,
        9,
        9,
        4,
        6,
        2,
        1,
        11,
        9,
        6,
        6,
        4,
        6,
        6,
        6,
        7,
        7,
        7,
        7,
        9,
        9,
        9,
        2,
        9,
        2,
        2,
        4,
        4,
        4,
        11,
        11,
        11,
        11,
        11,
        4,
        6,
        6,
        6,
        4,
        6,
        6,
        1,
        2,
        4,
        4,
        11,
        4,
        2,
        11,
        9,
        6,
        11,
        4,
        6,
        8,
        6,
        4,
        6,
        6,
        11,
        9,
        11,
        11,
        9,
        11,
        11,
        9,
        9,
        9,
        9,
        11,
        9,
        11,
        6,
        7,
        7,
        7,
        7,
        7,
        7,
        2,
        1,
        11,
        11,
        11,
        11,
        7,
        7,
        9,
        9,
        9,
        9,
        9,
        7,
        4,
        9,
        4,
        7,
        9,
        9,
        1,
        2,
        2,
        2,
        7,
        7,
        7,
        9,
        4,
        7,
        9,
        9,
        10,
        9,
        11,
        9,
        1,
        4,
        2,
        6,
        7,
        7,
        7,
        9,
        7,
        9,
        9,
        2,
        6,
        9,
        6,
        7,
        7,
        9,
        9,
        9,
        11,
        11,
        1,
        2,
        6,
        7,
        7,
        9,
        9,
        9,
        9,
        9,
        9,
        9,
        9,
        2,
        7,
        7,
        9,
        4,
        2,
        9,
        1,
        11,
        9,
        6,
        6,
        8,
        9,
        7,
        2,
        7,
        7,
        7,
        9,
        9,
        9,
        9,
        9,
        9,
        9,
        2,
        1,
        11,
        9,
        6,
        6,
        6,
        6,
        6,
        6,
        7,
        7,
        7,
        7,
        7,
        7,
        9,
        9,
        9,
        9,
        9,
        11,
        1,
        11,
        9,
        11,
        7,
        7,
        9,
        9,
        9,
        9,
        7,
        9,
        9,
        9,
        7,
        9,
        9,
        7,
        4,
        2,
        2,
        7,
        7,
        9,
        9,
        7,
        9,
        9,
        9,
        9,
        9,
        0,
        1,
        0,
        1,
        0,
        9,
        2,
        2,
        7,
        7,
        7,
        9,
        9,
        7,
        9,
        9,
        11,
        1,
        2,
        2,
        6,
        6,
        6,
        7,
        2,
        7,
        9,
        9,
        9,
        9,
        2,
        2,
        6,
        7,
        7,
        7,
        9,
        9,
        7,
        9,
        2,
        11,
        1,
        1,
        2,
        7,
        7,
        9,
        2,
        9,
        1,
        11,
        9,
        6,
        6,
        4,
        6,
        4,
        6,
        6,
        7,
        7,
        7,
        7,
        7,
        9,
        4,
        7,
        11,
        7,
        11,
        4,
        6,
        2,
        1,
        11,
        9,
        6,
        1,
        4,
        6,
        6,
        6,
        7,
        7,
        7,
        7,
        7,
        9,
        7,
        9,
        7,
        9,
        7,
        9,
        2,
        2,
        9,
        1,
        11,
        9,
        6,
        6,
        4,
        6,
        6,
        6,
        7,
        7,
        7,
        7,
        7,
        7,
        7,
        9,
        9,
        9,
        9,
        9,
        11,
        1,
        1,
        2,
        9,
        9,
        11,
        9,
        6,
        6,
        6,
        6,
        6,
        6
    ],