{
    "min_pitch": 105,
    "max_pitch": 119,
    "avg_pitch": 110.95031055900621,
    "avg_duration": 0.12232774120082801,
    "avg_position": 77.6253309457816,
    "note_density": 0.761481697823506,
    "pitch_classes": [
        1,
        2,
        4,
        5,
        7,
        0,
        2,
        4,
        5,
        0,
        2,
        4,
        5,
        0,
        2,
        4,
        5,
        0,
        2,
        4,
        5,
        0,
        2,
        4,
        5,
        0,
        2,
        4,
        5,
        0,
        2,
        4,
        5,
        0,
        2,
        4,
        5,
        0,
        2,
        4,
        5,
        0,
        2,
        4,
        5,
        0,
        2,
        4,
        5,
        0,
        2,
        4,
        5,
        11,
        0,
        2,
        3,
        5,
        4,
        6,
        7,
        9,
        11,
        7,
        5,
        4,
        2,
        0,
        0,
        2,
        4,
        5,
        7,
        0,
        2,
        4,
        5,
        11,
        0,
        2,
        4,
        0,
        2,
        4,
        5,
        0,
        2,
        4,
        5,
        7,
        11,
        0,
        2,
        4,
        5,
        0,
        2,
        4,
        5,
        7,
        2,
        4,
        5,
        7,
        9,
        11,
        0,
        2,
        4,
        0,
        2,
        4,
        5,
        0,
        2,
        4,
        5,
        7,
        2,
        4,
        5,
        7,
        9,
        0,
        2,
        4,
        5,
        2,
        4,
        5,
        7,
        11,
        0,
        2,
        4,
        5,
        0,
        2,
        4,
        5,
        7,
        9,
        11,
        0,
        2,
        4,
        11,
        0,
        2,
        4,
        5,
        9,
        11,
        0,
        2,
        4,
        11,
        0,
        2,
        4,
        5
    ],
    "octaves": [
        9,
        9,
        9,
        9,
        9,
        9,
        9,
        9,
        9,
        9,
        9,
        9,
        9,
        9,
        9,
        9,
        9,
        9,
        9,
        9,
        9,
        9,
        9,
        9,
        9,
        9,
        9,
        9,
        9,
        9,
        9,
        9,
        9,
        9,
        9,
        9,
        9,
        9,
        9,
        9,
        9,
        9,
        9,
        9,
        9,
        9,
        9,
        9,
        9,
        9,
        9,
        9,
        9,
        8,
        9,
        9,
        9,
        9,
        9,
        9,
        9,
        9,
        9,
        9,
        9,
        9,
        9,
        9,
        9,
        9,
        9,
        9,
        9,
        9,
        9,
        9,
        9,
        8,
        9,
        9,
        9,
        9,
        9,
        9,
        9,
        9,
        9,
        9,
        9,
        9,
        8,
        9,
        9,
        9,
        9,
        9,
        9,
        9,
        9,
        9,
        9,
        9,
        9,
        9,
        9,
        8,
        9,
        9,
        9,
        9,
        9,
        9,
        9,
        9,
        9,
        9,
        9,
        9,
        9,
        9,
        9,
        9,
        9,
        9,
        9,
        9,
        9,
        9,
        9,
        9,
        9,
        8,
        9,
        9,
        9,
        9,
        9,
        9,
        9,
        9,
        9,
        8,
        8,
        9,
        9,
        9,
        8,
        9,
        9,
        9,
        9,
        8,
        8,
        9,
        9,
        9,
        8,
        9,
        9,
        9,
        9
    ]
}