{
    "min_pitch": 62,
    "max_pitch": 76,
    "avg_pitch": 69.05583756345177,
    "avg_duration": 0.11627545293993231,
    "avg_position": 61.74001780647208,
    "note_density": 2.79525269201051,
    "pitch_classes": [
        6,
        9,
        2,
        2,
        6,
        2,
        2,
        9,
        2,
        6,
        9,
        2,
        4,
        2,
        7,
        11,
        11,
        2,
        7,
        4,
        7,
        11,
        2,
        4,
        4,
        7,
        11,
        2,
        7,
        11,
        4,
        2,
        7,
        4,
        11,
        2,
        7,
        11,
        2,
        4,
        7,
        4,
        11,
        2,
        2,
        6,
        2,
        11,
        9,
        6,
        2,
        11,
        2,
        9,
        6,
        2,
        9,
        11,
        2,
        2,
        6,
        2,
        9,
        11,
        6,
        9,
        11,
        2,
        2,
        6,
        11,
        2,
        2,
        9,
        9,
        2,
        6,
        11,
        2,
        6,
        9,
        11,
        2,
        2,
        6,
        4,
        9,
        4,
        1,
        6,
        4,
        4,
        9,
        1,
        6,
        9,
        4,
        1,
        4,
        6,
        4,
        4,
        9,
        1,
        4,
        6,
        4,
        9,
        1,
        6,
        4,
        4,
        9,
        1,
        4,
        6,
        9,
        4,
        1,
        6,
        4,
        4,
        9,
        1,
        6,
        4,
        4,
        9,
        1,
        4,
        6,
        4,
        9,
        1,
        9,
        6,
        4,
        4,
        1,
        4,
        6,
        4,
        9,
        1,
        4,
        6,
        4,
        9,
        1,
        6,
        2,
        2,
        9,
        2,
        6,
        9,
        2,
        6,
        2,
        9,
        2,
        4,
        7,
        11,
        4,
        7,
        4,
        11,
        4,
        7,
        4,
        11,
        4,
        4,
        7,
        11,
        4,
        7,
        11,
        4,
        4,
        4,
        7,
        11,
        2,
        4,
        7,
        11,
        2,
        7,
        4,
        11,
        2,
        2,
        6,
        2,
        11,
        9,
        6,
        2,
        2,
        11,
        9,
        6,
        2,
        2,
        9,
        11,
        6,
        2,
        9,
        2,
        11,
        6,
        2,
        9,
        11,
        2,
        2,
        6,
        2,
        9,
        11,
        6,
        2,
        2,
        9,
        11,
        6,
        9,
        11,
        2,
        2,
        4,
        6,
        9,
        1,
        4,
        4,
        6,
        9,
        1,
        4,
        4,
        6,
        4,
        9,
        1,
        6,
        4,
        4,
        9,
        1,
        4,
        6,
        4,
        9,
        1,
        4,
        6,
        4,
        9,
        1,
        6,
        4,
        9,
        4,
        1,
        4,
        6,
        4,
        9,
        1,
        4,
        4,
        6,
        9,
        1,
        6,
        4,
        4,
        9,
        1,
        6,
        4,
        4,
        9,
        1,
        6,
        4,
        4,
        9,
        1,
        2,
        6,
        2,
        9,
        6,
        2,
        2,
        9,
        6,
        9,
        2,
        2,
        4,
        7,
        11,
        2,
        4,
        7,
        11,
        4,
        2,
        4,
        4,
        7,
        11,
        2,
        4,
        7,
        4,
        11,
        4,
        2,
        7,
        11,
        4,
        2,
        4,
        4,
        7,
        11,
        7,
        4,
        11,
        11,
        7,
        4,
        2,
        6,
        11,
        2,
        9,
        2,
        6,
        2,
        11,
        9,
        6,
        2,
        2,
        11,
        9,
        6,
        2,
        2,
        9,
        11,
        6,
        2,
        2,
        11,
        9,
        6,
        2,
        2,
        9,
        11,
        6,
        2,
        9,
        2,
        11,
        6,
        11,
        2,
        9,
        2,
        6,
        4,
        9,
        4,
        1,
        4,
        6,
        4,
        9,
        1,
        4,
        6,
        4,
        9,
        1,
        4,
        6,
        4,
        9,
        1,
        6,
        4,
        4,
        9,
        1,
        4,
        6,
        9,
        4,
        1,
        4,
        6,
        9,
        4,
        1,
        4,
        6,
        4,
        9,
        1,
        6,
        4,
        4,
        9,
        1,
        4,
        4,
        6,
        9,
        1,
        6,
        4,
        9,
        4,
        1,
        6,
        4,
        4,
        9,
        1,
        6,
        4,
        4,
        9,
        1,
        6,
        2,
        2,
        9,
        6,
        2,
        2,
        9,
        6,
        9,
        2,
        2,
        4,
        11,
        7,
        4,
        4,
        7,
        11,
        4,
        7,
        4,
        4,
        11,
        4,
        7,
        4,
        11,
        7,
        11,
        4,
        4,
        4,
        7,
        11,
        2,
        7,
        4,
        11,
        2,
        7,
        11,
        2,
        4,
        2,
        6,
        2,
        9,
        6,
        2,
        2,
        9,
        6,
        2,
        11,
        2,
        9,
        6,
        2,
        2,
        11,
        9,
        6,
        2,
        2,
        11,
        9,
        6,
        2,
        2,
        9,
        11,
        6,
        2,
        2,
        9,
        11,
        6,
        11,
        9,
        2,
        2,
        6,
        4,
        4,
        9,
        1,
        4,
        6,
        9,
        4,
        1,
        4,
        6,
        4,
        9,
        1,
        4,
        6,
        4,
        9,
        1,
        6,
        4,
        4,
        9,
        1,
        6,
        4,
        9,
        4,
        1,
        6,
        4,
        4,
        9,
        1,
        6,
        4,
        4,
        9,
        1,
        4,
        6,
        9,
        4,
        1,
        6,
        4,
        4,
        9,
        1,
        6,
        4,
        4,
        9,
        1,
        6,
        4,
        4,
        9,
        1,
        6,
        4,
        4,
        9,
        1
    ],