{
    "min_pitch": 67,
    "max_pitch": 83,
    "avg_pitch": 76.58964143426294,
    "avg_duration": 0.4594429780046482,
    "avg_position": 114.10978957304123,
    "note_density": 1.1808777625799805,
    "pitch_classes": [
        2,
        4,
        11,
        2,
        2,
        4,
        2,
        4,
        11,
        2,
        2,
        4,
        6,
        6,
        6,
        4,
        4,
        2,
        2,
        1,
        2,
        4,
        6,
        6,
        4,
        7,
        4,
        4,
        2,
        2,
        1,
        1,
        11,
        11,
        1,
        2,
        1,
        2,
        1,
        11,
        6,
        6,
        6,
        2,
        4,
        4,
        4,
        4,
        4,
        4,
        4,
        9,
        9,
        6,
        6,
        6,
        2,
        4,
        4,
        4,
        4,
        4,
        4,
        4,
        6,
        7,
        9,
        11,
        4,
        9,
        9,
        9,
        9,
        9,
        9,
        9,
        7,
        6,
        4,
        6,
        7,
        9,
        11,
        4,
        4,
        2,
        4,
        6,
        7,
        6,
        6,
        4,
        2,
        4,
        6,
        4,
        2,
        2,
        4,
        11,
        2,
        2,
        4,
        2,
        4,
        11,
        2,
        2,
        4,
        11,
        6,
        6,
        4,
        4,
        2,
        2,
        1,
        2,
        4,
        6,
        6,
        4,
        7,
        4,
        4,
        2,
        2,
        1,
        1,
        11,
        11,
        1,
        2,
        1,
        2,
        1,
        11,
        6,
        6,
        6,
        2,
        4,
        4,
        4,
        4,
        4,
        4,
        4,
        9,
        9,
        6,
        6,
        6,
        2,
        4,
        4,
        4,
        4,
        4,
        4,
        4,
        6,
        7,
        9,
        11,
        4,
        9,
        9,
        9,
        9,
        9,
        9,
        9,
        7,
        6,
        4,
        6,
        7,
        9,
        11,
        4,
        4,
        2,
        4,
        6,
        7,
        6,
        6,
        4,
        2,
        4,
        6,
        4,
        2,
        6,
        6,
        6,
        2,
        4,
        4,
        4,
        4,
        4,
        4,
        4,
        9,
        9,
        6,
        6,
        6,
        2,
        4,
        4,
        4,
        4,
        4,
        4,
        4,
        6,
        7,
        9,
        11,
        4,
        9,
        9,
        9,
        9,
        9,
        9,
        9,
        7,
        6,
        4,
        6,
        7,
        9,
        11,
        4,
        4,
        2,
        4,
        6,
        7,
        6,
        6,
        4,
        2,
        4,
        6,
        4,
        2
    ],
    "octaves": [
        6,
        6,
        5,
        6,
        6,
        6,
        6,
        6,
        5,
        6,
        6,
        6,
        6,
        6,
        6,
        6,
        6,
        6,
        6,
        6,
        6,
        6,
        6,
        6,
        6,
        5,
        6,
        6,
        6,
        6,
        6,
        6,
        5,
        5,
        6,
        6,
        6,
        6,
        6,
        5,
        6,
        6,
        6,
        6,
        6,
        6,
        6,
        6,
        6,
        6,
        6,
        6,
        6,
        6,
        6,
        6,
        6,
        6,
        6,
        6,
        6,
        6,
        6,
        6,
        6,
        6,
        6,
        6,
        6,
        6,
        6,
        6,
        6,
        6,
        6,
        6,
        6,
        6,
        6,
        6,
        6,
        6,
        6,
        6,
        6,
        6,
        6,
        6,
        6,
        6,
        6,
        6,
        6,
        6,
        6,
        6,
        6,
        6,
        6,
        5,
        6,
        6,
        6,
        6,
        6,
        5,
        6,
        6,
        6,
        5,
        6,
        6,
        6,
        6,
        6,
        6,
        6,
        6,
        6,
        6,
        6,
        6,
        5,
        6,
        6,
        6,
        6,
        6,
        6,
        5,
        5,
        6,
        6,
        6,
        6,
        6,
        5,
        6,
        6,
        6,
        6,
        6,
        6,
        6,
        6,
        6,
        6,
        6,
        6,
        6,
        6,
        6,
        6,
        6,
        6,
        6,
        6,
        6,
        6,
        6,
        6,
        6,
        6,
        6,
        6,
        6,
        6,
        6,
        6,
        6,
        6,
        6,
        6,
        6,
        6,
        6,
        6,
        6,
        6,
        6,
        6,
        6,
        6,
        6,
        6,
        6,
        6,
        6,
        6,
        6,
        6,
        6,
        6,
        6,
        6,
        6,
        6,
        6,
        6,
        6,
        6,
        6,
        6,
        6,
        6,
        6,
        6,
        6,
        6,
        6,
        6,
        6,
        6,
        6,
        6,
        6,
        6,
        6,
        6,
        6,
        6,
        6,
        6,
        6,
        6,
        6,
        6,
        6,
        6,
        6,
        6,
        6,
        6,
        6,
        6,
        6,
        6,
        6,
        6,
        6,
        6,
        6,
        6,
        6,
        6,
        6,
        6,
        6,
        6,
        6,
        6
    ]
}