{
    "min_pitch": 42,
    "max_pitch": 79,
    "avg_pitch": 55.42933333333333,
    "avg_duration": 0.7264960646666674,
    "avg_position": 138.1360807162222,
    "note_density": 1.5504475874689745,
    "pitch_classes": [
        6,
        11,
        6,
        6,
        11,
        9,
        4,
        4,
        9,
        9,
        4,
        9,
        4,
        9,
        4,
        4,
        9,
        2,
        7,
        2,
        7,
        2,
        11,
        6,
        6,
        11,
        7,
        2,
        7,
        2,
        9,
        4,
        9,
        4,
        9,
        4,
        9,
        4,
        9,
        9,
        4,
        4,
        9,
        9,
        2,
        7,
        2,
        2,
        7,
        9,
        4,
        4,
        9,
        9,
        4,
        4,
        9,
        9,
        4,
        4,
        9,
        4,
        9,
        9,
        2,
        2,
        7,
        4,
        9,
        9,
        4,
        4,
        9,
        9,
        2,
        1,
        6,
        7,
        2,
        4,
        9,
        9,
        2,
        7,
        2,
        4,
        9,
        9,
        2,
        2,
        7,
        4,
        9,
        2,
        2,
        1,
        9,
        9,
        11,
        1,
        0,
        11,
        11,
        9,
        7,
        7,
        4,
        2,
        2,
        1,
        9,
        9,
        11,
        1,
        0,
        2,
        11,
        9,
        7,
        7,
        4,
        2,
        6,
        11,
        6,
        6,
        11,
        9,
        4,
        4,
        9,
        9,
        4,
        9,
        4,
        9,
        4,
        4,
        9,
        2,
        7,
        2,
        7,
        2,
        11,
        6,
        6,
        11,
        7,
        2,
        7,
        2,
        9,
        4,
        9,
        4,
        9,
        4,
        9,
        4,
        9,
        9,
        4,
        4,
        9,
        9,
        2,
        7,
        2,
        2,
        7,
        9,
        4,
        4,
        9,
        9,
        4,
        4,
        9,
        9,
        4,
        4,
        9,
        4,
        9,
        9,
        2,
        2,
        7,
        4,
        9,
        9,
        4,
        4,
        9,
        9,
        2,
        1,
        6,
        7,
        2,
        4,
        9,
        9,
        2,
        7,
        2,
        4,
        9,
        9,
        2,
        2,
        7,
        4,
        9,
        2,
        2,
        1,
        9,
        9,
        11,
        1,
        0,
        11,
        11,
        9,
        7,
        7,
        4,
        2,
        2,
        1,
        9,
        9,
        11,
        1,
        0,
        2,
        11,
        9,
        7,
        7,
        4,
        4,
        9,
        6,
        11,
        4,
        9,
        11,
        6,
        7,
        2,
        7,
        2,
        9,
        4,
        9,
        4,
        9,
        4,
        9,
        4,
        9,
        9,
        4,
        4,
        9,
        9,
        2,
        7,
        2,
        2,
        7,
        9,
        4,
        4,
        9,
        9,
        4,
        4,
        9,
        9,
        4,
        4,
        9,
        4,
        9,
        9,
        2,
        2,
        7,
        4,
        9,
        9,
        4,
        4,
        9,
        9,
        2,
        1,
        6,
        7,
        2,
        4,
        9,
        9,
        2,
        7,
        2,
        4,
        9,
        9,
        2,
        2,
        7,
        4,
        9,
        2,
        2,
        1,
        9,
        9,
        11,
        1,
        0,
        11,
        11,
        9,
        7,
        7,
        4,
        2,
        2,
        1,
        9,
        9,
        11,
        1,
        0,
        2,
        7,
        6,
        7,
        6,
        7,
        6,
        7,
        6,
        7,
        6,
        7,
        6,
        7,
        6,
        1,
        1,
        9,
        9,
        11,
        1,
        0,
        11,
        11,
        9,
        7,
        7,
        4,
        2,
        2,
        1,
        9,
        9,
        11,
        1
    ],