{
    "min_pitch": 55,
    "max_pitch": 74,
    "avg_pitch": 64.37651821862349,
    "avg_duration": 0.49082037862685546,
    "avg_position": 125.49090657882093,
    "note_density": 2.3123905471095214,
    "pitch_classes": [
        6,
        6,
        6,
        4,
        4,
        2,
        2,
        1,
        2,
        4,
        6,
        6,
        4,
        7,
        4,
        4,
        2,
        2,
        1,
        1,
        11,
        11,
        1,
        2,
        1,
        2,
        1,
        11,
        6,
        6,
        6,
        2,
        1,
        9,
        1,
        9,
        7,
        2,
        7,
        2,
        9,
        1,
        4,
        9,
        9,
        1,
        4,
        9,
        9,
        1,
        4,
        9,
        9,
        1,
        4,
        9,
        9,
        1,
        4,
        9,
        2,
        6,
        2,
        2,
        6,
        2,
        9,
        2,
        9,
        9,
        2,
        9,
        9,
        2,
        9,
        7,
        11,
        7,
        9,
        1,
        9,
        9,
        1,
        9,
        7,
        2,
        7,
        2,
        1,
        4,
        9,
        1,
        4,
        9,
        1,
        4,
        9,
        1,
        4,
        9,
        1,
        9,
        4,
        1,
        9,
        6,
        9,
        1,
        7,
        2,
        7,
        9,
        6,
        4,
        11,
        11,
        1,
        4,
        9,
        2,
        9,
        9,
        2,
        2,
        9,
        6,
        2,
        9,
        2,
        9,
        6,
        2,
        9,
        2,
        9,
        2,
        2,
        11,
        7,
        9,
        11,
        11,
        6,
        1,
        4,
        11,
        9,
        9,
        6,
        9,
        9,
        7,
        2,
        7,
        9,
        6,
        4,
        11,
        11,
        1,
        4,
        9,
        6,
        7,
        9,
        11,
        9,
        9,
        7,
        6,
        7,
        9,
        7,
        6,
        11,
        6,
        6,
        4,
        4,
        2,
        2,
        1,
        2,
        4,
        6,
        6,
        4,
        7,
        4,
        4,
        2,
        2,
        1,
        1,
        11,
        11,
        1,
        2,
        1,
        2,
        1,
        11,
        6,
        6,
        6,
        2,
        1,
        9,
        1,
        9,
        7,
        2,
        7,
        2,
        9,
        1,
        4,
        9,
        9,
        1,
        4,
        9,
        9,
        1,
        4,
        9,
        9,
        1,
        4,
        9,
        9,
        1,
        4,
        9,
        2,
        6,
        2,
        2,
        6,
        2,
        9,
        2,
        9,
        9,
        2,
        9,
        9,
        2,
        9,
        7,
        11,
        7,
        9,
        1,
        9,
        9,
        1,
        9,
        7,
        2,
        7,
        2,
        1,
        4,
        9,
        1,
        4,
        9,
        1,
        4,
        9,
        1,
        4,
        9,
        1,
        9,
        4,
        1,
        9,
        6,
        9,
        1,
        7,
        2,
        7,
        9,
        6,
        4,
        11,
        11,
        1,
        4,
        9,
        2,
        9,
        9,
        2,
        2,
        9,
        6,
        2,
        9,
        2,
        9,
        6,
        2,
        9,
        2,
        9,
        2,
        2,
        11,
        7,
        9,
        11,
        11,
        6,
        1,
        4,
        11,
        9,
        9,
        6,
        9,
        9,
        7,
        2,
        7,
        9,
        6,
        4,
        11,
        11,
        1,
        4,
        9,
        6,
        7,
        9,
        11,
        9,
        9,
        7,
        6,
        7,
        9,
        7,
        6,
        6,
        6,
        6,
        2,
        1,
        9,
        1,
        9,
        7,
        2,
        7,
        2,
        9,
        1,
        4,
        9,
        9,
        1,
        4,
        9,
        9,
        1,
        4,
        9,
        9,
        1,
        4,
        9,
        9,
        1,
        4,
        9,
        2,
        6,
        2,
        2,
        6,
        2,
        9,
        2,
        9,
        9,
        2,
        9,
        9,
        2,
        9,
        7,
        11,
        7,
        9,
        1,
        9,
        9,
        1,
        9,
        7,
        2,
        7,
        2,
        1,
        4,
        9,
        1,
        4,
        9,
        1,
        4,
        9,
        1,
        4,
        9,
        1,
        9,
        4,
        1,
        9,
        6,
        9,
        1,
        7,
        2,
        7,
        9,
        6,
        4,
        11,
        11,
        1,
        4,
        9,
        2,
        9,
        9,
        2,
        2,
        9,
        6,
        2,
        9,
        2,
        9,
        6,
        2,
        9,
        2,
        9,
        2,
        2,
        11,
        7,
        9,
        11,
        11,
        6,
        1,
        4,
        11,
        9,
        9,
        6,
        9,
        9,
        7,
        2,
        7,
        9,
        6,
        4,
        11,
        11,
        1,
        4,
        9,
        6,
        7,
        9,
        11,
        9,
        9,
        7,
        6,
        7,
        9,
        7,
        6
    ],