{
    "min_pitch": 86,
    "max_pitch": 102,
    "avg_pitch": 93.37764350453172,
    "avg_duration": 0.5587627201661632,
    "avg_position": 153.17170440647018,
    "note_density": 1.3680743404590907,
    "pitch_classes": [
        2,
        2,
        1,
        11,
        1,
        2,
        2,
        1,
        6,
        4,
        4,
        4,
        4,
        4,
        9,
        9,
        4,
        4,
        4,
        4,
        4,
        6,
        7,
        9,
        11,
        4,
        9,
        9,
        9,
        9,
        9,
        9,
        9,
        7,
        6,
        4,
        6,
        7,
        9,
        2,
        4,
        2,
        4,
        6,
        7,
        6,
        6,
        4,
        2,
        4,
        6,
        4,
        2,
        2,
        2,
        6,
        1,
        4,
        11,
        2,
        1,
        9,
        11,
        2,
        4,
        1,
        1,
        4,
        2,
        11,
        11,
        9,
        7,
        6,
        7,
        4,
        9,
        2,
        2,
        6,
        1,
        4,
        11,
        2,
        9,
        1,
        11,
        2,
        1,
        4,
        4,
        1,
        2,
        11,
        11,
        9,
        7,
        6,
        7,
        4,
        2,
        2,
        2,
        1,
        11,
        1,
        2,
        2,
        1,
        6,
        4,
        4,
        4,
        4,
        4,
        9,
        9,
        4,
        4,
        4,
        4,
        4,
        6,
        7,
        9,
        11,
        4,
        9,
        9,
        9,
        9,
        9,
        9,
        9,
        7,
        6,
        4,
        6,
        7,
        9,
        2,
        4,
        2,
        4,
        6,
        7,
        6,
        6,
        4,
        2,
        4,
        6,
        4,
        2,
        2,
        2,
        6,
        1,
        4,
        11,
        2,
        1,
        9,
        11,
        2,
        4,
        1,
        1,
        4,
        2,
        11,
        11,
        9,
        7,
        6,
        7,
        4,
        9,
        2,
        2,
        6,
        1,
        4,
        11,
        2,
        9,
        1,
        11,
        2,
        1,
        4,
        4,
        1,
        2,
        11,
        11,
        9,
        7,
        6,
        7,
        4,
        2,
        4,
        4,
        4,
        4,
        4,
        9,
        9,
        4,
        4,
        4,
        4,
        4,
        6,
        7,
        9,
        11,
        4,
        9,
        9,
        9,
        9,
        9,
        9,
        9,
        7,
        6,
        4,
        6,
        7,
        9,
        2,
        4,
        2,
        4,
        6,
        7,
        6,
        6,
        4,
        2,
        4,
        6,
        4,
        2,
        2,
        2,
        6,
        1,
        4,
        11,
        2,
        1,
        9,
        11,
        2,
        4,
        1,
        1,
        4,
        2,
        11,
        11,
        9,
        7,
        6,
        7,
        4,
        9,
        2,
        2,
        6,
        1,
        4,
        11,
        2,
        9,
        1,
        11,
        2,
        1,
        4,
        4,
        1,
        2,
        11,
        11,
        9,
        7,
        6,
        7,
        4,
        2,
        2,
        2,
        6,
        1,
        4,
        11,
        2,
        1,
        9,
        11,
        2,
        4,
        1,
        1,
        4,
        2,
        11,
        11,
        9,
        7,
        6,
        7,
        4,
        9,
        2,
        2,
        6,
        1,
        4,
        11,
        2,
        9,
        1,
        11,
        2,
        1,
        4
    ],
    "octaves": [
        8,
        8,
        8,
        7,
        8,
        8,
        8,
        8,
        8,
        7,
        7,
        7,
        7,
        7,
        7,
        7,
        7,
        7,
        7,
        7,
        7,
        7,
        7,
        7,
        7,
        7,
        7,
        7,
        7,
        7,
        7,
        7,
        7,
        7,
        7,
        7,
        7,
        7,
        7,
        7,
        7,
        7,
        7,
        7,
        7,
        7,
        7,
        7,
        7,
        7,
        7,
        7,
        8,
        7,
        8,
        8,
        8,
        8,
        7,
        8,
        8,
        7,
        7,
        8,
        8,
        8,
        8,
        8,
        8,
        7,
        7,
        7,
        7,
        7,
        7,
        7,
        7,
        7,
        8,
        8,
        8,
        8,
        7,
        8,
        7,
        8,
        7,
        8,
        8,
        8,
        8,
        8,
        8,
        7,
        7,
        7,
        7,
        7,
        7,
        7,
        7,
        8,
        8,
        8,
        7,
        8,
        8,
        8,
        8,
        8,
        7,
        7,
        7,
        7,
        7,
        7,
        7,
        7,
        7,
        7,
        7,
        7,
        7,
        7,
        7,
        7,
        7,
        7,
        7,
        7,
        7,
        7,
        7,
        7,
        7,
        7,
        7,
        7,
        7,
        7,
        7,
        7,
        7,
        7,
        7,
        7,
        7,
        7,
        7,
        7,
        7,
        7,
        7,
        8,
        7,
        8,
        8,
        8,
        8,
        7,
        8,
        8,
        7,
        7,
        8,
        8,
        8,
        8,
        8,
        8,
        7,
        7,
        7,
        7,
        7,
        7,
        7,
        7,
        7,
        8,
        8,
        8,
        8,
        7,
        8,
        7,
        8,
        7,
        8,
        8,
        8,
        8,
        8,
        8,
        7,
        7,
        7,
        7,
        7,
        7,
        7,
        7,
        7,
        7,
        7,
        7,
        7,
        7,
        7,
        7,
        7,
        7,
        7,
        7,
        7,
        7,
        7,
        7,
        7,
        7,
        7,
        7,
        7,
        7,
        7,
        7,
        7,
        7,
        7,
        7,
        7,
        7,
        7,
        7,
        7,
        7,
        7,
        7,
        7,
        7,
        7,
        7,
        7,
        7,
        7,
        8,
        7,
        8,
        8,
        8,
        8,
        7,
        8,
        8,
        7,
        7,
        8,
        8,
        8,
        8,
        8,
        8,
        7,
        7,
        7,
        7,
        7,
        7,
        7,
        7,
        7,
        8,
        8,
        8,
        8,
        7,
        8,
        7,
        8,
        7,
        8,
        8,
        8,
        8,
        8,
        8,
        7,
        7,
        7,
        7,
        7,
        7,
        7,
        8,
        7,
        8,
        8,
        8,
        8,
        7,
        8,
        8,
        7,
        7,
        8,
        8,
        8,
        8,
        8,
        8,
        7,
        7,
        7,
        7,
        7,
        7,
        7,
        7,
        7,
        8,
        8,
        8,
        8,
        7,
        8,
        7,
        8,
        7,
        8,
        8,
        8
    ]
}