{
    "min_pitch": 69,
    "max_pitch": 74,
    "avg_pitch": 70.76470588235294,
    "avg_duration": 0.25788463623366004,
    "avg_position": 133.67520093484475,
    "note_density": 0.4824293986211032,
    "pitch_classes": [
        2,
        2,
        9,
        9,
        2,
        2,
        9,
        9,
        11,
        11,
        9,
        9,
        2,
        2,
        9,
        9,
        2,
        2,
        9,
        9,
        2,
        2,
        9,
        9,
        9,
        9,
        11,
        11,
        9,
        9,
        11,
        9,
        9,
        9,
        10,
        9,
        11,
        9,
        9,
        9,
        10,
        9,
        2,
        2,
        9,
        9,
        2,
        2,
        9,
        9,
        11,
        11,
        9,
        9,
        2,
        2,
        9,
        9,
        2,
        2,
        9,
        9,
        2,
        2,
        9,
        9,
        9,
        9,
        11,
        11,
        9,
        9,
        2,
        2,
        9,
        9,
        2,
        2,
        9,
        9,
        11,
        11,
        9,
        9,
        2,
        2,
        9,
        9,
        2,
        2,
        9,
        9,
        2,
        2,
        9,
        9,
        9,
        9,
        11,
        11,
        9,
        9
    ],
    "octaves": [
        6,
        6,
        5,
        5,
        6,
        6,
        5,
        5,
        5,
        5,
        5,
        5,
        6,
        6,
        5,
        5,
        6,
        6,
        5,
        5,
        6,
        6,
        5,
        5,
        5,
        5,
        5,
        5,
        5,
        5,
        5,
        5,
        5,
        5,
        5,
        5,
        5,
        5,
        5,
        5,
        5,
        5,
        6,
        6,
        5,
        5,
        6,
        6,
        5,
        5,
        5,
        5,
        5,
        5,
        6,
        6,
        5,
        5,
        6,
        6,
        5,
        5,
        6,
        6,
        5,
        5,
        5,
        5,
        5,
        5,
        5,
        5,
        6,
        6,
        5,
        5,
        6,
        6,
        5,
        5,
        5,
        5,
        5,
        5,
        6,
        6,
        5,
        5,
        6,
        6,
        5,
        5,
        6,
        6,
        5,
        5,
        5,
        5,
        5,
        5,
        5,
        5
    ]
}