{
    "min_pitch": 45,
    "max_pitch": 83,
    "avg_pitch": 72.5,
    "avg_duration": 0.5081218990502446,
    "avg_position": 175.30566895572912,
    "note_density": 0.5623889867465349,
    "pitch_classes": [
        6,
        6,
        4,
        1,
        1,
        1,
        2,
        4,
        3,
        2,
        2,
        1,
        11,
        9,
        11,
        7,
        6,
        6,
        4,
        1,
        1,
        1,
        2,
        4,
        3,
        6,
        2,
        1,
        11,
        9,
        11,
        7,
        6,
        6,
        6,
        4,
        1,
        1,
        1,
        2,
        4,
        3,
        2,
        2,
        1,
        11,
        9,
        11,
        7,
        6,
        6,
        4,
        1,
        1,
        1,
        2,
        4,
        3,
        6,
        2,
        1,
        11,
        9,
        11,
        7,
        4,
        9,
        6,
        11,
        4,
        9,
        11,
        6,
        6,
        6,
        4,
        1,
        1,
        1,
        2,
        4,
        3,
        2,
        2,
        1,
        11,
        9,
        11,
        7,
        6,
        6,
        4,
        1,
        1,
        1,
        2,
        4,
        3,
        6,
        11,
        9,
        11,
        9,
        11,
        9,
        11,
        9,
        11,
        9,
        11,
        9,
        11,
        9,
        5,
        4,
        1,
        1,
        1,
        2,
        4,
        3,
        2,
        2,
        1,
        11,
        9,
        11,
        7,
        6,
        6,
        4,
        1,
        1,
        1,
        2,
        4
    ],
    "octaves": [
        5,
        6,
        6,
        6,
        6,
        6,
        6,
        6,
        6,
        6,
        6,
        6,
        5,
        5,
        5,
        5,
        5,
        6,
        6,
        6,
        6,
        6,
        6,
        6,
        6,
        6,
        6,
        6,
        5,
        5,
        5,
        5,
        5,
        5,
        6,
        6,
        6,
        6,
        6,
        6,
        6,
        6,
        6,
        6,
        6,
        5,
        5,
        5,
        5,
        5,
        6,
        6,
        6,
        6,
        6,
        6,
        6,
        6,
        6,
        6,
        6,
        5,
        5,
        5,
        5,
        4,
        3,
        4,
        3,
        4,
        3,
        3,
        4,
        5,
        6,
        6,
        6,
        6,
        6,
        6,
        6,
        6,
        6,
        6,
        6,
        5,
        5,
        5,
        5,
        5,
        6,
        6,
        6,
        6,
        6,
        6,
        6,
        6,
        6,
        6,
        6,
        6,
        6,
        6,
        6,
        6,
        6,
        6,
        6,
        6,
        6,
        6,
        6,
        6,
        6,
        6,
        6,
        6,
        6,
        6,
        6,
        6,
        6,
        6,
        5,
        5,
        5,
        5,
        5,
        6,
        6,
        6,
        6,
        6,
        6,
        6
    ]
}