{
    "min_pitch": 55,
    "max_pitch": 82,
    "avg_pitch": 65.51923076923077,
    "avg_duration": 1.18770032051282,
    "avg_position": 68.35817307692308,
    "note_density": 0.6780766096169519,
    "pitch_classes": [
        5,
        4,
        0,
        9,
        5,
        4,
        0,
        9,
        2,
        5,
        4,
        0,
        9,
        5,
        4,
        0,
        9,
        2,
        2,
        0,
        2,
        9,
        5,
        7,
        0,
        4,
        9,
        2,
        5,
        2,
        7,
        10,
        2,
        0,
        2,
        2,
        9,
        5,
        7,
        0,
        4,
        9,
        2,
        5,
        2,
        7,
        10,
        5,
        4,
        0,
        9,
        5,
        4,
        0,
        9,
        2,
        2,
        0,
        2,
        9,
        5,
        7,
        0,
        4,
        9,
        2,
        5,
        2,
        7,
        10,
        2,
        0,
        2,
        2,
        9,
        5,
        7,
        0,
        4,
        9,
        2,
        5,
        2,
        7,
        10,
        8,
        1,
        5,
        8,
        0,
        3,
        8,
        3,
        11,
        1,
        6,
        3,
        10,
        8,
        10,
        10,
        3,
        8,
        10
    ],
    "octaves": [
        6,
        6,
        6,
        5,
        6,
        6,
        6,
        5,
        6,
        6,
        6,
        6,
        5,
        6,
        6,
        6,
        5,
        6,
        5,
        5,
        5,
        4,
        5,
        4,
        5,
        5,
        4,
        5,
        5,
        6,
        4,
        4,
        5,
        6,
        5,
        6,
        4,
        5,
        4,
        5,
        5,
        4,
        5,
        5,
        5,
        4,
        4,
        6,
        6,
        6,
        5,
        6,
        6,
        6,
        5,
        6,
        5,
        5,
        5,
        4,
        5,
        4,
        5,
        5,
        4,
        5,
        5,
        6,
        4,
        4,
        5,
        6,
        5,
        6,
        4,
        5,
        4,
        5,
        5,
        4,
        5,
        5,
        5,
        4,
        4,
        4,
        5,
        5,
        5,
        5,
        5,
        5,
        5,
        4,
        5,
        5,
        5,
        4,
        5,
        5,
        5,
        6,
        6,
        6
    ]
}