{
    "min_pitch": 47,
    "max_pitch": 58,
    "avg_pitch": 53.61825726141079,
    "avg_duration": 0.5696317427385914,
    "avg_position": 91.74719052558777,
    "note_density": 1.3000674308833446,
    "pitch_classes": [
        2,
        2,
        2,
        9,
        9,
        9,
        10,
        10,
        5,
        7,
        7,
        0,
        2,
        2,
        2,
        2,
        9,
        9,
        9,
        10,
        10,
        5,
        7,
        7,
        0,
        2,
        2,
        2,
        9,
        9,
        10,
        10,
        7,
        7,
        10,
        5,
        2,
        2,
        9,
        9,
        10,
        10,
        7,
        7,
        0,
        11,
        10,
        7,
        7,
        7,
        5,
        4,
        2,
        2,
        2,
        9,
        9,
        9,
        10,
        10,
        10,
        7,
        7,
        0,
        2,
        2,
        2,
        2,
        9,
        9,
        9,
        10,
        10,
        10,
        7,
        7,
        0,
        2,
        2,
        2,
        0,
        0,
        0,
        10,
        10,
        10,
        7,
        7,
        0,
        2,
        2,
        2,
        2,
        9,
        9,
        9,
        10,
        10,
        5,
        7,
        7,
        3,
        2,
        2,
        9,
        9,
        9,
        10,
        10,
        5,
        7,
        7,
        0,
        2,
        2,
        2,
        9,
        9,
        10,
        10,
        7,
        7,
        10,
        5,
        2,
        2,
        9,
        9,
        10,
        10,
        7,
        7,
        0,
        11,
        10,
        7,
        7,
        7,
        5,
        4,
        2,
        2,
        2,
        9,
        9,
        9,
        10,
        10,
        10,
        7,
        7,
        0,
        2,
        2,
        2,
        2,
        9,
        9,
        9,
        10,
        10,
        10,
        7,
        7,
        0,
        2,
        2,
        2,
        0,
        0,
        0,
        10,
        10,
        10,
        7,
        7,
        0,
        2,
        2,
        2,
        2,
        9,
        9,
        9,
        10,
        10,
        5,
        7,
        7,
        3,
        3,
        1,
        0,
        11,
        8,
        6,
        3,
        3,
        3,
        10,
        10,
        10,
        11,
        11,
        6,
        8,
        8,
        1,
        3,
        3,
        3,
        8,
        10,
        10,
        10,
        11,
        11,
        6,
        8,
        8,
        6,
        8,
        3,
        3,
        8,
        10,
        10,
        10,
        11,
        11,
        11,
        8,
        8,
        1,
        3,
        3,
        3,
        1,
        1,
        1,
        8
    ],
    "octaves": [
        4,
        4,
        4,
        4,
        4,
        4,
        4,
        4,
        4,
        4,
        4,
        4,
        4,
        4,
        4,
        4,
        4,
        4,
        4,
        4,
        4,
        4,
        4,
        4,
        4,
        4,
        4,
        4,
        4,
        4,
        4,
        4,
        4,
        4,
        4,
        4,
        4,
        4,
        4,
        4,
        4,
        4,
        4,
        4,
        4,
        3,
        4,
        4,
        4,
        4,
        4,
        4,
        4,
        4,
        4,
        4,
        4,
        4,
        4,
        4,
        4,
        4,
        4,
        4,
        4,
        4,
        4,
        4,
        4,
        4,
        4,
        4,
        4,
        4,
        4,
        4,
        4,
        4,
        4,
        4,
        4,
        4,
        4,
        4,
        4,
        4,
        4,
        4,
        4,
        4,
        4,
        4,
        4,
        4,
        4,
        4,
        4,
        4,
        4,
        4,
        4,
        4,
        4,
        4,
        4,
        4,
        4,
        4,
        4,
        4,
        4,
        4,
        4,
        4,
        4,
        4,
        4,
        4,
        4,
        4,
        4,
        4,
        4,
        4,
        4,
        4,
        4,
        4,
        4,
        4,
        4,
        4,
        4,
        3,
        4,
        4,
        4,
        4,
        4,
        4,
        4,
        4,
        4,
        4,
        4,
        4,
        4,
        4,
        4,
        4,
        4,
        4,
        4,
        4,
        4,
        4,
        4,
        4,
        4,
        4,
        4,
        4,
        4,
        4,
        4,
        4,
        4,
        4,
        4,
        4,
        4,
        4,
        4,
        4,
        4,
        4,
        4,
        4,
        4,
        4,
        4,
        4,
        4,
        4,
        4,
        4,
        4,
        4,
        4,
        4,
        4,
        4,
        4,
        3,
        4,
        4,
        4,
        4,
        4,
        4,
        4,
        4,
        3,
        3,
        4,
        4,
        4,
        4,
        4,
        4,
        4,
        4,
        4,
        4,
        4,
        3,
        3,
        4,
        4,
        4,
        4,
        4,
        4,
        4,
        4,
        4,
        4,
        4,
        3,
        3,
        3,
        4,
        4,
        4,
        4,
        4,
        4,
        4,
        4,
        4,
        4
    ]
}