{
    "min_pitch": 55,
    "max_pitch": 68,
    "avg_pitch": 60.47844827586207,
    "avg_duration": 1.965416217672429,
    "avg_position": 91.54139727011498,
    "note_density": 1.2515171948752528,
    "pitch_classes": [
        9,
        2,
        5,
        7,
        0,
        4,
        9,
        2,
        5,
        7,
        10,
        2,
        9,
        2,
        5,
        7,
        0,
        4,
        9,
        2,
        5,
        7,
        10,
        2,
        9,
        2,
        5,
        7,
        0,
        4,
        9,
        2,
        5,
        7,
        10,
        2,
        9,
        2,
        5,
        7,
        0,
        4,
        9,
        2,
        5,
        7,
        10,
        2,
        9,
        2,
        5,
        7,
        0,
        4,
        9,
        2,
        5,
        7,
        10,
        2,
        9,
        2,
        5,
        7,
        0,
        4,
        9,
        2,
        5,
        7,
        10,
        2,
        9,
        2,
        5,
        7,
        0,
        4,
        9,
        2,
        5,
        7,
        10,
        2,
        9,
        2,
        5,
        7,
        0,
        4,
        9,
        2,
        5,
        7,
        10,
        2,
        9,
        2,
        5,
        7,
        0,
        4,
        9,
        2,
        5,
        7,
        10,
        2,
        9,
        2,
        5,
        7,
        0,
        4,
        9,
        2,
        5,
        7,
        10,
        2,
        9,
        2,
        5,
        7,
        0,
        4,
        9,
        2,
        5,
        7,
        10,
        2,
        9,
        2,
        5,
        7,
        0,
        4,
        9,
        2,
        5,
        7,
        10,
        2,
        9,
        2,
        5,
        7,
        0,
        4,
        9,
        2,
        5,
        7,
        10,
        2,
        9,
        2,
        5,
        7,
        0,
        4,
        9,
        2,
        5,
        7,
        10,
        2,
        9,
        2,
        5,
        7,
        0,
        4,
        9,
        2,
        5,
        7,
        10,
        2,
        10,
        3,
        6,
        0,
        3,
        5,
        8,
        10,
        3,
        6,
        8,
        1,
        5,
        10,
        3,
        6,
        8,
        11,
        3,
        10,
        3,
        6,
        8,
        1,
        5,
        10,
        3,
        6,
        8,
        11,
        3,
        10,
        3,
        6,
        8,
        1,
        5,
        10,
        3,
        6,
        8,
        11,
        3,
        10,
        3,
        6,
        8,
        1,
        5,
        10,
        3,
        6
    ],
    "octaves": [
        4,
        5,
        5,
        4,
        5,
        5,
        4,
        5,
        5,
        4,
        4,
        5,
        4,
        5,
        5,
        4,
        5,
        5,
        4,
        5,
        5,
        4,
        4,
        5,
        4,
        5,
        5,
        4,
        5,
        5,
        4,
        5,
        5,
        4,
        4,
        5,
        4,
        5,
        5,
        4,
        5,
        5,
        4,
        5,
        5,
        4,
        4,
        5,
        4,
        5,
        5,
        4,
        5,
        5,
        4,
        5,
        5,
        4,
        4,
        5,
        4,
        5,
        5,
        4,
        5,
        5,
        4,
        5,
        5,
        4,
        4,
        5,
        4,
        5,
        5,
        4,
        5,
        5,
        4,
        5,
        5,
        4,
        4,
        5,
        4,
        5,
        5,
        4,
        5,
        5,
        4,
        5,
        5,
        4,
        4,
        5,
        4,
        5,
        5,
        4,
        5,
        5,
        4,
        5,
        5,
        4,
        4,
        5,
        4,
        5,
        5,
        4,
        5,
        5,
        4,
        5,
        5,
        4,
        4,
        5,
        4,
        5,
        5,
        4,
        5,
        5,
        4,
        5,
        5,
        4,
        4,
        5,
        4,
        5,
        5,
        4,
        5,
        5,
        4,
        5,
        5,
        4,
        4,
        5,
        4,
        5,
        5,
        4,
        5,
        5,
        4,
        5,
        5,
        4,
        4,
        5,
        4,
        5,
        5,
        4,
        5,
        5,
        4,
        5,
        5,
        4,
        4,
        5,
        4,
        5,
        5,
        4,
        5,
        5,
        4,
        5,
        5,
        4,
        4,
        5,
        4,
        5,
        5,
        5,
        5,
        5,
        5,
        4,
        5,
        5,
        4,
        5,
        5,
        4,
        5,
        5,
        4,
        4,
        5,
        4,
        5,
        5,
        4,
        5,
        5,
        4,
        5,
        5,
        4,
        4,
        5,
        4,
        5,
        5,
        4,
        5,
        5,
        4,
        5,
        5,
        4,
        4,
        5,
        4,
        5,
        5,
        4,
        5,
        5,
        4,
        5,
        5
    ]
}