{
    "min_pitch": 50,
    "max_pitch": 70,
    "avg_pitch": 61.9640522875817,
    "avg_duration": 0.3668300653594771,
    "avg_position": 101.02859477124183,
    "note_density": 1.650708024275118,
    "pitch_classes": [
        2,
        2,
        0,
        9,
        0,
        2,
        0,
        9,
        0,
        2,
        5,
        2,
        0,
        9,
        9,
        7,
        5,
        2,
        2,
        0,
        9,
        0,
        2,
        0,
        9,
        0,
        2,
        5,
        2,
        0,
        9,
        9,
        7,
        5,
        7,
        0,
        2,
        4,
        2,
        9,
        7,
        5,
        7,
        9,
        2,
        9,
        2,
        4,
        5,
        5,
        2,
        5,
        5,
        2,
        0,
        2,
        2,
        5,
        5,
        2,
        5,
        5,
        2,
        0,
        2,
        2,
        2,
        5,
        5,
        2,
        5,
        5,
        2,
        0,
        2,
        2,
        2,
        9,
        7,
        2,
        5,
        5,
        2,
        5,
        5,
        2,
        0,
        2,
        2,
        5,
        5,
        2,
        7,
        5,
        5,
        0,
        2,
        0,
        2,
        2,
        2,
        5,
        5,
        2,
        5,
        5,
        2,
        0,
        2,
        2,
        2,
        9,
        2,
        2,
        0,
        9,
        0,
        2,
        0,
        9,
        0,
        2,
        5,
        2,
        0,
        9,
        9,
        7,
        5,
        2,
        2,
        0,
        9,
        0,
        2,
        0,
        9,
        0,
        2,
        5,
        2,
        0,
        9,
        9,
        7,
        5,
        7,
        0,
        2,
        4,
        2,
        9,
        7,
        5,
        7,
        9,
        2,
        9,
        2,
        4,
        5,
        5,
        2,
        5,
        5,
        2,
        0,
        2,
        2,
        5,
        5,
        2,
        5,
        5,
        2,
        0,
        2,
        2,
        2,
        5,
        5,
        2,
        5,
        5,
        2,
        0,
        2,
        2,
        2,
        9,
        7,
        2,
        5,
        5,
        2,
        5,
        5,
        2,
        0,
        2,
        2,
        5,
        5,
        2,
        7,
        5,
        5,
        0,
        2,
        0,
        2,
        2,
        2,
        5,
        5,
        2,
        5,
        5,
        2,
        0,
        2,
        2,
        2,
        9,
        1,
        3,
        3,
        3,
        8,
        1,
        3,
        5,
        3,
        10,
        8,
        6,
        8,
        10,
        3,
        10,
        3,
        5,
        6,
        6,
        3,
        6,
        6,
        3,
        1,
        3,
        3,
        6,
        6,
        3,
        6,
        6,
        3,
        1,
        3,
        3,
        3,
        6,
        6,
        3,
        6,
        6,
        3,
        1,
        3,
        3,
        3,
        10,
        8,
        3,
        6,
        6,
        3,
        6,
        6,
        3,
        1,
        3,
        3,
        6,
        6,
        3,
        8,
        6,
        6,
        1,
        3,
        1,
        3,
        3,
        3,
        6,
        6,
        3,
        6,
        6,
        3,
        1,
        3,
        3,
        3,
        10
    ],
    "octaves": [
        5,
        5,
        5,
        4,
        5,
        5,
        5,
        4,
        5,
        5,
        5,
        5,
        5,
        4,
        4,
        4,
        4,
        5,
        5,
        5,
        4,
        5,
        5,
        5,
        4,
        5,
        5,
        5,
        5,
        5,
        4,
        4,
        4,
        4,
        4,
        5,
        5,
        5,
        5,
        4,
        4,
        4,
        4,
        4,
        4,
        4,
        5,
        5,
        5,
        5,
        5,
        5,
        5,
        5,
        5,
        5,
        5,
        5,
        5,
        5,
        5,
        5,
        5,
        5,
        5,
        5,
        5,
        5,
        5,
        5,
        5,
        5,
        5,
        5,
        5,
        5,
        5,
        5,
        5,
        5,
        5,
        5,
        5,
        5,
        5,
        5,
        5,
        5,
        5,
        5,
        5,
        5,
        5,
        5,
        5,
        5,
        5,
        5,
        5,
        5,
        5,
        5,
        5,
        5,
        5,
        5,
        5,
        5,
        5,
        5,
        5,
        5,
        5,
        5,
        5,
        4,
        5,
        5,
        5,
        4,
        5,
        5,
        5,
        5,
        5,
        4,
        4,
        4,
        4,
        5,
        5,
        5,
        4,
        5,
        5,
        5,
        4,
        5,
        5,
        5,
        5,
        5,
        4,
        4,
        4,
        4,
        4,
        5,
        5,
        5,
        5,
        4,
        4,
        4,
        4,
        4,
        4,
        4,
        5,
        5,
        5,
        5,
        5,
        5,
        5,
        5,
        5,
        5,
        5,
        5,
        5,
        5,
        5,
        5,
        5,
        5,
        5,
        5,
        5,
        5,
        5,
        5,
        5,
        5,
        5,
        5,
        5,
        5,
        5,
        5,
        5,
        5,
        5,
        5,
        5,
        5,
        5,
        5,
        5,
        5,
        5,
        5,
        5,
        5,
        5,
        5,
        5,
        5,
        5,
        5,
        5,
        5,
        5,
        5,
        5,
        5,
        5,
        5,
        5,
        5,
        5,
        5,
        5,
        5,
        5,
        5,
        5,
        5,
        4,
        5,
        5,
        5,
        5,
        4,
        4,
        4,
        4,
        4,
        4,
        4,
        5,
        5,
        5,
        5,
        5,
        5,
        5,
        5,
        5,
        5,
        5,
        5,
        5,
        5,
        5,
        5,
        5,
        5,
        5,
        5,
        5,
        5,
        5,
        5,
        5,
        5,
        5,
        5,
        5,
        5,
        5,
        5,
        5,
        5,
        5,
        5,
        5,
        5,
        5,
        5,
        5,
        5,
        5,
        5,
        5,
        5,
        5,
        5,
        5,
        5,
        5,
        5,
        5,
        5,
        5,
        5,
        5,
        5,
        5,
        5,
        5,
        5,
        5,
        5,
        5,
        5
    ]
}