{
    "min_pitch": 62,
    "max_pitch": 73,
    "avg_pitch": 68.20833333333333,
    "avg_duration": 1.2604166666666667,
    "avg_position": 103.42708333333333,
    "note_density": 0.1294672960215779,
    "pitch_classes": [
        9,
        7,
        5,
        7,
        9,
        2,
        0,
        0,
        9,
        7,
        5,
        7,
        9,
        2,
        0,
        0,
        10,
        8,
        6,
        8,
        10,
        3,
        1,
        1
    ],
    "octaves": [
        5,
        5,
        5,
        5,
        5,
        5,
        6,
        6,
        5,
        5,
        5,
        5,
        5,
        5,
        6,
        6,
        5,
        5,
        5,
        5,
        5,
        5,
        6,
        6
    ]
}