{
    "min_pitch": 74,
    "max_pitch": 82,
    "avg_pitch": 76.64285714285714,
    "avg_duration": 0.028645833333328725,
    "avg_position": 49.875,
    "note_density": 0.7704213241616509,
    "pitch_classes": [
        9,
        2,
        5,
        2,
        9,
        2,
        5,
        2,
        9,
        2,
        5,
        2,
        9,
        2,
        5,
        2,
        9,
        2,
        5,
        2,
        9,
        2,
        5,
        2,
        9,
        2,
        5,
        2,
        9,
        2,
        5,
        2,
        9,
        2,
        5,
        2,
        9,
        2,
        5,
        2,
        9,
        2,
        5,
        2,
        9,
        2,
        5,
        2,
        9,
        2,
        5,
        2,
        9,
        2,
        5,
        2,
        9,
        2,
        5,
        2,
        9,
        2,
        5,
        2,
        9,
        2,
        5,
        2,
        9,
        2,
        5,
        2,
        9,
        2,
        5,
        2,
        9,
        2,
        5,
        2,
        9,
        2,
        5,
        2,
        9,
        2,
        5,
        2,
        9,
        2,
        5,
        2,
        9,
        2,
        5,
        2,
        10,
        3,
        6,
        3,
        10,
        3,
        6,
        3,
        10,
        3,
        6,
        3,
        10,
        3,
        6,
        3
    ],
    "octaves": [
        6,
        6,
        6,
        6,
        6,
        6,
        6,
        6,
        6,
        6,
        6,
        6,
        6,
        6,
        6,
        6,
        6,
        6,
        6,
        6,
        6,
        6,
        6,
        6,
        6,
        6,
        6,
        6,
        6,
        6,
        6,
        6,
        6,
        6,
        6,
        6,
        6,
        6,
        6,
        6,
        6,
        6,
        6,
        6,
        6,
        6,
        6,
        6,
        6,
        6,
        6,
        6,
        6,
        6,
        6,
        6,
        6,
        6,
        6,
        6,
        6,
        6,
        6,
        6,
        6,
        6,
        6,
        6,
        6,
        6,
        6,
        6,
        6,
        6,
        6,
        6,
        6,
        6,
        6,
        6,
        6,
        6,
        6,
        6,
        6,
        6,
        6,
        6,
        6,
        6,
        6,
        6,
        6,
        6,
        6,
        6,
        6,
        6,
        6,
        6,
        6,
        6,
        6,
        6,
        6,
        6,
        6,
        6,
        6,
        6,
        6,
        6
    ]
}