{
    "min_pitch": 26,
    "max_pitch": 70,
    "avg_pitch": 60.44631578947369,
    "avg_duration": 0.7995120614035153,
    "avg_position": 104.0691721491231,
    "note_density": 2.562373567093729,
    "pitch_classes": [
        10,
        5,
        2,
        7,
        0,
        4,
        7,
        0,
        4,
        7,
        0,
        4,
        7,
        0,
        4,
        7,
        0,
        4,
        7,
        0,
        4,
        7,
        0,
        4,
        7,
        0,
        4,
        7,
        11,
        2,
        7,
        11,
        2,
        7,
        11,
        2,
        7,
        11,
        2,
        7,
        11,
        2,
        7,
        11,
        2,
        7,
        11,
        2,
        7,
        11,
        2,
        7,
        10,
        2,
        7,
        10,
        2,
        7,
        10,
        2,
        7,
        10,
        2,
        7,
        10,
        2,
        7,
        10,
        2,
        7,
        10,
        2,
        7,
        10,
        2,
        7,
        10,
        2,
        7,
        10,
        2,
        7,
        10,
        2,
        7,
        10,
        2,
        7,
        10,
        2,
        7,
        10,
        2,
        7,
        10,
        2,
        7,
        10,
        2,
        2,
        5,
        9,
        9,
        0,
        4,
        7,
        10,
        2,
        5,
        9,
        10,
        2,
        7,
        2,
        5,
        9,
        9,
        0,
        4,
        7,
        10,
        2,
        5,
        9,
        10,
        2,
        7,
        2,
        5,
        9,
        9,
        0,
        4,
        7,
        10,
        2,
        5,
        9,
        10,
        2,
        7,
        2,
        5,
        9,
        9,
        0,
        4,
        7,
        10,
        2,
        5,
        9,
        10,
        2,
        7,
        3,
        6,
        10,
        10,
        5,
        2,
        7,
        0,
        4,
        7,
        0,
        4,
        7,
        0,
        4,
        7,
        0,
        4,
        7,
        0,
        4,
        7,
        0,
        4,
        7,
        0,
        4,
        7,
        0,
        4,
        7,
        11,
        2,
        7,
        11,
        2,
        7,
        11,
        2,
        7,
        11,
        2,
        7,
        11,
        2,
        7,
        11,
        2,
        7,
        11,
        2,
        7,
        11,
        2,
        7,
        10,
        2,
        7,
        10,
        2,
        7,
        10,
        2,
        7,
        10,
        2,
        7,
        10,
        2,
        7,
        10,
        2,
        7,
        10,
        2,
        7,
        10,
        2,
        7,
        10,
        2,
        7,
        10,
        2,
        7,
        10,
        2,
        7,
        10,
        2,
        7,
        10,
        2,
        7,
        10,
        2,
        7,
        10,
        2,
        7,
        10,
        2,
        2,
        5,
        9,
        9,
        0,
        4,
        7,
        10,
        2,
        5,
        9,
        10,
        2,
        7,
        2,
        5,
        9,
        9,
        0,
        4,
        7,
        10,
        2,
        5,
        9,
        10,
        2,
        7,
        2,
        5,
        9,
        9,
        0,
        4,
        7,
        10,
        2,
        5,
        9,
        10,
        2,
        7,
        2,
        5,
        9,
        9,
        0,
        4,
        7,
        10,
        2,
        5,
        9,
        10,
        2,
        7,
        3,
        6,
        10,
        0,
        3,
        5,
        8,
        3,
        6,
        10,
        8,
        1,
        5,
        8,
        1,
        5,
        8,
        1,
        5,
        8,
        1,
        5,
        8,
        1,
        5,
        8,
        1,
        5,
        8,
        1,
        5,
        8,
        1,
        5,
        8,
        0,
        3,
        8,
        0,
        3,
        8,
        0,
        3,
        8,
        0,
        3,
        8,
        0,
        3,
        8,
        0,
        3,
        8,
        0,
        3,
        8,
        0,
        3,
        8,
        0,
        3,
        8,
        11,
        3,
        8,
        11,
        3,
        8,
        11,
        3,
        8,
        11,
        3,
        8,
        11,
        3,
        8,
        11,
        3,
        8,
        11,
        3,
        8,
        11,
        3,
        8,
        11,
        3,
        8,
        11,
        3,
        8,
        11,
        3,
        8,
        11,
        3,
        8,
        11,
        3,
        8,
        11,
        3,
        8,
        11,
        3,
        8,
        11,
        3,
        3,
        6,
        10,
        10,
        1,
        5,
        8,
        11,
        3,
        6,
        10,
        11,
        3,
        8,
        3,
        6,
        10,
        10,
        1,
        5,
        8,
        11,
        3,
        6,
        10,
        11,
        3,
        8,
        3,
        6,
        10,
        10,
        1,
        5,
        8,
        11,
        3,
        6,
        10,
        11,
        3,
        8,
        3,
        6,
        10,
        10,
        1,
        5,
        8,
        3,
        6,
        11,
        10
    ],