{
    "min_pitch": 68,
    "max_pitch": 75,
    "avg_pitch": 71.7280701754386,
    "avg_duration": 0.25872624269005867,
    "avg_position": 167.29646381578942,
    "note_density": 0.621676891615542,
    "pitch_classes": [
        10,
        3,
        8,
        1,
        10,
        3,
        10,
        3,
        8,
        1,
        8,
        1,
        10,
        3,
        10,
        3,
        8,
        1,
        10,
        3,
        10,
        3,
        8,
        1,
        8,
        1,
        10,
        3,
        10,
        3,
        8,
        1,
        10,
        3,
        10,
        3,
        10,
        3,
        8,
        1,
        8,
        1,
        10,
        3,
        10,
        3,
        8,
        1,
        10,
        3,
        10,
        3,
        10,
        3,
        8,
        1,
        8,
        1,
        10,
        3,
        10,
        3,
        8,
        1,
        10,
        3,
        10,
        3,
        10,
        3,
        8,
        1,
        8,
        1,
        10,
        3,
        10,
        3,
        8,
        1,
        10,
        3,
        10,
        3,
        10,
        3,
        8,
        1,
        8,
        1,
        10,
        3,
        10,
        3,
        8,
        1,
        10,
        3,
        10,
        3,
        10,
        3,
        8,
        1,
        8,
        1,
        10,
        3,
        10,
        3,
        8,
        1,
        10,
        3
    ],
    "octaves": [
        5,
        6,
        5,
        6,
        5,
        6,
        5,
        6,
        5,
        6,
        5,
        6,
        5,
        6,
        5,
        6,
        5,
        6,
        5,
        6,
        5,
        6,
        5,
        6,
        5,
        6,
        5,
        6,
        5,
        6,
        5,
        6,
        5,
        6,
        5,
        6,
        5,
        6,
        5,
        6,
        5,
        6,
        5,
        6,
        5,
        6,
        5,
        6,
        5,
        6,
        5,
        6,
        5,
        6,
        5,
        6,
        5,
        6,
        5,
        6,
        5,
        6,
        5,
        6,
        5,
        6,
        5,
        6,
        5,
        6,
        5,
        6,
        5,
        6,
        5,
        6,
        5,
        6,
        5,
        6,
        5,
        6,
        5,
        6,
        5,
        6,
        5,
        6,
        5,
        6,
        5,
        6,
        5,
        6,
        5,
        6,
        5,
        6,
        5,
        6,
        5,
        6,
        5,
        6,
        5,
        6,
        5,
        6,
        5,
        6,
        5,
        6,
        5,
        6
    ]
}