{
    "min_pitch": 50,
    "max_pitch": 63,
    "avg_pitch": 56.79577464788732,
    "avg_duration": 0.03385416666667638,
    "avg_position": 101.8832453051646,
    "note_density": 3.830074173971679,
    "pitch_classes": [
        9,
        2,
        2,
        9,
        5,
        0,
        2,
        9,
        7,
        9,
        2,
        9,
        2,
        2,
        9,
        5,
        0,
        2,
        9,
        7,
        0,
        9,
        2,
        9,
        2,
        2,
        9,
        5,
        0,
        2,
        9,
        7,
        9,
        2,
        9,
        2,
        2,
        9,
        5,
        0,
        2,
        9,
        7,
        0,
        9,
        2,
        9,
        2,
        2,
        9,
        5,
        0,
        2,
        9,
        7,
        9,
        2,
        9,
        2,
        2,
        9,
        5,
        0,
        2,
        9,
        7,
        0,
        9,
        2,
        9,
        2,
        2,
        9,
        5,
        0,
        2,
        9,
        7,
        9,
        2,
        9,
        2,
        2,
        9,
        5,
        0,
        2,
        9,
        7,
        0,
        9,
        2,
        9,
        2,
        2,
        9,
        5,
        0,
        2,
        9,
        7,
        9,
        2,
        9,
        2,
        2,
        9,
        5,
        0,
        2,
        9,
        7,
        0,
        9,
        2,
        9,
        2,
        2,
        9,
        5,
        0,
        2,
        9,
        7,
        9,
        2,
        9,
        2,
        2,
        9,
        5,
        0,
        2,
        9,
        7,
        0,
        9,
        2,
        9,
        2,
        2,
        9,
        5,
        0,
        2,
        9,
        7,
        9,
        2,
        9,
        2,
        2,
        9,
        5,
        0,
        2,
        9,
        7,
        0,
        9,
        2,
        9,
        2,
        2,
        9,
        5,
        0,
        2,
        9,
        7,
        9,
        2,
        9,
        2,
        2,
        9,
        5,
        0,
        2,
        9,
        7,
        0,
        9,
        2,
        9,
        2,
        2,
        9,
        5,
        0,
        2,
        9,
        7,
        9,
        2,
        9,
        2,
        2,
        9,
        5,
        0,
        2,
        9,
        7,
        0,
        9,
        2,
        9,
        2,
        2,
        9,
        5,
        0,
        2,
        9,
        7,
        9,
        2,
        9,
        2,
        2,
        9,
        5,
        0,
        2,
        9,
        7,
        0,
        9,
        2,
        9,
        2,
        2,
        9,
        5,
        0,
        2,
        9,
        7,
        9,
        2,
        9,
        2,
        2,
        9,
        5,
        0,
        2,
        9,
        7,
        0,
        9,
        2,
        9,
        2,
        2,
        9,
        5,
        0,
        2,
        9,
        7,
        9,
        2,
        9,
        2,
        2,
        9,
        5,
        0,
        2,
        9,
        7,
        0,
        9,
        2,
        9,
        2,
        2,
        9,
        5,
        0,
        2,
        9,
        7,
        9,
        2,
        9,
        2,
        2,
        9,
        5,
        0,
        2,
        9,
        7,
        0,
        9,
        2,
        9,
        2,
        2,
        9,
        5,
        0,
        2,
        9,
        7,
        9,
        2,
        9,
        2,
        2,
        9,
        5,
        0,
        2,
        9,
        7,
        0,
        9,
        2,
        9,
        2,
        2,
        9,
        5,
        0,
        2,
        9,
        7,
        9,
        2,
        9,
        2,
        2,
        9,
        5,
        0,
        2,
        9,
        7,
        0,
        9,
        2,
        9,
        2,
        2,
        9,
        5,
        0,
        2,
        9,
        7,
        9,
        2,
        9,
        2,
        2,
        9,
        5,
        0,
        2,
        9,
        7,
        0,
        9,
        2,
        9,
        2,
        2,
        9,
        5,
        0,
        2,
        9,
        7,
        9,
        2,
        9,
        2,
        2,
        9,
        5,
        0,
        2,
        9,
        7,
        0,
        9,
        2,
        9,
        2,
        2,
        9,
        5,
        0,
        2,
        9,
        7,
        9,
        2,
        9,
        2,
        2,
        9,
        5,
        0,
        2,
        9,
        7,
        0,
        9,
        2,
        9,
        2,
        2,
        9,
        5,
        0,
        2,
        9,
        7,
        9,
        2,
        9,
        2,
        2,
        9,
        5,
        0,
        2,
        9,
        7,
        0,
        9,
        2,
        9,
        2,
        2,
        9,
        5,
        0,
        2,
        9,
        7,
        9,
        2,
        9,
        2,
        2,
        9,
        5,
        0,
        2,
        9,
        7,
        0,
        9,
        2,
        9,
        2,
        2,
        9,
        5,
        0,
        2,
        9,
        7,
        9,
        2,
        9,
        2,
        2,
        9,
        5,
        0,
        2,
        9,
        7,
        0,
        9,
        2,
        9,
        2,
        2,
        9,
        5,
        0,
        2,
        9,
        7,
        9,
        2,
        9,
        2,
        2,
        9,
        5,
        0,
        2,
        9,
        7,
        0,
        9,
        2,
        10,
        3,
        3,
        10,
        6,
        1,
        3,
        10,
        8,
        10,
        3,
        10,
        3,
        3,
        10,
        6,
        1,
        3,
        10,
        8,
        1,
        10,
        3,
        10,
        3,
        3,
        10,
        6,
        1,
        3,
        10,
        8,
        10,
        3,
        10,
        3,
        3,
        10,
        6,
        1,
        3,
        10,
        8,
        1,
        10,
        3,
        10,
        3,
        3,
        10,
        6,
        1,
        3,
        10,
        8,
        10,
        3,
        10,
        3,
        3,
        10,
        6,
        1,
        3,
        10,
        8,
        1,
        10,
        3,
        10,
        3,
        3,
        10,
        6,
        1,
        3,
        10,
        8,
        10,
        3,
        10,
        3,
        3,
        10,
        6,
        1,
        3,
        10,
        8,
        1,
        10,
        3,
        10,
        3,
        3,
        10,
        6,
        1,
        3,
        10,
        8,
        10,
        3,
        10,
        3,
        3,
        10,
        6,
        1,
        3,
        10,
        8,
        1,
        10,
        3,
        10,
        3,
        3,
        10,
        6,
        1,
        3,
        10,
        8,
        10,
        3,
        10,
        3,
        3,
        10,
        6,
        1,
        3,
        10,
        8,
        1,
        10,
        3,
        10,
        3,
        3,
        10,
        6,
        1,
        3,
        10,
        8,
        10,
        3,
        10,
        3,
        3,
        10,
        6,
        1,
        3,
        10,
        8,
        1,
        10,
        3,
        10,
        3,
        3,
        10,
        6,
        1,
        3,
        10,
        8,
        10,
        3,
        10,
        3,
        3,
        10,
        6,
        1,
        3,
        10,
        8,
        1,
        10,
        3,
        10,
        3,
        3,
        10,
        6,
        1,
        3,
        10,
        8,
        10,
