{
    "min_pitch": 47,
    "max_pitch": 57,
    "avg_pitch": 53.00917431192661,
    "avg_duration": 1.1135987327217127,
    "avg_position": 132.60312808283638,
    "note_density": 0.8571537483877788,
    "pitch_classes": [
        2,
        9,
        2,
        2,
        6,
        2,
        7,
        7,
        2,
        2,
        7,
        7,
        7,
        9,
        9,
        9,
        9,
        6,
        6,
        9,
        1,
        2,
        9,
        9,
        6,
        6,
        11,
        6,
        1,
        11,
        7,
        6,
        4,
        2,
        9,
        9,
        2,
        2,
        2,
        2,
        7,
        2,
        7,
        7,
        7,
        7,
        9,
        9,
        9,
        6,
        6,
        9,
        2,
        2,
        9,
        6,
        6,
        11,
        6,
        6,
        11,
        7,
        6,
        4,
        2,
        9,
        9,
        7,
        6,
        2,
        2,
        7,
        7,
        7,
        6,
        6,
        6,
        1,
        11,
        9,
        9,
        7,
        7,
        7,
        2,
        11,
        7,
        9,
        0,
        0,
        7,
        2,
        6,
        7,
        6,
        6,
        4,
        4,
        4,
        11,
        9,
        9,
        9,
        2,
        2,
        2,
        7,
        2,
        2,
        7,
        7,
        7,
        9,
        9,
        9,
        6,
        9,
        1,
        2,
        9,
        9,
        6,
        11,
        11,
        6,
        11,
        11,
        7,
        6,
        4,
        2,
        9,
        7,
        6,
        2,
        2,
        2,
        6,
        7,
        7,
        7,
        6,
        6,
        6,
        1,
        11,
        9,
        9,
        7,
        7,
        7,
        2,
        11,
        7,
        9,
        0,
        0,
        7,
        2,
        6,
        7,
        6,
        6,
        4,
        4,
        4,
        11,
        7,
        4,
        9,
        9,
        1,
        2,
        2,
        2,
        7,
        2,
        6,
        7,
        7,
        7,
        9,
        9,
        1,
        6,
        9,
        9,
        2,
        9,
        9,
        6,
        11,
        11,
        6,
        11,
        11,
        7,
        6,
        4,
        2,
        9,
        7,
        6,
        2,
        6,
        7,
        6,
        2,
        6,
        7,
        6,
        2,
        2,
        2,
        2,
        2,
        9,
        2
    ],
    "octaves": [
        4,
        4,
        4,
        4,
        4,
        4,
        4,
        4,
        4,
        4,
        4,
        4,
        4,
        4,
        4,
        4,
        4,
        4,
        4,
        4,
        4,
        4,
        4,
        4,
        4,
        4,
        3,
        4,
        4,
        3,
        4,
        4,
        4,
        4,
        4,
        4,
        4,
        4,
        4,
        4,
        4,
        4,
        4,
        4,
        4,
        4,
        4,
        4,
        4,
        4,
        4,
        4,
        4,
        4,
        4,
        4,
        4,
        3,
        4,
        4,
        3,
        4,
        4,
        4,
        4,
        4,
        4,
        4,
        4,
        4,
        4,
        4,
        4,
        4,
        4,
        4,
        4,
        4,
        3,
        4,
        4,
        4,
        4,
        4,
        4,
        3,
        4,
        4,
        4,
        4,
        4,
        4,
        4,
        4,
        4,
        4,
        4,
        4,
        4,
        3,
        4,
        4,
        4,
        4,
        4,
        4,
        4,
        4,
        4,
        4,
        4,
        4,
        4,
        4,
        4,
        4,
        4,
        4,
        4,
        4,
        4,
        4,
        3,
        3,
        4,
        3,
        3,
        4,
        4,
        4,
        4,
        4,
        4,
        4,
        4,
        4,
        4,
        4,
        4,
        4,
        4,
        4,
        4,
        4,
        4,
        3,
        4,
        4,
        4,
        4,
        4,
        4,
        3,
        4,
        4,
        4,
        4,
        4,
        4,
        4,
        4,
        4,
        4,
        4,
        4,
        4,
        3,
        4,
        4,
        4,
        4,
        4,
        4,
        4,
        4,
        4,
        4,
        4,
        4,
        4,
        4,
        4,
        4,
        4,
        4,
        4,
        4,
        4,
        4,
        4,
        4,
        3,
        3,
        4,
        3,
        3,
        4,
        4,
        4,
        4,
        4,
        4,
        4,
        4,
        4,
        4,
        4,
        4,
        4,
        4,
        4,
        4,
        4,
        4,
        4,
        4,
        4,
        4
    ]
}