{
    "min_pitch": 40,
    "max_pitch": 74,
    "avg_pitch": 58.764044943820224,
    "avg_duration": 1.2512296760968409,
    "avg_position": 136.48904438800153,
    "note_density": 2.4468236490069417,
    "pitch_classes": [
        2,
        6,
        9,
        9,
        6,
        6,
        2,
        9,
        6,
        2,
        2,
        6,
        2,
        6,
        9,
        2,
        7,
        2,
        7,
        11,
        7,
        11,
        2,
        6,
        9,
        7,
        7,
        2,
        7,
        11,
        7,
        11,
        2,
        7,
        11,
        2,
        7,
        11,
        6,
        9,
        6,
        9,
        1,
        9,
        1,
        4,
        6,
        2,
        6,
        9,
        9,
        1,
        9,
        1,
        4,
        6,
        9,
        6,
        9,
        1,
        9,
        1,
        4,
        6,
        4,
        9,
        1,
        6,
        2,
        6,
        2,
        4,
        6,
        1,
        11,
        2,
        11,
        2,
        6,
        11,
        2,
        7,
        11,
        9,
        2,
        6,
        9,
        7,
        11,
        4,
        7,
        9,
        2,
        6,
        9,
        9,
        2,
        4,
        9,
        1,
        4,
        6,
        9,
        6,
        7,
        11,
        7,
        7,
        11,
        2,
        6,
        2,
        6,
        9,
        7,
        7,
        2,
        7,
        11,
        7,
        11,
        2,
        7,
        11,
        2,
        7,
        11,
        6,
        9,
        9,
        1,
        9,
        1,
        4,
        6,
        9,
        6,
        1,
        4,
        1,
        6,
        9,
        6,
        9,
        1,
        4,
        6,
        4,
        9,
        1,
        6,
        2,
        6,
        2,
        9,
        1,
        6,
        11,
        2,
        11,
        2,
        6,
        11,
        2,
        7,
        11,
        9,
        2,
        6,
        9,
        7,
        11,
        4,
        7,
        9,
        2,
        6,
        9,
        9,
        2,
        4,
        11,
        2,
        7,
        11,
        9,
        2,
        6,
        9,
        9,
        6,
        2,
        6,
        2,
        11,
        2,
        7,
        7,
        11,
        2,
        7,
        6,
        6,
        4,
        6,
        10,
        10,
        4,
        6,
        6,
        6,
        10,
        4,
        6,
        2,
        6,
        9,
        6,
        11,
        2,
        6,
        11,
        7,
        7,
        2,
        11,
        7,
        11,
        7,
        2,
        7,
        9,
        6,
        9,
        2,
        4,
        7,
        2,
        7,
        11,
        9,
        2,
        6,
        9,
        2,
        2,
        9,
        2,
        6,
        9,
        2,
        7,
        11,
        6,
        9,
        2,
        4,
        7,
        11,
        4,
        11,
        4,
        7,
        9,
        2,
        4,
        9,
        9,
        1,
        4,
        9,
        9,
        2,
        6,
        9,
        2,
        2,
        9,
        2,
        6,
        9,
        7,
        11,
        7,
        7,
        11,
        2,
        2,
        6,
        9,
        2,
        7,
        7,
        11,
        2,
        7,
        7,
        4,
        7,
        11,
        11,
        7,
        11,
        2,
        9,
        9,
        6,
        9,
        2,
        9,
        9,
        2,
        6,
        9,
        9,
        1,
        4,
        9,
        6,
        6,
        9,
        2,
        6,
        9,
        2,
        6,
        9,
        9,
        1,
        4,
        2,
        6,
        9,
        2,
        1,
        4,
        6,
        4,
        6,
        9,
        11,
        2,
        6,
        9,
        6,
        4,
        6,
        9,
        11,
        2,
        6,
        9,
        11,
        7,
        11,
        2,
        9,
        6,
        9,
        2,
        7,
        4,
        7,
        11,
        9,
        2,
        9,
        2,
        2,
        4,
        11,
        7,
        11,
        2,
        9,
        6,
        9,
        2,
        9,
        2,
        2,
        6,
        9,
        2,
        6,
        7,
        11,
        2,
        7,
        2,
        7,
        11,
        6,
        6,
        1,
        10,
        6,
        10,
        6,
        4,
        6,
        10,
        2,
        6,
        6,
        9,
        2,
        6,
        11,
        9,
        6,
        11,
        2,
        6,
        7,
        11,
        2,
        7,
        2,
        7,
        11,
        9,
        9,
        2,
        6,
        9,
        2,
        0,
        4,
        7,
        2,
        7,
        11,
        2,
        9,
        2,
        6,
        9,
        2,
        11,
        7,
        7,
        11,
        2,
        7,
        11,
        2,
        7,
        11,
        6,
        9,
        2,
        6,
        9,
        2,
        4,
        7,
        11,
        4,
        11,
        4,
        7,
        2,
        4,
        1,
        4,
        2,
        6,
        9,
        11,
        2,
        7,
        11,
        2,
        2,
        11,
        2,
        7,
        11,
        7,
        7,
        11,
        2,
        2,
        6,
        9,
        2,
        7,
        7,
        11,
        2,
        7,
        7,
        4,
        7,
        11,
        11,
        7,
        11,
        2,
        6,
        9,
        9,
        1,
        4,
        9,
        2,
        6,
        9,
        9,
        1,
        4,
        9,
        2,
        6,
        9,
        2,
        4,
        9,
        1,
        4,
        9,
        9,
        4,
        9,
        1,
        4,
        9,
        1,
        6,
        11,
        6,
        9,
        11,
        6,
        9,
        6,
        6,
        9,
        1,
        6,
        9,
        11,
        2,
        6,
        9,
        11,
        7,
        11,
        2,
        9,
        6,
        9,
        2,
        7,
        4,
        7,
        11,
        9,
        2,
        9,
        2,
        9,
        4,
        9,
        2,
        4,
        9,
        11,
        7,
        11,
        2,
        9,
        6,
        9,
        2,
        2,
        9,
        2,
        6,
        9,
        2,
        11,
        7,
        11,
        2,
        9,
        6,
        9,
        2,
        2,
        6,
        9,
        2,
        11,
        7,
        11,
        2,
        9,
        6,
        9,
        2,
        2,
        9,
        6,
        2,
        9,
        2,
        9,
        9,
        2,
        6,
        2,
        2,
        6,
        6,
        9,
        2,
        9,
        9,
        6,
        2,
        6
    ],