{
    "min_pitch": 38,
    "max_pitch": 86,
    "avg_pitch": 60.11217948717949,
    "avg_duration": 1.6298025799011815,
    "avg_position": 130.43850011493043,
    "note_density": 2.4507511347998903,
    "pitch_classes": [
        9,
        2,
        6,
        2,
        6,
        2,
        6,
        9,
        2,
        6,
        2,
        7,
        11,
        2,
        7,
        7,
        7,
        11,
        2,
        7,
        2,
        6,
        9,
        2,
        6,
        7,
        7,
        11,
        2,
        7,
        7,
        4,
        7,
        11,
        2,
        7,
        7,
        11,
        2,
        7,
        9,
        6,
        9,
        2,
        6,
        9,
        1,
        4,
        9,
        1,
        6,
        9,
        2,
        6,
        9,
        1,
        4,
        9,
        1,
        2,
        6,
        9,
        2,
        6,
        9,
        1,
        4,
        9,
        1,
        6,
        4,
        6,
        9,
        1,
        11,
        2,
        6,
        11,
        2,
        6,
        4,
        6,
        9,
        1,
        11,
        2,
        6,
        11,
        2,
        7,
        7,
        11,
        2,
        7,
        6,
        9,
        2,
        6,
        4,
        4,
        7,
        11,
        4,
        2,
        6,
        9,
        2,
        6,
        9,
        2,
        4,
        9,
        2,
        9,
        1,
        4,
        9,
        1,
        2,
        6,
        9,
        2,
        6,
        2,
        7,
        11,
        2,
        7,
        7,
        7,
        11,
        2,
        7,
        2,
        6,
        9,
        2,
        6,
        7,
        7,
        11,
        2,
        7,
        7,
        4,
        7,
        11,
        2,
        7,
        7,
        11,
        2,
        7,
        9,
        6,
        9,
        2,
        6,
        9,
        1,
        4,
        9,
        1,
        6,
        9,
        2,
        6,
        9,
        1,
        4,
        9,
        1,
        2,
        6,
        9,
        2,
        6,
        9,
        1,
        4,
        9,
        1,
        6,
        4,
        6,
        9,
        1,
        11,
        2,
        6,
        11,
        2,
        6,
        4,
        6,
        9,
        1,
        11,
        2,
        6,
        11,
        2,
        7,
        7,
        11,
        2,
        7,
        6,
        9,
        2,
        6,
        4,
        4,
        7,
        11,
        4,
        2,
        6,
        9,
        2,
        6,
        9,
        2,
        4,
        9,
        2,
        7,
        7,
        11,
        2,
        7,
        6,
        9,
        2,
        6,
        2,
        6,
        9,
        2,
        7,
        11,
        11,
        2,
        7,
        10,
        6,
        6,
        6,
        10,
        4,
        11,
        6,
        11,
        9,
        6,
        11,
        2,
        7,
        11,
        11,
        2,
        7,
        6,
        9,
        2,
        9,
        4,
        7,
        0,
        7,
        7,
        11,
        2,
        11,
        6,
        9,
        2,
        9,
        7,
        11,
        2,
        11,
        6,
        9,
        2,
        4,
        7,
        11,
        4,
        9,
        9,
        9,
        4,
        9,
        9,
        9,
        2,
        9,
        2,
        7,
        11,
        2,
        11,
        7,
        11,
        2,
        9,
        2,
        2,
        2,
        7,
        11,
        2,
        11,
        7,
        7,
        11,
        4,
        7,
        11,
        7,
        11,
        2,
        7,
        11,
        2,
        9,
        9,
        2,
        2,
        4,
        9,
        9,
        9,
        9,
        6,
        2,
        2,
        4,
        9,
        9,
        9,
        6,
        9,
        2,
        9,
        1,
        4,
        9,
        4,
        6,
        4,
        6,
        9,
        6,
        2,
        11,
        9,
        9,
        6,
        4,
        6,
        9,
        9,
        6,
        2,
        11,
        9,
        9,
        7,
        11,
        2,
        7,
        11,
        2,
        6,
        9,
        2,
        6,
        9,
        2,
        4,
        7,
        11,
        4,
        7,
        11,
        2,
        9,
        2,
        6,
        9,
        2,
        2,
        4,
        9,
        4,
        7,
        11,
        2,
        7,
        11,
        2,
        6,
        9,
        2,
        6,
        9,
        2,
        2,
        9,
        2,
        2,
        7,
        11,
        11,
        2,
        7,
        10,
        6,
        6,
        6,
        10,
        4,
        6,
        11,
        11,
        11,
        6,
        9,
        11,
        11,
        7,
        11,
        2,
        6,
        9,
        2,
        9,
        7,
        0,
        0,
        0,
        7,
        11,
        2,
        11,
        9,
        2,
        2,
        2,
        11,
        7,
        2,
        2,
        6,
        9,
        2,
        9,
        4,
        7,
        11,
        9,
        4,
        9,
        9,
        4,
        9,
        6,
        9,
        2,
        9,
        7,
        11,
        2,
        11,
        7,
        11,
        2,
        9,
        2,
        2,
        2,
        7,
        11,
        2,
        7,
        7,
        11,
        4,
        7,
        11,
        7,
        11,
        2,
        7,
        11,
        2,
        6,
        9,
        2,
        9,
        4,
        9,
        9,
        9,
        6,
        9,
        2,
        1,
        4,
        9,
        4,
        9,
        2,
        2,
        2,
        9,
        4,
        9,
        6,
        4,
        6,
        9,
        9,
        11,
        2,
        6,
        9,
        6,
        4,
        6,
        9,
        11,
        6,
        9,
        6,
        7,
        11,
        2,
        7,
        11,
        2,
        6,
        9,
        2,
        6,
        9,
        2,
        4,
        7,
        11,
        4,
        7,
        11,
        2,
        9,
        2,
        6,
        9,
        2,
        9,
        4,
        9,
        7,
        11,
        2,
        7,
        11,
        2,
        6,
        9,
        2,
        6,
        9,
        2,
        9,
        2,
        2,
        2,
        7,
        11,
        2,
        7,
        11,
        2,
        6,
        9,
        2,
        6,
        9,
        2,
        2,
        9,
        2,
        7,
        11,
        2,
        7,
        11,
        2,
        6,
        9,
        2,
        6,
        9,
        2,
        9,
        6,
        2,
        9,
        2,
        6,
        9,
        2,
        6,
        6,
        9,
        2,
        2,
        9,
        6,
        2,
        2
    ],