{
    "min_pitch": 57,
    "max_pitch": 72,
    "avg_pitch": 64.96120689655173,
    "avg_duration": 1.0015026877514381,
    "avg_position": 129.56856343987067,
    "note_density": 0.943071395772005,
    "pitch_classes": [
        6,
        7,
        6,
        4,
        2,
        11,
        9,
        7,
        6,
        4,
        6,
        7,
        6,
        4,
        1,
        11,
        9,
        6,
        6,
        4,
        9,
        6,
        7,
        9,
        9,
        2,
        4,
        2,
        9,
        9,
        2,
        2,
        7,
        6,
        4,
        2,
        4,
        6,
        7,
        6,
        4,
        2,
        11,
        9,
        7,
        6,
        4,
        6,
        7,
        6,
        4,
        1,
        11,
        9,
        6,
        6,
        4,
        9,
        6,
        7,
        9,
        9,
        2,
        2,
        9,
        9,
        2,
        2,
        7,
        6,
        4,
        2,
        4,
        2,
        2,
        2,
        2,
        2,
        2,
        11,
        2,
        4,
        4,
        4,
        1,
        4,
        6,
        6,
        6,
        2,
        6,
        7,
        7,
        7,
        6,
        7,
        9,
        9,
        9,
        9,
        0,
        0,
        11,
        7,
        9,
        7,
        6,
        4,
        2,
        4,
        6,
        6,
        7,
        6,
        4,
        2,
        11,
        9,
        7,
        6,
        4,
        4,
        6,
        7,
        6,
        4,
        1,
        11,
        9,
        6,
        6,
        4,
        9,
        6,
        9,
        9,
        2,
        9,
        11,
        9,
        2,
        7,
        6,
        4,
        2,
        4,
        2,
        2,
        2,
        2,
        2,
        2,
        11,
        2,
        4,
        4,
        4,
        1,
        4,
        6,
        6,
        6,
        2,
        6,
        7,
        7,
        7,
        6,
        7,
        9,
        9,
        9,
        9,
        0,
        0,
        11,
        7,
        9,
        7,
        6,
        4,
        2,
        4,
        6,
        7,
        6,
        4,
        2,
        11,
        9,
        7,
        6,
        4,
        4,
        6,
        7,
        6,
        4,
        1,
        1,
        11,
        9,
        6,
        6,
        4,
        9,
        6,
        9,
        9,
        2,
        9,
        11,
        9,
        2,
        2,
        7,
        6,
        4,
        2,
        4,
        2,
        2,
        2,
        2,
        6,
        4,
        2,
        2,
        2,
        2,
        2,
        2
    ],
    "octaves": [
        5,
        5,
        5,
        5,
        5,
        5,
        5,
        5,
        5,
        5,
        5,
        5,
        5,
        5,
        5,
        4,
        4,
        5,
        5,
        5,
        4,
        5,
        5,
        5,
        5,
        5,
        5,
        5,
        5,
        5,
        5,
        5,
        5,
        5,
        5,
        5,
        5,
        5,
        5,
        5,
        5,
        5,
        5,
        5,
        5,
        5,
        5,
        5,
        5,
        5,
        5,
        5,
        4,
        4,
        5,
        5,
        5,
        4,
        5,
        5,
        5,
        5,
        5,
        5,
        5,
        5,
        5,
        5,
        5,
        5,
        5,
        5,
        5,
        5,
        5,
        5,
        5,
        5,
        5,
        4,
        5,
        5,
        5,
        5,
        5,
        5,
        5,
        5,
        5,
        5,
        5,
        5,
        5,
        5,
        5,
        5,
        5,
        5,
        5,
        5,
        6,
        6,
        5,
        5,
        5,
        5,
        5,
        5,
        5,
        5,
        5,
        5,
        5,
        5,
        5,
        5,
        5,
        5,
        5,
        5,
        5,
        5,
        5,
        5,
        5,
        5,
        5,
        4,
        4,
        5,
        5,
        5,
        4,
        5,
        5,
        5,
        5,
        5,
        5,
        5,
        5,
        5,
        5,
        5,
        5,
        5,
        5,
        5,
        5,
        5,
        5,
        5,
        4,
        5,
        5,
        5,
        5,
        5,
        5,
        5,
        5,
        5,
        5,
        5,
        5,
        5,
        5,
        5,
        5,
        5,
        5,
        5,
        5,
        6,
        6,
        5,
        5,
        5,
        5,
        5,
        5,
        5,
        5,
        5,
        5,
        5,
        5,
        5,
        5,
        5,
        5,
        5,
        5,
        5,
        5,
        5,
        5,
        5,
        5,
        5,
        4,
        4,
        5,
        5,
        5,
        4,
        5,
        5,
        5,
        5,
        5,
        5,
        5,
        5,
        5,
        5,
        5,
        5,
        5,
        5,
        5,
        5,
        5,
        5,
        5,
        5,
        5,
        5,
        5,
        5,
        5,
        5
    ]
}