{
    "min_pitch": 59,
    "max_pitch": 66,
    "avg_pitch": 64.31004366812228,
    "avg_duration": 0.29509522257096055,
    "avg_position": 91.1624822643741,
    "note_density": 1.237390067827645,
    "pitch_classes": [
        11,
        2,
        2,
        2,
        4,
        2,
        6,
        6,
        6,
        6,
        5,
        6,
        4,
        2,
        2,
        2,
        4,
        6,
        6,
        5,
        6,
        5,
        6,
        4,
        2,
        6,
        6,
        6,
        4,
        2,
        5,
        6,
        5,
        6,
        4,
        2,
        4,
        6,
        6,
        4,
        4,
        2,
        4,
        4,
        4,
        6,
        5,
        4,
        2,
        4,
        2,
        2,
        2,
        6,
        6,
        6,
        6,
        6,
        6,
        4,
        2,
        4,
        2,
        11,
        2,
        2,
        2,
        4,
        2,
        6,
        6,
        6,
        6,
        5,
        6,
        4,
        2,
        2,
        2,
        4,
        6,
        6,
        5,
        6,
        5,
        6,
        4,
        2,
        6,
        6,
        6,
        4,
        2,
        5,
        6,
        5,
        6,
        4,
        2,
        4,
        6,
        6,
        4,
        4,
        2,
        4,
        4,
        4,
        6,
        5,
        4,
        2,
        4,
        2,
        2,
        2,
        6,
        6,
        6,
        6,
        6,
        6,
        4,
        2,
        4,
        2,
        6,
        6,
        6,
        6,
        6,
        6,
        4,
        2,
        4,
        2,
        11,
        2,
        2,
        2,
        4,
        2,
        6,
        6,
        6,
        6,
        5,
        6,
        4,
        2,
        2,
        2,
        4,
        6,
        6,
        5,
        6,
        5,
        6,
        4,
        2,
        6,
        6,
        6,
        4,
        2,
        5,
        6,
        5,
        6,
        4,
        2,
        4,
        6,
        6,
        4,
        4,
        2,
        4,
        4,
        4,
        6,
        5,
        4,
        2,
        4,
        2,
        2,
        2,
        6,
        6,
        6,
        6,
        6,
        6,
        4,
        2,
        4,
        2,
        6,
        6,
        6,
        6,
        6,
        6,
        4,
        2,
        4,
        2,
        6,
        6,
        6,
        6,
        6,
        6,
        4,
        2,
        4,
        2,
        6,
        6,
        6,
        6,
        6,
        6,
        4,
        2,
        4,
        2
    ],
    "octaves": [
        4,
        5,
        5,
        5,
        5,
        5,
        5,
        5,
        5,
        5,
        5,
        5,
        5,
        5,
        5,
        5,
        5,
        5,
        5,
        5,
        5,
        5,
        5,
        5,
        5,
        5,
        5,
        5,
        5,
        5,
        5,
        5,
        5,
        5,
        5,
        5,
        5,
        5,
        5,
        5,
        5,
        5,
        5,
        5,
        5,
        5,
        5,
        5,
        5,
        5,
        5,
        5,
        5,
        5,
        5,
        5,
        5,
        5,
        5,
        5,
        5,
        5,
        5,
        4,
        5,
        5,
        5,
        5,
        5,
        5,
        5,
        5,
        5,
        5,
        5,
        5,
        5,
        5,
        5,
        5,
        5,
        5,
        5,
        5,
        5,
        5,
        5,
        5,
        5,
        5,
        5,
        5,
        5,
        5,
        5,
        5,
        5,
        5,
        5,
        5,
        5,
        5,
        5,
        5,
        5,
        5,
        5,
        5,
        5,
        5,
        5,
        5,
        5,
        5,
        5,
        5,
        5,
        5,
        5,
        5,
        5,
        5,
        5,
        5,
        5,
        5,
        5,
        5,
        5,
        5,
        5,
        5,
        5,
        5,
        5,
        5,
        4,
        5,
        5,
        5,
        5,
        5,
        5,
        5,
        5,
        5,
        5,
        5,
        5,
        5,
        5,
        5,
        5,
        5,
        5,
        5,
        5,
        5,
        5,
        5,
        5,
        5,
        5,
        5,
        5,
        5,
        5,
        5,
        5,
        5,
        5,
        5,
        5,
        5,
        5,
        5,
        5,
        5,
        5,
        5,
        5,
        5,
        5,
        5,
        5,
        5,
        5,
        5,
        5,
        5,
        5,
        5,
        5,
        5,
        5,
        5,
        5,
        5,
        5,
        5,
        5,
        5,
        5,
        5,
        5,
        5,
        5,
        5,
        5,
        5,
        5,
        5,
        5,
        5,
        5,
        5,
        5,
        5,
        5,
        5,
        5,
        5,
        5,
        5,
        5,
        5,
        5,
        5,
        5
    ]
}