{
    "min_pitch": 47,
    "max_pitch": 62,
    "avg_pitch": 52.767857142857146,
    "avg_duration": 0.3282955789930554,
    "avg_position": 96.22819782986113,
    "note_density": 2.6133088580827235,
    "pitch_classes": [
        0,
        0,
        9,
        9,
        9,
        0,
        0,
        9,
        9,
        9,
        0,
        0,
        6,
        9,
        7,
        5,
        5,
        5,
        5,
        5,
        0,
        5,
        2,
        2,
        2,
        2,
        2,
        9,
        2,
        2,
        2,
        2,
        9,
        2,
        2,
        2,
        2,
        9,
        2,
        2,
        2,
        2,
        9,
        2,
        2,
        2,
        2,
        9,
        2,
        2,
        2,
        2,
        9,
        2,
        2,
        2,
        2,
        9,
        2,
        2,
        2,
        2,
        9,
        2,
        2,
        2,
        2,
        9,
        2,
        2,
        2,
        6,
        7,
        8,
        9,
        9,
        4,
        4,
        9,
        9,
        4,
        4,
        11,
        11,
        6,
        6,
        11,
        11,
        6,
        4,
        6,
        4,
        2,
        2,
        2,
        2,
        2,
        9,
        2,
        2,
        2,
        2,
        2,
        9,
        2,
        2,
        2,
        2,
        2,
        9,
        2,
        2,
        2,
        6,
        7,
        9,
        2,
        2,
        2,
        2,
        9,
        2,
        2,
        2,
        2,
        9,
        2,
        2,
        2,
        2,
        9,
        2,
        2,
        2,
        2,
        9,
        2,
        2,
        2,
        2,
        9,
        2,
        2,
        2,
        2,
        9,
        2,
        2,
        2,
        2,
        9,
        2,
        2,
        2,
        6,
        7,
        8,
        9,
        9,
        4,
        4,
        9,
        9,
        4,
        4,
        11,
        11,
        6,
        6,
        11,
        11,
        6,
        4,
        6,
        4,
        2,
        2,
        2,
        2,
        2,
        9,
        2,
        2,
        2,
        2,
        2,
        9,
        2,
        2,
        2,
        2,
        2,
        9,
        2,
        2,
        2,
        2,
        2,
        2,
        0,
        0,
        9,
        9,
        9,
        0,
        0,
        9,
        9,
        9,
        0,
        0,
        6,
        9,
        7,
        5,
        5,
        5,
        5,
        5,
        0,
        5,
        2,
        2,
        2,
        2,
        2,
        9,
        2,
        2,
        2,
        2,
        9,
        2,
        2,
        2,
        2,
        9,
        2,
        2,
        2,
        2,
        9,
        2,
        2,
        2,
        2,
        9,
        2,
        2,
        2,
        2,
        9,
        2,
        2,
        2,
        2,
        9,
        2,
        2,
        2,
        2,
        9,
        2,
        2,
        2,
        2,
        9,
        2,
        2,
        2,
        6,
        7,
        8,
        9,
        9,
        4,
        4,
        9,
        9,
        4,
        4,
        11,
        11,
        6,
        6,
        11,
        11,
        6,
        4,
        6,
        4,
        2,
        2,
        2,
        2,
        2,
        9,
        2,
        2,
        2,
        2,
        2,
        9,
        2,
        2,
        2,
        2,
        2,
        9,
        2,
        2,
        2,
        6,
        7,
        9,
        0,
        0,
        9,
        9,
        9,
        0,
        0,
        9,
        9,
        9,
        0,
        0,
        6,
        9,
        7,
        5,
        5,
        5,
        5,
        5,
        0,
        5,
        2,
        2,
        2,
        2,
        2,
        9,
        2,
        2,
        2,
        2,
        9,
        2,
        2,
        2,
        2,
        9,
        2,
        2,
        2,
        2,
        9,
        2,
        2,
        2,
        2,
        9,
        2,
        2,
        2,
        2,
        9,
        2,
        2,
        2,
        2,
        9,
        2,
        2,
        2,
        2,
        9,
        2,
        2,
        2,
        2,
        9,
        2,
        2,
        2,
        6,
        7,
        8,
        9,
        9,
        4,
        4,
        9,
        9,
        4,
        4,
        11,
        11,
        6,
        6,
        11,
        11,
        6,
        4,
        6,
        4,
        2,
        2,
        2,
        2,
        2,
        9,
        2,
        2,
        2,
        2,
        2,
        9,
        2,
        2,
        2,
        2,
        2,
        9,
        2,
        2,
        2,
        6,
        7,
        9,
        2,
        2,
        2,
        2,
        2,
        9,
        2,
        2,
        2,
        2,
        2,
        9,
        2,
        2,
        2,
        2,
        2,
        9,
        2,
        2,
        2,
        6,
        7,
        9,
        2,
        2,
        2,
        2,
        2,
        9,
        2,
        2,
        2,
        2,
        2,
        9,
        2,
        2,
        2,
        2,
        2,
        9,
        2,
        2,
        2,
        6,
        7,
        9,
        2,
        2,
        2,
        2,
        2,
        9,
        2,
        2,
        2,
        2,
        2,
        9,
        2,
        2,
        2,
        2,
        2,
        9,
        2,
        2,
        2,
        6,
        7,
        9,
        2
    ],