{
    "min_pitch": 45,
    "max_pitch": 95,
    "avg_pitch": 67.23055934515689,
    "avg_duration": 0.5422636875284221,
    "avg_position": 96.23810359363638,
    "note_density": 3.7998976457220053,
    "pitch_classes": [
        7,
        0,
        4,
        9,
        4,
        1,
        7,
        0,
        4,
        9,
        4,
        1,
        0,
        7,
        4,
        4,
        9,
        1,
        11,
        2,
        7,
        9,
        0,
        5,
        9,
        5,
        0,
        9,
        2,
        6,
        9,
        6,
        2,
        9,
        9,
        2,
        2,
        6,
        6,
        9,
        9,
        2,
        2,
        6,
        6,
        9,
        9,
        2,
        2,
        6,
        6,
        7,
        7,
        6,
        6,
        2,
        2,
        9,
        9,
        7,
        11,
        6,
        9,
        2,
        6,
        9,
        2,
        7,
        11,
        6,
        9,
        2,
        6,
        2,
        9,
        6,
        2,
        9,
        2,
        9,
        4,
        9,
        6,
        2,
        9,
        9,
        6,
        9,
        2,
        2,
        9,
        4,
        9,
        6,
        2,
        9,
        9,
        9,
        9,
        9,
        9,
        9,
        9,
        9,
        4,
        1,
        9,
        4,
        1,
        9,
        9,
        1,
        6,
        2,
        1,
        4,
        9,
        11,
        6,
        2,
        2,
        11,
        2,
        6,
        11,
        6,
        2,
        11,
        6,
        11,
        2,
        11,
        6,
        2,
        11,
        6,
        11,
        2,
        6,
        11,
        2,
        11,
        6,
        2,
        11,
        9,
        6,
        2,
        9,
        2,
        6,
        6,
        2,
        9,
        6,
        2,
        2,
        9,
        6,
        9,
        6,
        2,
        9,
        2,
        6,
        2,
        6,
        9,
        2,
        9,
        11,
        7,
        6,
        9,
        2,
        9,
        7,
        11,
        6,
        2,
        9,
        2,
        9,
        4,
        9,
        6,
        2,
        9,
        9,
        6,
        9,
        2,
        2,
        9,
        4,
        9,
        6,
        2,
        9,
        9,
        9,
        9,
        9,
        9,
        9,
        9,
        9,
        4,
        1,
        9,
        4,
        1,
        9,
        9,
        1,
        6,
        2,
        1,
        4,
        9,
        11,
        6,
        2,
        2,
        11,
        2,
        6,
        11,
        6,
        2,
        11,
        6,
        11,
        2,
        11,
        6,
        2,
        11,
        6,
        11,
        2,
        6,
        11,
        2,
        11,
        6,
        2,
        11,
        9,
        6,
        2,
        9,
        2,
        6,
        6,
        2,
        9,
        6,
        2,
        2,
        9,
        6,
        9,
        6,
        2,
        9,
        2,
        6,
        2,
        6,
        9,
        2,
        9,
        11,
        7,
        6,
        9,
        2,
        9,
        7,
        11,
        7,
        0,
        4,
        9,
        4,
        1,
        7,
        0,
        4,
        9,
        4,
        1,
        0,
        7,
        4,
        4,
        9,
        1,
        11,
        2,
        7,
        9,
        0,
        5,
        9,
        5,
        0,
        9,
        2,
        6,
        9,
        6,
        2,
        9,
        9,
        2,
        2,
        6,
        6,
        9,
        9,
        2,
        2,
        6,
        6,
        9,
        9,
        2,
        2,
        6,
        6,
        7,
        7,
        6,
        6,
        2,
        2,
        9,
        9,
        7,
        11,
        6,
        9,
        2,
        6,
        9,
        2,
        7,
        11,
        6,
        9,
        2,
        6,
        2,
        9,
        6,
        2,
        9,
        2,
        9,
        4,
        9,
        6,
        2,
        9,
        9,
        6,
        9,
        2,
        2,
        9,
        4,
        9,
        6,
        2,
        9,
        9,
        9,
        9,
        9,
        9,
        9,
        9,
        9,
        4,
        1,
        9,
        4,
        1,
        9,
        9,
        1,
        6,
        2,
        1,
        4,
        9,
        11,
        6,
        2,
        2,
        11,
        2,
        6,
        11,
        6,
        2,
        11,
        6,
        11,
        2,
        11,
        6,
        2,
        11,
        6,
        11,
        2,
        6,
        11,
        2,
        11,
        6,
        2,
        11,
        9,
        6,
        2,
        9,
        2,
        6,
        6,
        2,
        9,
        6,
        2,
        2,
        9,
        6,
        9,
        6,
        2,
        9,
        2,
        6,
        2,
        6,
        9,
        2,
        9,
        11,
        7,
        6,
        9,
        2,
        9,
        7,
        11,
        7,
        0,
        4,
        9,
        4,
        1,
        7,
        0,
        4,
        9,
        4,
        1,
        0,
        7,
        4,
        4,
        9,
        1,
        11,
        2,
        7,
        9,
        0,
        5,
        9,
        5,
        0,
        9,
        2,
        6,
        9,
        6,
        2,
        9,
        9,
        2,
        2,
        6,
        6,
        9,
        9,
        2,
        2,
        6,
        6,
        9,
        9,
        2,
        2,
        6,
        6,
        7,
        7,
        6,
        6,
        2,
        2,
        9,
        9,
        7,
        11,
        6,
        9,
        2,
        6,
        9,
        2,
        7,
        11,
        6,
        9,
        2,
        6,
        2,
        9,
        6,
        2,
        9,
        2,
        9,
        4,
        9,
        6,
        2,
        9,
        9,
        6,
        9,
        2,
        2,
        9,
        4,
        9,
        6,
        2,
        9,
        9,
        9,
        9,
        9,
        9,
        9,
        9,
        9,
        4,
        1,
        9,
        4,
        1,
        9,
        9,
        1,
        6,
        2,
        1,
        4,
        9,
        11,
        6,
        2,
        2,
        11,
        2,
        6,
        11,
        6,
        2,
        11,
        6,
        11,
        2,
        11,
        6,
        2,
        11,
        6,
        11,
        2,
        6,
        11,
        2,
        11,
        6,
        2,
        11,
        9,
        6,
        2,
        9,
        2,
        6,
        6,
        2,
        9,
        6,
        2,
        2,
        9,
        6,
        9,
        6,
        2,
        9,
        2,
        6,
        2,
        6,
        9,
        2,
        9,
        7,
        6,
        2,
        9,
        7,
        9,
        6,
        2,
        9,
        2,
        6,
        6,
        2,
        9,
        6,
        2,
        2,
        9,
        6,
        9,
        6,
        2,
        9,
        2,
        6,
        2,
        6,
        9,
        2,
        9,
        11,
        7,
        6,
        9,
        2,
        9,
        7,
        11,
        9,
        6,
        2,
        9,
        2,
        6,
        6,
        2,
        9,
        6,
        2,
        2,
        9,
        6,
        9,
        6,
        2,
        9,
        2,
        6,
        2,
        6,
        9,
        2,
        9,
        7,
        6,
        2,
        9,
        7,
        9,
        6,
        2,
        9,
