{
    "min_pitch": 62,
    "max_pitch": 74,
    "avg_pitch": 69.44839857651246,
    "avg_duration": 0.12295074999999975,
    "avg_position": 94.56520264208928,
    "note_density": 3.0110667967819067,
    "pitch_classes": [
        4,
        7,
        0,
        4,
        9,
        1,
        4,
        7,
        0,
        4,
        9,
        1,
        4,
        7,
        0,
        2,
        7,
        11,
        5,
        9,
        0,
        6,
        9,
        2,
        6,
        9,
        2,
        6,
        9,
        2,
        6,
        9,
        2,
        6,
        9,
        2,
        6,
        9,
        2,
        6,
        9,
        2,
        6,
        9,
        2,
        6,
        9,
        2,
        6,
        9,
        2,
        6,
        9,
        2,
        6,
        9,
        2,
        6,
        9,
        2,
        6,
        9,
        2,
        6,
        9,
        2,
        6,
        9,
        2,
        6,
        9,
        2,
        6,
        9,
        2,
        6,
        9,
        2,
        6,
        9,
        2,
        6,
        9,
        2,
        4,
        9,
        1,
        4,
        9,
        1,
        4,
        9,
        1,
        4,
        9,
        1,
        6,
        11,
        2,
        6,
        11,
        2,
        6,
        11,
        2,
        6,
        11,
        2,
        6,
        9,
        2,
        6,
        9,
        2,
        6,
        9,
        2,
        6,
        9,
        2,
        6,
        9,
        2,
        6,
        9,
        2,
        6,
        9,
        2,
        6,
        9,
        2,
        6,
        9,
        2,
        6,
        9,
        2,
        6,
        9,
        2,
        6,
        9,
        2,
        6,
        9,
        2,
        6,
        9,
        2,
        6,
        9,
        2,
        6,
        9,
        2,
        6,
        9,
        2,
        6,
        9,
        2,
        6,
        9,
        2,
        6,
        9,
        2,
        6,
        9,
        2,
        6,
        9,
        2,
        6,
        9,
        2,
        6,
        9,
        2,
        4,
        9,
        1,
        4,
        9,
        1,
        4,
        9,
        1,
        4,
        9,
        1,
        6,
        11,
        2,
        6,
        11,
        2,
        6,
        11,
        2,
        6,
        11,
        2,
        6,
        9,
        2,
        6,
        9,
        2,
        6,
        9,
        2,
        6,
        9,
        2,
        6,
        9,
        2,
        6,
        9,
        2,
        6,
        9,
        2,
        6,
        9,
        2,
        4,
        7,
        0,
        4,
        9,
        1,
        4,
        7,
        0,
        4,
        9,
        1,
        4,
        7,
        0,
        2,
        7,
        11,
        5,
        9,
        0,
        6,
        9,
        2,
        6,
        9,
        2,
        6,
        9,
        2,
        6,
        9,
        2,
        6,
        9,
        2,
        6,
        9,
        2,
        6,
        9,
        2,
        6,
        2,
        6,
        2,
        6,
        9,
        2,
        6,
        9,
        2,
        6,
        9,
        2,
        6,
        9,
        2,
        6,
        9,
        2,
        6,
        9,
        2,
        6,
        9,
        2,
        6,
        9,
        2,
        6,
        9,
        2,
        6,
        9,
        2,
        6,
        9,
        2,
        6,
        9,
        2,
        4,
        9,
        1,
        4,
        9,
        1,
        4,
        9,
        1,
        4,
        9,
        1,
        6,
        11,
        2,
        6,
        11,
        2,
        6,
        11,
        2,
        6,
        11,
        2,
        6,
        9,
        2,
        6,
        9,
        2,
        6,
        9,
        2,
        6,
        9,
        2,
        6,
        9,
        2,
        6,
        9,
        2,
        6,
        9,
        2,
        6,
        9,
        2,
        4,
        7,
        0,
        4,
        9,
        1,
        4,
        7,
        0,
        4,
        9,
        1,
        4,
        7,
        0,
        2,
        7,
        11,
        5,
        9,
        0,
        6,
        9,
        2,
        6,
        9,
        2,
        6,
        9,
        2,
        6,
        9,
        2,
        6,
        9,
        2,
        6,
        9,
        2,
        6,
        9,
        2,
        6,
        9,
        2,
        6,
        9,
        2,
        6,
        9,
        2,
        6,
        9,
        2,
        6,
        9,
        2,
        6,
        9,
        2,
        6,
        9,
        2,
        6,
        9,
        2,
        6,
        9,
        2,
        6,
        9,
        2,
        6,
        9,
        2,
        6,
        9,
        2,
        6,
        9,
        2,
        6,
        9,
        2,
        4,
        9,
        1,
        4,
        9,
        1,
        4,
        9,
        1,
        4,
        9,
        1,
        6,
        11,
        2,
        6,
        11,
        2,
        6,
        11,
        2,
        6,
        11,
        2,
        6,
        9,
        2,
        6,
        9,
        2,
        6,
        9,
        2,
        6,
        9,
        2,
        6,
        9,
        2,
        6,
        9,
        2,
        6,
        9,
        2,
        6,
        9,
        2,
        6,
        9,
        2,
        6,
        9,
        2,
        6,
        9,
        2,
        6,
        9,
        2,
        6,
        9,
        2,
        6,
        9,
        2,
        6,
        9,
        2,
        6,
        9,
        2,
        6,
        9,
        2,
        6,
        9,
        2,
        6,
        9,
        2,
        6,
        9,
        2,
        6,
        9,
        2,
        6,
        9,
        2,
        6,
        9,
        2,
        6,
        9,
        2,
        6,
        9,
        2,
        6,
        9,
        2,
        6,
        9,
        2,
        6,
        9,
        2,
        6,
        9,
        2,
        6,
        9,
        2,
        6,
        9,
        2,
        6,
        9,
        2
    ],