{
    "min_pitch": 47,
    "max_pitch": 76,
    "avg_pitch": 58.42574257425743,
    "avg_duration": 0.4329651823432346,
    "avg_position": 127.4231802879538,
    "note_density": 0.5238240288517996,
    "pitch_classes": [
        11,
        2,
        4,
        4,
        9,
        7,
        4,
        9,
        6,
        7,
        4,
        6,
        2,
        7,
        4,
        6,
        2,
        11,
        2,
        4,
        4,
        9,
        7,
        4,
        9,
        6,
        7,
        4,
        6,
        2,
        7,
        4,
        6,
        2,
        7,
        4,
        9,
        6,
        7,
        4,
        6,
        2,
        7,
        4,
        6,
        2,
        11,
        2,
        4,
        4,
        9,
        7,
        4,
        9,
        6,
        7,
        4,
        6,
        2,
        7,
        4,
        6,
        2,
        7,
        4,
        9,
        6,
        7,
        4,
        6,
        2,
        7,
        4,
        6,
        2,
        7,
        4,
        9,
        6,
        7,
        4,
        6,
        2,
        7,
        4,
        6,
        2,
        7,
        4,
        9,
        6,
        7,
        4,
        6,
        2,
        7,
        4,
        6,
        2,
        7,
        4
    ],
    "octaves": [
        3,
        4,
        4,
        4,
        4,
        4,
        5,
        4,
        5,
        4,
        5,
        4,
        5,
        4,
        5,
        4,
        5,
        3,
        4,
        4,
        4,
        4,
        4,
        5,
        4,
        5,
        4,
        5,
        4,
        5,
        4,
        5,
        4,
        5,
        4,
        5,
        4,
        5,
        4,
        5,
        4,
        5,
        4,
        5,
        4,
        5,
        3,
        4,
        4,
        4,
        4,
        4,
        5,
        4,
        5,
        4,
        5,
        4,
        5,
        4,
        5,
        4,
        5,
        4,
        5,
        4,
        5,
        4,
        5,
        4,
        5,
        4,
        5,
        4,
        5,
        4,
        5,
        4,
        5,
        4,
        5,
        4,
        5,
        4,
        5,
        4,
        5,
        4,
        5,
        4,
        5,
        4,
        5,
        4,
        5,
        4,
        5,
        4,
        5,
        5,
        6
    ]
}