{
    "min_pitch": 50,
    "max_pitch": 69,
    "avg_pitch": 60.61818181818182,
    "avg_duration": 0.26606728589015166,
    "avg_position": 99.41349160359846,
    "note_density": 0.9798715716162631,
    "pitch_classes": [
        4,
        9,
        11,
        2,
        2,
        7,
        11,
        9,
        6,
        9,
        6,
        11,
        7,
        9,
        6,
        11,
        7,
        6,
        9,
        11,
        7,
        9,
        6,
        11,
        7,
        9,
        6,
        11,
        7,
        6,
        9,
        9,
        6,
        6,
        9,
        7,
        9,
        6,
        7,
        6,
        2,
        9,
        4,
        9,
        11,
        2,
        2,
        7,
        11,
        9,
        6,
        6,
        9,
        7,
        11,
        9,
        6,
        9,
        6,
        11,
        7,
        9,
        6,
        2,
        9,
        2,
        9,
        9,
        6,
        9,
        6,
        6,
        2,
        6,
        2,
        2,
        2,
        2,
        2,
        2,
        9,
        4,
        9,
        11,
        1,
        4,
        1,
        2,
        1,
        4,
        1,
        11,
        1,
        4,
        1,
        11,
        6,
        11,
        1,
        2,
        6,
        2,
        4,
        2,
        6,
        2,
        1,
        2,
        6,
        2
    ],
    "octaves": [
        4,
        4,
        4,
        5,
        5,
        5,
        4,
        4,
        5,
        4,
        5,
        4,
        5,
        4,
        5,
        4,
        5,
        5,
        4,
        4,
        5,
        4,
        5,
        4,
        5,
        4,
        5,
        4,
        5,
        5,
        4,
        4,
        5,
        4,
        4,
        5,
        5,
        5,
        5,
        5,
        5,
        4,
        4,
        4,
        4,
        5,
        5,
        5,
        4,
        4,
        5,
        5,
        4,
        5,
        4,
        4,
        5,
        4,
        5,
        4,
        5,
        4,
        5,
        5,
        5,
        5,
        5,
        4,
        5,
        4,
        5,
        4,
        5,
        4,
        5,
        5,
        4,
        5,
        4,
        5,
        4,
        4,
        4,
        4,
        5,
        4,
        5,
        5,
        5,
        4,
        5,
        4,
        5,
        4,
        5,
        4,
        4,
        4,
        5,
        5,
        4,
        5,
        5,
        5,
        4,
        5,
        5,
        5,
        4,
        5
    ]
}