{
    "min_pitch": 39,
    "max_pitch": 67,
    "avg_pitch": 57.54269972451791,
    "avg_duration": 2.01052449242423,
    "avg_position": 102.8445265289255,
    "note_density": 1.6014274321210389,
    "pitch_classes": [
        0,
        7,
        0,
        3,
        10,
        5,
        10,
        2,
        8,
        3,
        8,
        0,
        10,
        5,
        10,
        2,
        0,
        7,
        0,
        3,
        10,
        5,
        10,
        2,
        8,
        3,
        8,
        0,
        10,
        5,
        10,
        2,
        0,
        7,
        0,
        3,
        10,
        5,
        10,
        2,
        8,
        3,
        8,
        0,
        10,
        5,
        10,
        2,
        0,
        7,
        0,
        3,
        10,
        5,
        10,
        2,
        0,
        7,
        0,
        3,
        10,
        5,
        10,
        2,
        0,
        7,
        0,
        3,
        10,
        5,
        10,
        2,
        0,
        7,
        0,
        3,
        10,
        5,
        10,
        2,
        8,
        8,
        0,
        3,
        3,
        7,
        10,
        3,
        8,
        8,
        0,
        3,
        10,
        5,
        10,
        2,
        0,
        7,
        0,
        3,
        10,
        5,
        10,
        2,
        8,
        3,
        8,
        0,
        10,
        5,
        10,
        2,
        7,
        10,
        3,
        8,
        0,
        3,
        8,
        0,
        5,
        10,
        2,
        5,
        7,
        10,
        3,
        10,
        2,
        5,
        7,
        10,
        3,
        8,
        0,
        3,
        8,
        0,
        5,
        7,
        10,
        3,
        5,
        10,
        2,
        0,
        7,
        0,
        3,
        10,
        5,
        10,
        2,
        8,
        3,
        8,
        0,
        10,
        5,
        10,
        2,
        0,
        7,
        0,
        3,
        10,
        5,
        10,
        2,
        0,
        7,
        0,
        3,
        10,
        5,
        10,
        2,
        0,
        7,
        0,
        3,
        10,
        5,
        10,
        2,
        0,
        7,
        0,
        3,
        10,
        5,
        10,
        2,
        8,
        8,
        0,
        3,
        3,
        7,
        10,
        3,
        8,
        8,
        0,
        3,
        10,
        5,
        10,
        2,
        0,
        7,
        0,
        3,
        10,
        5,
        10,
        2,
        8,
        3,
        8,
        0,
        10,
        5,
        10,
        2,
        7,
        10,
        3,
        8,
        0,
        3,
        8,
        0,
        5,
        10,
        2,
        5,
        7,
        10,
        3,
        10,
        2,
        5,
        7,
        10,
        3,
        8,
        0,
        3,
        8,
        0,
        5,
        7,
        10,
        3,
        5,
        10,
        2,
        7,
        0,
        3,
        8,
        0,
        3,
        7,
        10,
        3,
        7,
        10,
        3,
        5,
        10,
        2,
        7,
        0,
        3,
        8,
        0,
        3,
        5,
        10,
        3,
        7,
        0,
        5,
        9,
        0,
        5,
        10,
        2,
        5,
        10,
        2,
        7,
        0,
        4,
        7,
        9,
        0,
        5,
        0,
        4,
        7,
        9,
        0,
        5,
        10,
        2,
        5,
        10,
        2,
        7,
        9,
        0,
        5,
        7,
        0,
        4,
        9,
        0,
        5,
        7,
        0,
        4,
        9,
        0,
        5,
        10,
        2,
        5,
        10,
        2,
        7,
        0,
        4,
        7,
        9,
        0,
        5,
        0,
        4,
        7,
        9,
        0,
        5,
        10,
        2,
        5,
        10,
        2,
        7,
        9,
        0,
        5,
        7,
        0,
        4,
        9,
        0,
        5,
        9,
        0,
        5
    ],