{
    "min_pitch": 51,
    "max_pitch": 79,
    "avg_pitch": 62.609375,
    "avg_duration": 0.5849674570312509,
    "avg_position": 33.97138874999999,
    "note_density": 0.2822963013296002,
    "pitch_classes": [
        7,
        0,
        3,
        5,
        10,
        2,
        3,
        8,
        0,
        5,
        10,
        2,
        7,
        2,
        3,
        2,
        3,
        2,
        3,
        2,
        7,
        3,
        7,
        2,
        3,
        2,
        3,
        2,
        3,
        2,
        7,
        3,
        2,
        3,
        2,
        3,
        2,
        3,
        2,
        3,
        2,
        3,
        2,
        3,
        2,
        3,
        2,
        3,
        2,
        3,
        2,
        3,
        2,
        3,
        2,
        3,
        2,
        3,
        2,
        3,
        2,
        3,
        2,
        3
    ],
    "octaves": [
        4,
        5,
        5,
        4,
        4,
        5,
        4,
        4,
        5,
        4,
        4,
        5,
        6,
        5,
        5,
        5,
        5,
        5,
        5,
        5,
        6,
        5,
        6,
        5,
        5,
        5,
        5,
        5,
        5,
        5,
        6,
        5,
        5,
        5,
        5,
        5,
        5,
        5,
        5,
        5,
        5,
        5,
        5,
        5,
        5,
        5,
        5,
        5,
        5,
        5,
        5,
        5,
        5,
        5,
        5,
        5,
        5,
        5,
        5,
        5,
        5,
        5,
        5,
        5
    ]
}