{
    "min_pitch": 58,
    "max_pitch": 80,
    "avg_pitch": 68.29891304347827,
    "avg_duration": 0.3227617860054339,
    "avg_position": 124.05767832201086,
    "note_density": 1.6232037326452011,
    "pitch_classes": [
        7,
        3,
        2,
        0,
        0,
        0,
        0,
        0,
        0,
        0,
        3,
        0,
        3,
        3,
        0,
        3,
        0,
        0,
        0,
        3,
        0,
        10,
        10,
        2,
        0,
        0,
        0,
        0,
        3,
        0,
        10,
        10,
        2,
        0,
        0,
        0,
        0,
        8,
        7,
        7,
        0,
        0,
        8,
        7,
        7,
        5,
        3,
        3,
        7,
        3,
        2,
        2,
        3,
        5,
        3,
        2,
        0,
        10,
        10,
        8,
        7,
        3,
        10,
        10,
        8,
        7,
        3,
        10,
        10,
        8,
        7,
        10,
        8,
        0,
        0,
        10,
        8,
        5,
        0,
        0,
        10,
        8,
        5,
        5,
        5,
        7,
        8,
        10,
        10,
        10,
        8,
        7,
        3,
        10,
        10,
        8,
        7,
        3,
        3,
        7,
        10,
        3,
        3,
        0,
        0,
        0,
        10,
        8,
        3,
        10,
        10,
        8,
        7,
        10,
        10,
        10,
        8,
        7,
        7,
        2,
        0,
        0,
        0,
        3,
        0,
        10,
        10,
        2,
        0,
        0,
        0,
        0,
        3,
        0,
        10,
        10,
        2,
        0,
        0,
        0,
        0,
        8,
        7,
        7,
        0,
        0,
        8,
        7,
        7,
        5,
        3,
        3,
        7,
        3,
        2,
        2,
        3,
        5,
        3,
        2,
        0,
        10,
        10,
        8,
        7,
        3,
        10,
        10,
        8,
        7,
        3,
        10,
        10,
        8,
        7,
        10,
        8,
        0,
        0,
        10,
        8,
        5,
        0,
        0,
        10,
        8,
        5,
        5,
        5,
        7,
        8,
        10,
        10,
        10,
        8,
        7,
        3,
        10,
        10,
        8,
        7,
        3,
        3,
        7,
        10,
        3,
        3,
        0,
        0,
        0,
        10,
        8,
        3,
        10,
        10,
        8,
        7,
        10,
        7,
        7,
        10,
        0,
        0,
        0,
        0,
        10,
        8,
        10,
        3,
        3,
        7,
        7,
        10,
        0,
        0,
        0,
        0,
        0,
        0,
        0,
        0,
        10,
        8,
        10,
        0,
        0,
        10,
        9,
        5,
        0,
        0,
        10,
        9,
        5,
        0,
        0,
        10,
        9,
        0,
        10,
        2,
        2,
        0,
        10,
        7,
        2,
        2,
        0,
        10,
        7,
        7,
        7,
        9,
        10,
        0,
        0,
        0,
        10,
        9,
        5,
        0,
        0,
        10,
        9,
        5,
        5,
        9,
        0,
        5,
        5,
        2,
        2,
        2,
        0,
        10,
        5,
        0,
        0,
        10,
        9,
        0,
        0,
        0,
        10,
        9,
        9,
        0,
        0,
        10,
        9,
        5,
        0,
        0,
        10,
        9,
        5,
        0,
        0,
        10,
        9,
        0,
        10,
        2,
        2,
        0,
        10,
        7,
        2,
        2,
        0,
        10,
        7,
        7,
        7,
        9,
        10,
        0,
        0,
        0,
        10,
        9,
        5,
        0,
        0,
        10,
        9,
        5,
        5,
        9,
        0,
        5,
        5,
        2,
        2,
        2,
        0,
        10,
        5,
        0,
        0,
        10,
        9,
        0,
        0,
        0,
        10,
        9,
        9
    ],