{
    "min_pitch": 60,
    "max_pitch": 84,
    "avg_pitch": 77.25,
    "avg_duration": 0.3427006175595229,
    "avg_position": 131.47900037574405,
    "note_density": 1.4820555819804009,
    "pitch_classes": [
        7,
        3,
        2,
        0,
        0,
        3,
        0,
        3,
        3,
        0,
        3,
        0,
        0,
        0,
        8,
        7,
        7,
        0,
        0,
        8,
        7,
        7,
        5,
        3,
        3,
        7,
        3,
        2,
        2,
        3,
        5,
        3,
        2,
        0,
        7,
        7,
        5,
        3,
        10,
        7,
        7,
        5,
        3,
        10,
        7,
        7,
        5,
        3,
        2,
        0,
        8,
        8,
        7,
        5,
        5,
        8,
        8,
        7,
        5,
        2,
        2,
        2,
        3,
        5,
        10,
        7,
        7,
        5,
        3,
        10,
        7,
        7,
        5,
        3,
        10,
        3,
        3,
        7,
        10,
        10,
        8,
        8,
        8,
        7,
        5,
        10,
        7,
        7,
        5,
        3,
        7,
        7,
        7,
        5,
        3,
        3,
        2,
        0,
        0,
        0,
        3,
        0,
        10,
        10,
        2,
        0,
        0,
        0,
        0,
        8,
        7,
        7,
        0,
        0,
        8,
        7,
        7,
        5,
        3,
        3,
        7,
        3,
        2,
        2,
        3,
        5,
        3,
        2,
        0,
        7,
        7,
        5,
        3,
        10,
        7,
        7,
        5,
        3,
        10,
        7,
        7,
        5,
        3,
        2,
        0,
        8,
        8,
        7,
        5,
        5,
        8,
        8,
        7,
        5,
        2,
        2,
        2,
        3,
        5,
        10,
        7,
        7,
        5,
        3,
        10,
        7,
        7,
        5,
        3,
        10,
        3,
        3,
        7,
        10,
        10,
        8,
        8,
        8,
        7,
        5,
        10,
        7,
        7,
        5,
        3,
        7,
        7,
        7,
        10,
        0,
        0,
        0,
        0,
        10,
        8,
        10,
        3,
        3,
        7,
        7,
        10,
        0,
        0,
        0,
        0,
        0,
        0,
        0,
        0,
        10,
        8,
        10,
        9,
        9,
        7,
        5,
        0,
        9,
        9,
        7,
        5,
        0,
        9,
        9,
        7,
        5,
        4,
        2,
        10,
        10,
        9,
        7,
        7,
        10,
        10,
        9,
        7,
        4,
        4,
        4,
        5,
        7,
        0,
        9,
        9,
        7,
        5,
        0,
        9,
        9,
        7,
        5,
        0,
        5,
        5,
        9,
        0,
        0,
        10,
        10,
        10,
        9,
        7,
        0,
        9,
        9,
        7,
        5,
        9,
        9,
        9,
        7,
        5,
        5,
        9,
        9,
        7,
        5,
        0,
        9,
        9,
        7,
        5,
        0,
        9,
        9,
        7,
        5,
        4,
        2,
        10,
        10,
        9,
        7,
        7,
        10,
        10,
        9,
        7,
        4,
        4,
        4,
        5,
        7,
        0,
        9,
        9,
        7,
        5,
        0,
        9,
        9,
        7,
        5,
        0,
        5,
        5,
        9,
        0,
        0,
        10,
        10,
        10,
        9,
        7,
        0,
        9,
        9,
        7,
        5,
        9,
        9,
        9,
        7,
        5,
        5
    ],
    "octaves": [
        5,
        5,
        5,
        5,
        5,
        5,
        5,
        5,
        5,
        5,
        5,
        5,
        6,
        6,
        6,
        6,
        6,
        6,
        6,
        6,
        6,
        6,
        6,
        6,
        6,
        6,
        6,
        6,
        6,
        6,
        6,
        6,
        6,
        6,
        6,
        6,
        6,
        6,
        5,
        6,
        6,
        6,
        6,
        5,
        6,
        6,
        6,
        6,
        6,
        6,
        6,
        6,
        6,
        6,
        6,
        6,
        6,
        6,
        6,
        6,
        6,
        6,
        6,
        6,
        5,
        6,
        6,
        6,
        6,
        5,
        6,
        6,
        6,
        6,
        5,
        6,
        6,
        6,
        6,
        6,
        6,
        6,
        6,
        6,
        6,
        6,
        6,
        6,
        6,
        6,
        6,
        6,
        6,
        6,
        6,
        6,
        6,
        6,
        6,
        6,
        6,
        6,
        5,
        5,
        6,
        6,
        6,
        6,
        6,
        6,
        6,
        6,
        6,
        6,
        6,
        6,
        6,
        6,
        6,
        6,
        6,
        6,
        6,
        6,
        6,
        6,
        6,
        6,
        6,
        6,
        6,
        6,
        6,
        5,
        6,
        6,
        6,
        6,
        5,
        6,
        6,
        6,
        6,
        6,
        6,
        6,
        6,
        6,
        6,
        6,
        6,
        6,
        6,
        6,
        6,
        6,
        6,
        6,
        6,
        5,
        6,
        6,
        6,
        6,
        5,
        6,
        6,
        6,
        6,
        5,
        6,
        6,
        6,
        6,
        6,
        6,
        6,
        6,
        6,
        6,
        6,
        6,
        6,
        6,
        6,
        6,
        6,
        6,
        6,
        7,
        7,
        7,
        7,
        6,
        6,
        6,
        6,
        6,
        6,
        6,
        6,
        7,
        7,
        7,
        7,
        7,
        7,
        7,
        7,
        6,
        6,
        6,
        6,
        6,
        6,
        6,
        6,
        6,
        6,
        6,
        6,
        6,
        6,
        6,
        6,
        6,
        6,
        6,
        6,
        6,
        6,
        6,
        6,
        6,
        6,
        6,
        6,
        6,
        6,
        6,
        6,
        6,
        6,
        6,
        6,
        6,
        6,
        6,
        6,
        6,
        6,
        6,
        6,
        6,
        6,
        6,
        7,
        7,
        6,
        6,
        6,
        6,
        6,
        7,
        6,
        6,
        6,
        6,
        6,
        6,
        6,
        6,
        6,
        6,
        6,
        6,
        6,
        6,
        6,
        6,
        6,
        6,
        6,
        6,
        6,
        6,
        6,
        6,
        6,
        6,
        6,
        6,
        6,
        6,
        6,
        6,
        6,
        6,
        6,
        6,
        6,
        6,
        6,
        6,
        6,
        6,
        6,
        6,
        6,
        6,
        6,
        6,
        6,
        6,
        6,
        6,
        6,
        6,
        7,
        7,
        6,
        6,
        6,
        6,
        6,
        7,
        6,
        6,
        6,
        6,
        6,
        6,
        6,
        6,
        6,
        6
    ]
}