{
    "min_pitch": 67,
    "max_pitch": 79,
    "avg_pitch": 69.6,
    "avg_duration": 2.864495583333334,
    "avg_position": 64.64554,
    "note_density": 0.06616319562412504,
    "pitch_classes": [
        0,
        10,
        7,
        0,
        8,
        7,
        8,
        7,
        0,
        7,
        0,
        8,
        7,
        8,
        7
    ],
    "octaves": [
        6,
        5,
        5,
        6,
        5,
        5,
        5,
        5,
        6,
        6,
        6,
        5,
        5,
        5,
        5
    ]
}