{
    "min_pitch": 67,
    "max_pitch": 91,
    "avg_pitch": 79.0,
    "avg_duration": 3.7677090000000004,
    "avg_position": 67.08647999999998,
    "note_density": 0.052930556499300035,
    "pitch_classes": [
        7,
        7,
        7,
        7,
        7,
        7,
        7,
        7,
        7,
        7,
        7,
        7
    ],
    "octaves": [
        5,
        6,
        7,
        5,
        6,
        7,
        5,
        6,
        7,
        5,
        6,
        7
    ]
}