{
    "min_pitch": 48,
    "max_pitch": 58,
    "avg_pitch": 53.631079478054566,
    "avg_duration": 0.11010523368920476,
    "avg_position": 120.09391174377222,
    "note_density": 3.7183715940758275,
    "pitch_classes": [
        0,
        0,
        0,
        0,
        0,
        0,
        0,
        0,
        10,
        10,
        10,
        10,
        10,
        10,
        10,
        10,
        8,
        8,
        8,
        8,
        8,
        8,
        8,
        8,
        10,
        10,
        10,
        10,
        10,
        10,
        10,
        10,
        0,
        0,
        0,
        0,
        0,
        0,
        0,
        0,
        10,
        10,
        10,
        10,
        10,
        10,
        10,
        10,
        0,
        0,
        0,
        0,
        0,
        0,
        0,
        0,
        10,
        10,
        10,
        10,
        10,
        10,
        10,
        10,
        0,
        0,
        0,
        0,
        0,
        0,
        0,
        0,
        10,
        10,
        10,
        10,
        10,
        10,
        10,
        10,
        0,
        0,
        0,
        0,
        0,
        0,
        0,
        0,
        10,
        10,
        10,
        10,
        10,
        10,
        10,
        10,
        8,
        8,
        8,
        8,
        8,
        8,
        8,
        8,
        3,
        3,
        3,
        3,
        3,
        3,
        3,
        3,
        8,
        8,
        8,
        8,
        8,
        8,
        8,
        8,
        10,
        10,
        10,
        10,
        10,
        10,
        10,
        10,
        0,
        0,
        0,
        0,
        0,
        0,
        0,
        0,
        10,
        10,
        10,
        10,
        10,
        10,
        10,
        10,
        8,
        8,
        8,
        8,
        8,
        8,
        8,
        8,
        10,
        10,
        10,
        10,
        10,
        10,
        10,
        10,
        3,
        3,
        3,
        3,
        3,
        3,
        3,
        3,
        3,
        3,
        3,
        3,
        3,
        3,
        3,
        3,
        8,
        8,
        8,
        8,
        8,
        8,
        8,
        8,
        8,
        8,
        8,
        8,
        8,
        8,
        8,
        8,
        5,
        5,
        5,
        5,
        5,
        5,
        5,
        5,
        10,
        10,
        10,
        10,
        10,
        10,
        10,
        10,
        3,
        3,
        3,
        3,
        3,
        3,
        3,
        3,
        10,
        10,
        10,
        10,
        10,
        10,
        10,
        10,
        3,
        3,
        3,
        3,
        3,
        3,
        3,
        3,
        3,
        3,
        3,
        3,
        3,
        3,
        3,
        3,
        8,
        8,
        8,
        8,
        8,
        8,
        8,
        8,
        5,
        5,
        5,
        5,
        5,
        5,
        5,
        5,
        10,
        10,
        10,
        10,
        10,
        10,
        10,
        10,
        10,
        0,
        0,
        0,
        0,
        0,
        0,
        0,
        0,
        10,
        10,
        10,
        10,
        10,
        10,
        10,
        10,
        8,
        8,
        8,
        8,
        8,
        8,
        8,
        8,
        10,
        10,
        10,
        10,
        10,
        10,
        10,
        10,
        0,
        0,
        0,
        0,
        0,
        0,
        0,
        0,
        10,
        10,
        10,
        10,
        10,
        10,
        10,
        10,
        0,
        0,
        0,
        0,
        0,
        0,
        0,
        0,
        10,
        10,
        10,
        10,
        10,
        10,
        10,
        10,
        0,
        0,
        0,
        0,
        0,
        0,
        0,
        0,
        10,
        10,
        10,
        10,
        10,
        10,
        10,
        10,
        0,
        0,
        0,
        0,
        0,
        0,
        0,
        0,
        10,
        10,
        10,
        10,
        10,
        10,
        10,
        10,
        8,
        8,
        8,
        8,
        8,
        8,
        8,
        8,
        3,
        3,
        3,
        3,
        3,
        3,
        3,
        3,
        8,
        8,
        8,
        8,
        8,
        8,
        8,
        8,
        10,
        10,
        10,
        10,
        10,
        10,
        10,
        10,
        0,
        0,
        0,
        0,
        0,
        0,
        0,
        0,
        10,
        10,
        10,
        10,
        10,
        10,
        10,
        10,
        8,
        8,
        8,
        8,
        8,
        8,
        8,
        8,
        10,
        10,
        10,
        10,
        10,
        10,
        10,
        10,
        3,
        3,
        3,
        3,
        3,
        3,
        3,
        3,
        3,
        3,
        3,
        3,
        3,
        3,
        3,
        3,
        8,
        8,
        8,
        8,
        8,
        8,
        8,
        8,
        8,
        8,
        8,
        8,
        8,
        8,
        8,
        8,
        5,
        5,
        5,
        5,
        5,
        5,
        5,
        5,
        10,
        10,
        10,
        10,
        10,
        10,
        10,
        10,
        3,
        3,
        3,
        3,
        3,
        3,
        3,
        3,
        10,
        10,
        10,
        10,
        10,
        10,
        10,
        10,
        3,
        3,
        3,
        3,
        3,
        3,
        3,
        3,
        3,
        3,
        3,
        3,
        3,
        3,
        3,
        3,
        8,
        8,
        8,
        8,
        8,
        8,
        8,
        8,
        5,
        5,
        5,
        5,
        5,
        5,
        5,
        5,
        10,
        10,
        10,
        10,
        10,
        10,
        10,
        10,
        10,
        0,
        0,
        0,
        0,
        0,
        0,
        0,
        10,
        8,
        8,
        8,
        8,
        8,
        8,
        8,
        8,
        3,
        3,
        3,
        3,
        3,
        3,
        3,
        3,
        3,
        3,
        3,
        3,
        3,
        3,
        2,
        2,
        0,
        0,
        0,
        0,
        0,
        0,
        0,
        10,
        8,
        8,
        8,
        8,
        8,
        8,
        8,
        8,
        10,
        10,
        10,
        10,
        10,
        10,
        10,
        10,
        0,
        0,
        0,
        0,
        0,
        0,
        0,
        0,
        5,
        5,
        5,
        5,
        5,
        5,
        5,
        5,
        5,
        5,
        5,
        5,
        5,
        5,
        5,
        5,
        10,
        10,
        10,
        10,
        10,
        10,
        10,
        10,
        10,
        10,
        10,
        10,
        10,
        10,
        10,
        10,
        7,
        7,
        7,
        7,
        7,
        7,
        7,
        7,
        0,
        0,
        0,
        0,
        0,
        0,
        0,
        0,
        5,
        5,
        5,
        5,
        5,
        5,
        5,
        5,
        0,
        0,
        0,
        0,
        0,
        0,
        0,
        0,
        5,
        5,
        5,
        5,
        5,
        5,
        5,
        5,
        5,
        5,
        5,
        5,
        5,
        5,
        5,
        5,
        10,
        10,
        10,
        10,
        10,
        10,
        10,
        10,
        7,
        7,
        7,
        7,
