{
    "min_pitch": 39,
    "max_pitch": 68,
    "avg_pitch": 56.3963963963964,
    "avg_duration": 1.5461148761261259,
    "avg_position": 107.573071722973,
    "note_density": 0.9792152952370506,
    "pitch_classes": [
        0,
        7,
        0,
        3,
        10,
        5,
        10,
        2,
        8,
        3,
        8,
        0,
        3,
        3,
        10,
        5,
        10,
        2,
        0,
        7,
        0,
        3,
        0,
        3,
        0,
        2,
        10,
        0,
        3,
        0,
        0,
        2,
        10,
        0,
        3,
        8,
        0,
        3,
        3,
        7,
        10,
        3,
        3,
        8,
        0,
        3,
        10,
        5,
        10,
        2,
        0,
        7,
        0,
        3,
        10,
        5,
        10,
        2,
        8,
        3,
        8,
        0,
        10,
        5,
        10,
        3,
        3,
        10,
        5,
        3,
        10,
        10,
        7,
        10,
        3,
        0,
        7,
        0,
        3,
        10,
        5,
        10,
        2,
        8,
        3,
        8,
        0,
        3,
        3,
        10,
        5,
        10,
        2,
        0,
        7,
        0,
        3,
        0,
        3,
        0,
        2,
        10,
        0,
        3,
        0,
        0,
        2,
        10,
        0,
        3,
        8,
        0,
        3,
        3,
        7,
        10,
        3,
        3,
        8,
        0,
        3,
        10,
        5,
        10,
        2,
        0,
        7,
        0,
        3,
        10,
        5,
        10,
        2,
        8,
        3,
        8,
        0,
        10,
        5,
        10,
        3,
        3,
        10,
        5,
        3,
        10,
        10,
        7,
        10,
        3,
        0,
        0,
        3,
        7,
        8,
        0,
        3,
        8,
        3,
        7,
        3,
        10,
        3,
        3,
        7,
        10,
        3,
        2,
        0,
        0,
        7,
        3,
        3,
        0,
        8,
        8,
        10,
        3,
        5,
        10,
        7,
        0,
        5,
        0,
        5,
        0,
        7,
        5,
        0,
        0,
        0,
        9,
        5,
        0,
        7,
        4,
        0,
        0,
        5,
        9,
        0,
        4,
        7,
        0,
        0,
        5,
        0,
        7,
        5,
        0,
        0,
        0,
        9,
        5,
        0,
        7,
        4,
        0,
        0,
        5,
        9,
        0
    ],
    "octaves": [
        4,
        4,
        5,
        5,
        3,
        4,
        4,
        5,
        3,
        4,
        4,
        5,
        5,
        5,
        3,
        4,
        4,
        5,
        4,
        4,
        5,
        5,
        4,
        5,
        5,
        5,
        3,
        5,
        5,
        4,
        5,
        5,
        3,
        5,
        4,
        4,
        5,
        5,
        4,
        4,
        4,
        5,
        4,
        4,
        5,
        5,
        3,
        4,
        4,
        5,
        4,
        4,
        5,
        5,
        3,
        4,
        4,
        5,
        3,
        4,
        4,
        5,
        3,
        4,
        4,
        5,
        5,
        4,
        4,
        5,
        3,
        4,
        4,
        3,
        5,
        4,
        4,
        5,
        5,
        3,
        4,
        4,
        5,
        3,
        4,
        4,
        5,
        5,
        5,
        3,
        4,
        4,
        5,
        4,
        4,
        5,
        5,
        4,
        5,
        5,
        5,
        3,
        5,
        5,
        4,
        5,
        5,
        3,
        5,
        4,
        4,
        5,
        5,
        4,
        4,
        4,
        5,
        4,
        4,
        5,
        5,
        3,
        4,
        4,
        5,
        4,
        4,
        5,
        5,
        3,
        4,
        4,
        5,
        3,
        4,
        4,
        5,
        3,
        4,
        4,
        5,
        5,
        4,
        4,
        5,
        3,
        4,
        4,
        3,
        5,
        4,
        5,
        5,
        5,
        3,
        5,
        5,
        5,
        3,
        5,
        5,
        4,
        3,
        4,
        5,
        4,
        5,
        4,
        4,
        5,
        5,
        5,
        5,
        5,
        5,
        3,
        4,
        5,
        4,
        3,
        4,
        4,
        5,
        5,
        5,
        5,
        4,
        5,
        4,
        4,
        5,
        4,
        5,
        4,
        4,
        5,
        5,
        4,
        5,
        4,
        5,
        5,
        4,
        5,
        4,
        5,
        5,
        4,
        5,
        4,
        4,
        5,
        4,
        5,
        4,
        4,
        5,
        5,
        4,
        5,
        4,
        5
    ]
}