{
    "min_pitch": 64,
    "max_pitch": 79,
    "avg_pitch": 72.23611111111111,
    "avg_duration": 2.8408052326388873,
    "avg_position": 160.7066995833332,
    "note_density": 0.3175833389958002,
    "pitch_classes": [
        6,
        3,
        10,
        3,
        7,
        0,
        8,
        5,
        7,
        10,
        3,
        3,
        8,
        0,
        3,
        10,
        3,
        7,
        0,
        8,
        5,
        7,
        10,
        3,
        3,
        8,
        0,
        2,
        10,
        7,
        9,
        0,
        5,
        5,
        10,
        2,
        9,
        0,
        5,
        2,
        5,
        10,
        2,
        10,
        7,
        7,
        0,
        4,
        5,
        0,
        9,
        4,
        7,
        0,
        9,
        5,
        0,
        5,
        2,
        10,
        2,
        7,
        10,
        5,
        0,
        9,
        4,
        7,
        0,
        9,
        0,
        5
    ],
    "octaves": [
        6,
        6,
        5,
        6,
        5,
        6,
        5,
        6,
        5,
        5,
        6,
        6,
        5,
        6,
        6,
        5,
        6,
        5,
        6,
        5,
        6,
        5,
        5,
        6,
        6,
        5,
        6,
        6,
        5,
        6,
        5,
        6,
        6,
        6,
        5,
        6,
        5,
        6,
        6,
        6,
        6,
        5,
        6,
        5,
        6,
        5,
        6,
        6,
        6,
        6,
        5,
        5,
        5,
        6,
        5,
        6,
        6,
        6,
        6,
        5,
        6,
        6,
        5,
        6,
        6,
        5,
        5,
        5,
        6,
        5,
        6,
        6
    ]
}