{
    "min_pitch": 53,
    "max_pitch": 77,
    "avg_pitch": 66.01621621621622,
    "avg_duration": 0.4309950945945941,
    "avg_position": 143.41277978378392,
    "note_density": 2.4480382380926264,
    "pitch_classes": [
        8,
        0,
        3,
        7,
        3,
        10,
        8,
        0,
        3,
        5,
        2,
        10,
        7,
        10,
        7,
        10,
        5,
        8,
        3,
        7,
        10,
        3,
        7,
        10,
        7,
        10,
        5,
        8,
        7,
        3,
        10,
        3,
        7,
        10,
        7,
        10,
        5,
        8,
        3,
        7,
        0,
        3,
        10,
        0,
        8,
        3,
        8,
        0,
        8,
        0,
        7,
        10,
        5,
        8,
        0,
        5,
        8,
        0,
        8,
        0,
        7,
        10,
        5,
        8,
        2,
        5,
        2,
        5,
        2,
        5,
        3,
        7,
        5,
        8,
        7,
        10,
        10,
        7,
        10,
        7,
        5,
        8,
        7,
        3,
        3,
        10,
        7,
        10,
        10,
        7,
        5,
        8,
        7,
        3,
        10,
        3,
        3,
        10,
        7,
        3,
        7,
        10,
        10,
        3,
        3,
        0,
        8,
        0,
        0,
        0,
        0,
        0,
        10,
        10,
        8,
        8,
        3,
        3,
        10,
        10,
        10,
        10,
        8,
        8,
        7,
        7,
        10,
        10,
        10,
        10,
        10,
        10,
        8,
        8,
        7,
        7,
        7,
        7,
        8,
        0,
        3,
        7,
        3,
        10,
        8,
        0,
        3,
        5,
        2,
        10,
        7,
        10,
        7,
        10,
        5,
        8,
        3,
        7,
        10,
        3,
        7,
        10,
        7,
        10,
        5,
        8,
        7,
        3,
        10,
        3,
        7,
        10,
        7,
        10,
        5,
        8,
        3,
        7,
        0,
        3,
        10,
        0,
        8,
        3,
        8,
        0,
        8,
        0,
        7,
        10,
        5,
        8,
        0,
        5,
        8,
        0,
        8,
        0,
        7,
        10,
        5,
        8,
        2,
        5,
        2,
        5,
        2,
        5,
        3,
        7,
        5,
        8,
        7,
        10,
        10,
        7,
        10,
        7,
        5,
        8,
        7,
        3,
        3,
        10,
        7,
        10,
        10,
        7,
        5,
        8,
        7,
        3,
        10,
        3,
        3,
        10,
        7,
        3,
        7,
        10,
        10,
        3,
        3,
        0,
        8,
        0,
        0,
        0,
        0,
        0,
        10,
        10,
        8,
        8,
        3,
        3,
        10,
        10,
        10,
        10,
        8,
        8,
        7,
        7,
        10,
        10,
        7,
        7,
        7,
        7,
        10,
        10,
        0,
        0,
        7,
        0,
        3,
        5,
        2,
        10,
        7,
        0,
        3,
        7,
        0,
        0,
        7,
        7,
        0,
        8,
        0,
        8,
        0,
        0,
        8,
        7,
        10,
        10,
        5,
        10,
        5,
        0,
        9,
        0,
        9,
        10,
        7,
        5,
        5,
        9,
        0,
        9,
        0,
        9,
        0,
        7,
        10,
        9,
        5,
        0,
        5,
        9,
        0,
        9,
        0,
        7,
        10,
        5,
        9,
        2,
        5,
        0,
        2,
        10,
        5,
        10,
        2,
        10,
        2,
        9,
        0,
        7,
        10,
        2,
        7,
        10,
        2,
        10,
        2,
        9,
        0,
        7,
        10,
        4,
        7,
        4,
        7,
        4,
        7,
        5,
        9,
        7,
        10,
        9,
        0,
        0,
        9,
        0,
        9,
        7,
        10,
        9,
        5,
        5,
        0,
        9,
        0,
        0,
        9,
        7,
        10,
        9,
        5,
        0,
        5,
        5,
        0,
        9,
        5,
        9,
        0,
        0,
        5,
        5,
        2,
        10,
        2,
        2,
        2,
        2,
        2,
        0,
        0,
        10,
        10,
        5,
        5,
        0,
        0,
        0,
        0,
        10,
        10,
        9,
        9,
        0,
        0,
        0,
        0,
        0,
        0,
        10,
        10,
        9,
        9,
        0,
        5,
        9,
        9,
        0,
        0,
        9,
        7,
        10,
        5,
        9,
        5,
        0,
        9,
        0,
        9,
        0,
        7,
        10,
        9,
        5,
        0,
        5,
        9,
        0,
        9,
        0,
        7,
        10,
        5,
        9,
        2,
        5,
        0,
        2,
        10,
        5,
        10,
        2,
        10,
        2,
        9,
        0,
        7,
        10,
        2,
        7,
        10,
        2,
        10,
        2,
        9,
        0,
        7,
        10,
        4,
        7,
        4,
        7,
        4,
        7,
        5,
        9,
        7,
        10,
        9,
        0,
        0,
        9,
        0,
        9,
        7,
        10,
        9,
        5,
        5,
        0,
        9,
        0,
        0,
        9,
        7,
        10,
        9,
        5,
        0,
        5,
        5,
        0,
        9,
        5,
        9,
        0,
        0,
        5,
        5,
        2,
        10,
        2,
        2,
        2,
        2,
        2,
        0,
        0,
        10,
        10,
        5,
        5,
        0,
        0,
        0,
        0,
        10,
        10,
        9,
        9,
        0,
        0,
        0,
        0,
        0,
        0,
        10,
        10,
        9,
        9,
        0,
        5,
        9
    ],