{
    "min_pitch": 53,
    "max_pitch": 77,
    "avg_pitch": 65.89425287356322,
    "avg_duration": 0.7131400344827625,
    "avg_position": 142.38635655172405,
    "note_density": 1.9187326730996264,
    "pitch_classes": [
        8,
        0,
        3,
        7,
        10,
        3,
        8,
        0,
        3,
        5,
        10,
        2,
        7,
        10,
        5,
        8,
        3,
        7,
        10,
        3,
        7,
        10,
        5,
        8,
        3,
        7,
        10,
        3,
        7,
        10,
        5,
        8,
        3,
        7,
        0,
        3,
        10,
        0,
        3,
        8,
        8,
        0,
        7,
        10,
        5,
        8,
        0,
        5,
        8,
        0,
        7,
        10,
        5,
        8,
        2,
        5,
        3,
        7,
        5,
        8,
        7,
        10,
        7,
        10,
        5,
        8,
        3,
        7,
        10,
        3,
        7,
        10,
        5,
        8,
        3,
        7,
        10,
        3,
        3,
        7,
        7,
        10,
        10,
        3,
        0,
        3,
        8,
        0,
        0,
        0,
        10,
        10,
        8,
        8,
        3,
        3,
        10,
        10,
        8,
        8,
        7,
        7,
        10,
        10,
        8,
        8,
        7,
        7,
        2,
        0,
        8,
        0,
        3,
        7,
        10,
        3,
        8,
        0,
        3,
        5,
        10,
        2,
        7,
        10,
        5,
        8,
        3,
        7,
        10,
        3,
        7,
        10,
        5,
        8,
        3,
        7,
        10,
        3,
        7,
        10,
        5,
        8,
        3,
        7,
        0,
        3,
        10,
        0,
        3,
        8,
        8,
        0,
        7,
        10,
        5,
        8,
        0,
        5,
        8,
        0,
        7,
        10,
        5,
        8,
        2,
        5,
        3,
        7,
        5,
        8,
        7,
        10,
        7,
        10,
        5,
        8,
        3,
        7,
        10,
        3,
        7,
        10,
        5,
        8,
        3,
        7,
        10,
        3,
        3,
        7,
        7,
        10,
        10,
        3,
        0,
        3,
        8,
        0,
        0,
        0,
        10,
        10,
        8,
        8,
        3,
        3,
        10,
        10,
        8,
        8,
        7,
        7,
        10,
        10,
        7,
        7,
        10,
        10,
        0,
        0,
        7,
        0,
        3,
        5,
        2,
        10,
        7,
        0,
        3,
        7,
        0,
        8,
        0,
        7,
        10,
        5,
        10,
        9,
        0,
        7,
        10,
        5,
        9,
        0,
        5,
        9,
        0,
        7,
        10,
        5,
        9,
        0,
        5,
        9,
        0,
        7,
        10,
        5,
        9,
        2,
        5,
        0,
        2,
        5,
        10,
        10,
        2,
        9,
        0,
        7,
        10,
        2,
        7,
        10,
        2,
        9,
        0,
        7,
        10,
        4,
        7,
        5,
        9,
        7,
        10,
        9,
        0,
        9,
        0,
        7,
        10,
        5,
        9,
        0,
        5,
        9,
        0,
        7,
        10,
        5,
        9,
        0,
        5,
        5,
        9,
        9,
        0,
        0,
        5,
        2,
        5,
        10,
        2,
        2,
        2,
        0,
        0,
        10,
        10,
        5,
        5,
        0,
        0,
        10,
        10,
        9,
        9,
        0,
        0,
        10,
        10,
        9,
        9,
        9,
        0,
        5,
        9,
        0,
        7,
        10,
        5,
        9,
        0,
        5,
        9,
        0,
        7,
        10,
        5,
        9,
        0,
        5,
        9,
        0,
        7,
        10,
        5,
        9,
        2,
        5,
        0,
        2,
        5,
        10,
        10,
        2,
        9,
        0,
        7,
        10,
        2,
        7,
        10,
        2,
        9,
        0,
        7,
        10,
        4,
        7,
        5,
        9,
        7,
        10,
        9,
        0,
        9,
        0,
        7,
        10,
        5,
        9,
        0,
        5,
        9,
        0,
        7,
        10,
        5,
        9,
        0,
        5,
        5,
        9,
        9,
        0,
        0,
        5,
        2,
        5,
        10,
        2,
        2,
        2,
        0,
        0,
        10,
        10,
        5,
        5,
        0,
        0,
        10,
        10,
        9,
        9,
        0,
        0,
        10,
        10,
        9,
        9,
        9,
        0,
        5
    ],