{
    "min_pitch": 53,
    "max_pitch": 67,
    "avg_pitch": 60.058479532163744,
    "avg_duration": 2.152474168128653,
    "avg_position": 151.9184694736842,
    "note_density": 0.7542604301150255,
    "pitch_classes": [
        7,
        10,
        3,
        8,
        0,
        3,
        8,
        0,
        5,
        10,
        2,
        5,
        7,
        10,
        3,
        5,
        10,
        2,
        7,
        10,
        3,
        8,
        0,
        3,
        8,
        0,
        5,
        7,
        10,
        3,
        2,
        5,
        10,
        7,
        10,
        3,
        8,
        0,
        3,
        8,
        0,
        5,
        10,
        2,
        5,
        7,
        10,
        3,
        5,
        10,
        2,
        7,
        10,
        3,
        8,
        0,
        3,
        8,
        0,
        5,
        7,
        10,
        3,
        2,
        5,
        10,
        7,
        0,
        3,
        8,
        0,
        3,
        7,
        10,
        3,
        7,
        10,
        3,
        5,
        10,
        2,
        7,
        0,
        3,
        8,
        0,
        3,
        5,
        10,
        3,
        7,
        0,
        5,
        9,
        0,
        5,
        10,
        2,
        5,
        10,
        2,
        7,
        0,
        4,
        7,
        9,
        0,
        5,
        7,
        0,
        4,
        9,
        0,
        5,
        10,
        2,
        5,
        10,
        2,
        7,
        9,
        0,
        5,
        4,
        7,
        0,
        9,
        0,
        5,
        7,
        0,
        4,
        9,
        0,
        5,
        10,
        2,
        5,
        10,
        2,
        7,
        0,
        4,
        7,
        9,
        0,
        5,
        7,
        0,
        4,
        9,
        0,
        5,
        10,
        2,
        5,
        10,
        2,
        7,
        9,
        0,
        5,
        4,
        7,
        0,
        9,
        0,
        5,
        9,
        0,
        5
    ],
    "octaves": [
        4,
        4,
        5,
        4,
        5,
        5,
        4,
        5,
        5,
        4,
        5,
        5,
        4,
        4,
        5,
        4,
        4,
        5,
        4,
        4,
        5,
        4,
        5,
        5,
        4,
        5,
        5,
        4,
        4,
        5,
        5,
        4,
        4,
        4,
        4,
        5,
        4,
        5,
        5,
        4,
        5,
        5,
        4,
        5,
        5,
        4,
        4,
        5,
        4,
        4,
        5,
        4,
        4,
        5,
        4,
        5,
        5,
        4,
        5,
        5,
        4,
        4,
        5,
        5,
        4,
        4,
        4,
        5,
        5,
        4,
        5,
        5,
        4,
        4,
        5,
        4,
        4,
        5,
        4,
        4,
        5,
        4,
        5,
        5,
        4,
        5,
        5,
        4,
        4,
        5,
        4,
        5,
        5,
        4,
        5,
        5,
        4,
        5,
        5,
        4,
        5,
        5,
        5,
        5,
        5,
        4,
        5,
        5,
        4,
        5,
        5,
        4,
        5,
        5,
        4,
        5,
        5,
        4,
        5,
        5,
        4,
        5,
        5,
        5,
        4,
        5,
        4,
        5,
        5,
        4,
        5,
        5,
        4,
        5,
        5,
        4,
        5,
        5,
        4,
        5,
        5,
        5,
        5,
        5,
        4,
        5,
        5,
        4,
        5,
        5,
        4,
        5,
        5,
        4,
        5,
        5,
        4,
        5,
        5,
        4,
        5,
        5,
        5,
        4,
        5,
        4,
        5,
        5,
        4,
        5,
        5
    ]
}