{
    "min_pitch": 43,
    "max_pitch": 81,
    "avg_pitch": 62.398148148148145,
    "avg_duration": 0.6182674081790126,
    "avg_position": 131.90454517380397,
    "note_density": 0.45658111770353543,
    "pitch_classes": [
        4,
        5,
        7,
        4,
        2,
        11,
        9,
        2,
        4,
        7,
        4,
        2,
        11,
        9,
        0,
        4,
        7,
        4,
        2,
        11,
        9,
        2,
        4,
        7,
        4,
        2,
        11,
        9,
        0,
        2,
        7,
        7,
        2,
        7,
        7,
        4,
        5,
        7,
        4,
        2,
        11,
        9,
        2,
        4,
        7,
        4,
        2,
        11,
        9,
        0,
        4,
        7,
        4,
        2,
        11,
        9,
        2,
        4,
        7,
        4,
        2,
        11,
        9,
        0,
        8,
        2,
        7,
        7,
        3,
        2,
        7,
        7,
        4,
        0,
        9,
        7,
        9,
        0,
        11,
        9,
        7,
        5,
        4,
        2,
        0,
        11,
        9,
        7,
        5,
        9,
        7,
        2,
        4,
        2,
        0,
        9,
        0,
        9,
        0,
        9,
        7,
        0,
        7,
        5,
        0,
        2,
        4,
        7
    ],
    "octaves": [
        5,
        5,
        5,
        5,
        5,
        4,
        4,
        5,
        5,
        5,
        5,
        5,
        4,
        4,
        5,
        5,
        5,
        5,
        5,
        4,
        4,
        5,
        5,
        5,
        5,
        5,
        4,
        4,
        5,
        4,
        3,
        4,
        4,
        3,
        4,
        5,
        5,
        5,
        5,
        5,
        4,
        4,
        5,
        5,
        5,
        5,
        5,
        4,
        4,
        5,
        5,
        5,
        5,
        5,
        4,
        4,
        5,
        5,
        5,
        5,
        5,
        4,
        4,
        5,
        4,
        4,
        3,
        4,
        4,
        4,
        3,
        4,
        6,
        6,
        5,
        5,
        5,
        6,
        5,
        5,
        5,
        5,
        5,
        5,
        5,
        4,
        4,
        4,
        4,
        6,
        6,
        6,
        6,
        6,
        6,
        5,
        6,
        5,
        6,
        5,
        5,
        6,
        5,
        5,
        5,
        5,
        5,
        5
    ]
}