{
    "min_pitch": 43,
    "max_pitch": 86,
    "avg_pitch": 64.26683291770574,
    "avg_duration": 0.9515250539276809,
    "avg_position": 111.42462405236896,
    "note_density": 1.7073347495831788,
    "pitch_classes": [
        5,
        9,
        2,
        9,
        5,
        2,
        7,
        7,
        11,
        2,
        5,
        7,
        7,
        2,
        7,
        2,
        7,
        4,
        10,
        11,
        7,
        0,
        4,
        4,
        0,
        7,
        7,
        4,
        0,
        7,
        7,
        7,
        0,
        4,
        7,
        0,
        4,
        5,
        9,
        2,
        9,
        2,
        5,
        2,
        9,
        7,
        9,
        7,
        2,
        9,
        7,
        4,
        0,
        9,
        5,
        0,
        4,
        0,
        7,
        0,
        2,
        4,
        7,
        7,
        2,
        0,
        9,
        5,
        2,
        2,
        5,
        2,
        5,
        2,
        4,
        2,
        10,
        5,
        2,
        10,
        5,
        2,
        2,
        7,
        0,
        7,
        4,
        5,
        9,
        5,
        9,
        4,
        7,
        2,
        5,
        0,
        4,
        7,
        4,
        7,
        4,
        0,
        7,
        0,
        4,
        7,
        4,
        0,
        2,
        9,
        5,
        2,
        5,
        9,
        5,
        9,
        2,
        2,
        5,
        10,
        2,
        10,
        5,
        7,
        2,
        11,
        0,
        9,
        7,
        4,
        2,
        0,
        7,
        7,
        8,
        9,
        0,
        2,
        7,
        0,
        5,
        0,
        9,
        5,
        9,
        0,
        7,
        0,
        2,
        4,
        7,
        2,
        0,
        5,
        2,
        9,
        5,
        2,
        5,
        9,
        0,
        5,
        9,
        2,
        7,
        4,
        0,
        2,
        3,
        4,
        2,
        7,
        5,
        9,
        0,
        4,
        0,
        9,
        0,
        4,
        9,
        0,
        9,
        9,
        0,
        5,
        4,
        0,
        7,
        0,
        4,
        7,
        11,
        2,
        5,
        9,
        0,
        4,
        9,
        0,
        0,
        9,
        9,
        0,
        5,
        0,
        7,
        4,
        0,
        4,
        7,
        11,
        2,
        7,
        0,
        9,
        5,
        7,
        2,
        0,
        4,
        0,
        4,
        4,
        2,
        0,
        7,
        0,
        0,
        5,
        9,
        2,
        9,
        5,
        2,
        7,
        7,
        11,
        2,
        5,
        7,
        7,
        2,
        7,
        2,
        7,
        4,
        10,
        11,
        7,
        0,
        4,
        4,
        0,
        7,
        7,
        4,
        0,
        7,
        7,
        7,
        0,
        4,
        7,
        0,
        4,
        5,
        9,
        2,
        9,
        2,
        5,
        0,
        8,
        9,
        7,
        4,
        2,
        0,
        7,
        8,
        9,
        0,
        0,
        5,
        0,
        9,
        5,
        9,
        0,
        7,
        0,
        2,
        4,
        7,
        2,
        0,
        5,
        2,
        9,
        5,
        2,
        5,
        9,
        0,
        5,
        9,
        2,
        7,
        4,
        0,
        2,
        3,
        4,
        2,
        7,
        5,
        9,
        0,
        4,
        0,
        9,
        0,
        4,
        9,
        0,
        9,
        9,
        7,
        5,
        4,
        0,
        0,
        4,
        7,
        11,
        2,
        5,
        9,
        0,
        4,
        9,
        0,
        0,
        9,
        9,
        0,
        5,
        0,
        7,
        4,
        0,
        4,
        7,
        11,
        2,
        7,
        0,
        9,
        5,
        2,
        7,
        0,
        4,
        0,
        7,
        4,
        2,
        9,
        5,
        5,
        9,
        0,
        0,
        5,
        9,
        7,
        2,
        0,
        7,
        2,
        4,
        0,
        7,
        2,
        4,
        2,
        0,
        9,
        5,
        0,
        0,
        7,
        4,
        9,
        5,
        2,
        9,
        7,
        4,
        0
    ],