{
    "min_pitch": 47,
    "max_pitch": 58,
    "avg_pitch": 52.393351800554015,
    "avg_duration": 0.4859588223684213,
    "avg_position": 121.02475781330794,
    "note_density": 1.53442433523519,
    "pitch_classes": [
        2,
        2,
        2,
        4,
        7,
        7,
        7,
        9,
        7,
        9,
        0,
        7,
        7,
        9,
        0,
        7,
        7,
        9,
        2,
        2,
        7,
        2,
        7,
        7,
        9,
        7,
        9,
        0,
        5,
        4,
        2,
        0,
        0,
        0,
        7,
        2,
        0,
        0,
        0,
        7,
        0,
        2,
        2,
        9,
        4,
        2,
        2,
        5,
        9,
        10,
        10,
        9,
        7,
        7,
        2,
        7,
        9,
        0,
        4,
        5,
        4,
        2,
        0,
        0,
        0,
        7,
        2,
        0,
        0,
        0,
        7,
        0,
        2,
        2,
        9,
        4,
        2,
        2,
        5,
        9,
        10,
        10,
        9,
        7,
        7,
        2,
        7,
        9,
        0,
        7,
        7,
        9,
        0,
        0,
        0,
        9,
        5,
        5,
        9,
        7,
        5,
        5,
        5,
        7,
        0,
        0,
        5,
        2,
        0,
        0,
        0,
        7,
        0,
        2,
        2,
        9,
        2,
        5,
        7,
        5,
        7,
        9,
        0,
        0,
        0,
        0,
        9,
        7,
        7,
        7,
        7,
        7,
        7,
        5,
        7,
        9,
        3,
        9,
        4,
        4,
        2,
        0,
        5,
        5,
        0,
        0,
        5,
        0,
        0,
        7,
        7,
        9,
        11,
        7,
        7,
        7,
        7,
        7,
        7,
        5,
        7,
        7,
        9,
        9,
        4,
        4,
        2,
        0,
        5,
        5,
        7,
        5,
        2,
        5,
        0,
        0,
        7,
        7,
        2,
        4,
        7,
        7,
        2,
        7,
        2,
        2,
        11,
        9,
        4,
        5,
        7,
        0,
        0,
        0,
        7,
        9,
        2,
        0,
        7,
        0,
        2,
        2,
        2,
        4,
        7,
        7,
        7,
        9,
        7,
        9,
        0,
        7,
        7,
        9,
        0,
        7,
        7,
        9,
        2,
        2,
        7,
        2,
        7,
        7,
        9,
        7,
        9,
        0,
        0,
        0,
        7,
        9,
        0,
        0,
        0,
        9,
        5,
        5,
        9,
        7,
        5,
        5,
        5,
        7,
        0,
        0,
        5,
        2,
        0,
        0,
        0,
        7,
        0,
        2,
        2,
        9,
        2,
        5,
        7,
        5,
        7,
        9,
        0,
        0,
        0,
        0,
        9,
        7,
        7,
        7,
        7,
        7,
        7,
        5,
        7,
        9,
        3,
        9,
        4,
        4,
        2,
        0,
        5,
        5,
        0,
        0,
        5,
        0,
        0,
        7,
        7,
        9,
        11,
        7,
        7,
        7,
        7,
        7,
        7,
        5,
        7,
        9,
        9,
        4,
        4,
        2,
        0,
        5,
        5,
        7,
        5,
        2,
        9,
        0,
        0,
        7,
        7,
        2,
        4,
        7,
        7,
        2,
        7,
        2,
        2,
        11,
        9,
        4,
        5,
        7,
        0,
        0,
        0,
        0,
        7,
        9,
        2,
        9,
        2,
        5,
        0,
        5,
        0,
        0,
        0,
        0,
        0,
        7,
        0,
        2,
        0,
        2,
        5,
        7,
        0,
        5,
        4,
        2,
        7,
        9,
        0
    ],