{
    "min_pitch": 53,
    "max_pitch": 72,
    "avg_pitch": 64.75,
    "avg_duration": 2.0615522481617643,
    "avg_position": 115.08966369424014,
    "note_density": 0.304288696800782,
    "pitch_classes": [
        2,
        5,
        9,
        2,
        7,
        2,
        9,
        5,
        2,
        7,
        7,
        0,
        4,
        10,
        9,
        7,
        0,
        5,
        9,
        0,
        4,
        9,
        9,
        0,
        5,
        4,
        9,
        9,
        5,
        9,
        0,
        5,
        7,
        9,
        11,
        9,
        5,
        2,
        5,
        9,
        2,
        7,
        2,
        9,
        5,
        2,
        7,
        0,
        5,
        9,
        0,
        4,
        9,
        9,
        0,
        5,
        4,
        9,
        9,
        5,
        9,
        0,
        5,
        7,
        9,
        11,
        9,
        5
    ],
    "octaves": [
        5,
        5,
        5,
        5,
        5,
        5,
        5,
        5,
        5,
        5,
        5,
        5,
        5,
        4,
        4,
        4,
        5,
        5,
        5,
        6,
        5,
        5,
        5,
        5,
        5,
        5,
        5,
        4,
        4,
        5,
        5,
        5,
        5,
        5,
        5,
        5,
        5,
        5,
        5,
        5,
        5,
        5,
        5,
        5,
        5,
        5,
        5,
        5,
        5,
        5,
        6,
        5,
        5,
        5,
        5,
        5,
        5,
        5,
        4,
        4,
        5,
        5,
        5,
        5,
        5,
        5,
        5,
        5
    ]
}