{
    "min_pitch": 42,
    "max_pitch": 86,
    "avg_pitch": 77.49809885931559,
    "avg_duration": 2.2378967631495548,
    "avg_position": 117.84935554768694,
    "note_density": 1.1117861423970112,
    "pitch_classes": [
        2,
        9,
        5,
        5,
        2,
        11,
        0,
        4,
        7,
        7,
        4,
        0,
        2,
        9,
        5,
        5,
        2,
        11,
        0,
        4,
        7,
        5,
        9,
        0,
        0,
        7,
        0,
        4,
        7,
        0,
        7,
        4,
        2,
        5,
        9,
        9,
        5,
        2,
        10,
        2,
        5,
        5,
        2,
        11,
        5,
        11,
        2,
        0,
        4,
        7,
        5,
        9,
        0,
        7,
        0,
        0,
        7,
        4,
        0,
        7,
        4,
        2,
        5,
        9,
        9,
        5,
        2,
        10,
        2,
        5,
        5,
        2,
        11,
        0,
        4,
        7,
        7,
        4,
        10,
        5,
        9,
        0,
        5,
        0,
        9,
        0,
        4,
        7,
        7,
        4,
        0,
        2,
        9,
        5,
        5,
        9,
        0,
        5,
        11,
        2,
        5,
        11,
        2,
        0,
        4,
        7,
        6,
        11,
        2,
        5,
        0,
        9,
        5,
        9,
        4,
        0,
        5,
        0,
        9,
        0,
        4,
        7,
        11,
        2,
        5,
        0,
        9,
        5,
        9,
        4,
        0,
        5,
        0,
        9,
        0,
        4,
        7,
        2,
        11,
        5,
        5,
        9,
        9,
        5,
        2,
        5,
        2,
        11,
        0,
        7,
        4,
        0,
        4,
        7,
        4,
        0,
        7,
        9,
        5,
        2,
        5,
        2,
        11,
        0,
        7,
        4,
        10,
        4,
        7,
        0,
        9,
        5,
        5,
        0,
        9,
        0,
        7,
        4,
        0,
        4,
        7,
        9,
        5,
        2,
        5,
        9,
        0,
        5,
        2,
        11,
        0,
        7,
        4,
        5,
        11,
        2,
        5,
        9,
        0,
        9,
        0,
        5,
        4,
        0,
        9,
        5,
        0,
        9,
        9,
        5,
        0,
        0,
        7,
        4,
        5,
        11,
        2,
        5,
        5,
        9,
        0,
        4,
        0,
        9,
        5,
        9,
        0,
        0,
        7,
        4,
        5,
        11,
        2,
        5,
        9,
        0,
        4,
        7,
        2,
        5,
        9,
        5,
        0,
        9,
        0,
        4,
        7,
        2,
        5,
        9,
        9,
        5,
        7,
        2,
        0,
        7,
        4,
        0,
        4,
        7,
        7,
        0,
        0
    ],
    "octaves": [
        6,
        6,
        6,
        6,
        7,
        6,
        6,
        6,
        6,
        6,
        6,
        6,
        6,
        6,
        6,
        6,
        7,
        6,
        6,
        6,
        6,
        6,
        6,
        7,
        6,
        5,
        6,
        6,
        6,
        6,
        6,
        6,
        6,
        6,
        6,
        6,
        6,
        6,
        5,
        6,
        6,
        6,
        7,
        6,
        6,
        6,
        7,
        6,
        6,
        6,
        6,
        6,
        7,
        5,
        6,
        6,
        6,
        6,
        6,
        6,
        6,
        6,
        6,
        6,
        6,
        6,
        6,
        5,
        6,
        6,
        6,
        7,
        6,
        6,
        6,
        6,
        6,
        6,
        5,
        6,
        6,
        7,
        6,
        7,
        6,
        6,
        6,
        6,
        6,
        6,
        6,
        6,
        6,
        6,
        6,
        6,
        7,
        6,
        6,
        7,
        6,
        6,
        7,
        6,
        6,
        6,
        3,
        6,
        7,
        6,
        7,
        6,
        6,
        5,
        6,
        6,
        6,
        7,
        6,
        6,
        6,
        6,
        6,
        7,
        6,
        7,
        6,
        6,
        5,
        6,
        6,
        6,
        7,
        6,
        6,
        6,
        6,
        7,
        6,
        6,
        6,
        5,
        6,
        6,
        6,
        6,
        7,
        6,
        6,
        6,
        6,
        6,
        6,
        6,
        6,
        6,
        6,
        6,
        6,
        6,
        6,
        7,
        6,
        6,
        6,
        6,
        5,
        6,
        6,
        7,
        6,
        6,
        6,
        7,
        6,
        6,
        6,
        6,
        6,
        6,
        6,
        6,
        6,
        6,
        6,
        6,
        7,
        6,
        7,
        6,
        6,
        6,
        6,
        6,
        6,
        7,
        6,
        6,
        7,
        6,
        7,
        6,
        6,
        6,
        5,
        6,
        7,
        6,
        6,
        6,
        7,
        6,
        6,
        6,
        6,
        6,
        7,
        6,
        6,
        6,
        7,
        6,
        6,
        5,
        6,
        6,
        7,
        6,
        6,
        6,
        6,
        6,
        7,
        6,
        5,
        6,
        6,
        6,
        6,
        6,
        6,
        6,
        7,
        6,
        6,
        6,
        6,
        6,
        6,
        6,
        5,
        6,
        5,
        6,
        6,
        6,
        6,
        6,
        6,
        6,
        5,
        6,
        5
    ]
}