{
    "min_pitch": 48,
    "max_pitch": 81,
    "avg_pitch": 61.78365384615385,
    "avg_duration": 0.5537166498397447,
    "avg_position": 112.38277290284462,
    "note_density": 0.9307654255082743,
    "pitch_classes": [
        2,
        4,
        0,
        4,
        9,
        7,
        2,
        5,
        9,
        7,
        4,
        7,
        4,
        7,
        9,
        7,
        5,
        4,
        4,
        9,
        9,
        5,
        7,
        4,
        5,
        2,
        2,
        2,
        5,
        2,
        9,
        10,
        11,
        7,
        7,
        3,
        5,
        2,
        5,
        5,
        3,
        5,
        3,
        4,
        0,
        9,
        9,
        5,
        7,
        4,
        5,
        2,
        2,
        2,
        5,
        2,
        9,
        10,
        11,
        7,
        7,
        3,
        5,
        2,
        4,
        0,
        10,
        0,
        3,
        10,
        4,
        8,
        9,
        5,
        7,
        3,
        5,
        2,
        4,
        0,
        10,
        0,
        3,
        0,
        4,
        5,
        5,
        9,
        8,
        9,
        5,
        7,
        3,
        5,
        2,
        4,
        0,
        7,
        3,
        5,
        2,
        4,
        0,
        10,
        0,
        10,
        11,
        5,
        7,
        3,
        5,
        2,
        4,
        0,
        10,
        0,
        10,
        5,
        11,
        3,
        4,
        0,
        2,
        4,
        0,
        4,
        9,
        7,
        2,
        5,
        9,
        7,
        4,
        7,
        4,
        7,
        9,
        7,
        5,
        4,
        10,
        4,
        0,
        9,
        7,
        4,
        10,
        7,
        4,
        8,
        5,
        9,
        3,
        4,
        0,
        7,
        3,
        5,
        2,
        4,
        0,
        10,
        0,
        5,
        2,
        9,
        5,
        11,
        2,
        3,
        4,
        0,
        0,
        9,
        4,
        3,
        4,
        0,
        5,
        11,
        7,
        4,
        3,
        4,
        0,
        5,
        11,
        7,
        4,
        2,
        11,
        5,
        2,
        11,
        2,
        5,
        2,
        7,
        3,
        5,
        2,
        4,
        0,
        10,
        0,
        5,
        9,
        2
    ],
    "octaves": [
        5,
        5,
        5,
        5,
        5,
        5,
        5,
        5,
        5,
        5,
        5,
        4,
        5,
        5,
        5,
        5,
        5,
        5,
        5,
        6,
        4,
        5,
        4,
        5,
        4,
        5,
        5,
        4,
        5,
        6,
        5,
        4,
        4,
        5,
        4,
        5,
        4,
        5,
        4,
        5,
        5,
        4,
        4,
        4,
        5,
        6,
        4,
        5,
        4,
        5,
        4,
        5,
        4,
        5,
        5,
        6,
        5,
        4,
        4,
        5,
        4,
        5,
        4,
        5,
        4,
        5,
        4,
        4,
        5,
        5,
        5,
        4,
        4,
        5,
        4,
        5,
        4,
        5,
        4,
        5,
        4,
        4,
        5,
        6,
        5,
        5,
        6,
        5,
        4,
        4,
        5,
        4,
        5,
        4,
        5,
        4,
        5,
        4,
        5,
        4,
        5,
        4,
        5,
        4,
        4,
        5,
        5,
        6,
        4,
        5,
        4,
        5,
        4,
        5,
        4,
        4,
        5,
        6,
        5,
        4,
        4,
        5,
        5,
        5,
        5,
        5,
        5,
        5,
        5,
        5,
        5,
        5,
        5,
        4,
        5,
        5,
        5,
        5,
        5,
        5,
        5,
        5,
        5,
        5,
        5,
        5,
        4,
        4,
        4,
        5,
        6,
        5,
        4,
        4,
        5,
        4,
        5,
        4,
        5,
        4,
        5,
        4,
        4,
        5,
        6,
        5,
        5,
        5,
        6,
        4,
        4,
        5,
        5,
        5,
        5,
        4,
        4,
        5,
        6,
        5,
        5,
        6,
        4,
        4,
        5,
        6,
        5,
        5,
        6,
        6,
        5,
        5,
        5,
        4,
        4,
        5,
        5,
        4,
        5,
        4,
        5,
        4,
        5,
        4,
        4,
        5,
        5,
        6
    ]
}