{
    "min_pitch": 36,
    "max_pitch": 89,
    "avg_pitch": 50.93846153846154,
    "avg_duration": 0.3396208903846164,
    "avg_position": 136.39660473910257,
    "note_density": 0.5817283909426715,
    "pitch_classes": [
        5,
        5,
        4,
        2,
        0,
        4,
        0,
        11,
        9,
        7,
        5,
        4,
        2,
        2,
        7,
        7,
        2,
        7,
        7,
        2,
        7,
        2,
        7,
        7,
        2,
        0,
        5,
        7,
        2,
        9,
        0,
        9,
        0,
        7,
        0,
        2,
        7,
        7,
        7,
        2,
        7,
        7,
        2,
        7,
        7,
        2,
        7,
        7,
        2,
        7,
        0,
        5,
        2,
        7,
        9,
        0,
        9,
        5,
        5,
        0,
        0,
        0,
        7,
        7,
        7,
        2,
        2,
        7,
        7,
        7,
        2,
        7,
        7,
        2,
        7,
        7,
        2,
        7,
        2,
        7,
        7,
        2,
        7,
        7,
        2,
        7,
        0,
        5,
        2,
        7,
        4,
        9,
        9,
        0,
        7,
        0,
        2,
        7,
        7,
        7,
        2,
        7,
        7,
        2,
        7,
        7,
        2,
        7,
        7,
        2,
        7,
        0,
        5,
        2,
        7,
        9,
        0,
        9,
        5,
        5,
        0,
        0,
        0,
        7,
        7,
        7,
        2,
        2,
        7,
        7
    ],
    "octaves": [
        6,
        7,
        7,
        7,
        7,
        5,
        5,
        4,
        4,
        4,
        4,
        4,
        4,
        4,
        4,
        3,
        4,
        3,
        4,
        4,
        3,
        4,
        3,
        3,
        4,
        4,
        4,
        4,
        4,
        3,
        4,
        4,
        4,
        4,
        3,
        4,
        4,
        3,
        4,
        4,
        3,
        4,
        4,
        3,
        4,
        4,
        3,
        4,
        4,
        3,
        4,
        4,
        4,
        4,
        3,
        4,
        4,
        4,
        3,
        4,
        4,
        3,
        4,
        4,
        3,
        4,
        4,
        4,
        3,
        3,
        4,
        4,
        4,
        4,
        3,
        3,
        4,
        3,
        4,
        4,
        3,
        4,
        4,
        4,
        4,
        3,
        4,
        4,
        4,
        4,
        4,
        4,
        3,
        4,
        4,
        3,
        4,
        4,
        3,
        4,
        4,
        3,
        4,
        4,
        3,
        4,
        4,
        3,
        4,
        4,
        3,
        4,
        4,
        4,
        4,
        3,
        4,
        4,
        4,
        3,
        4,
        4,
        3,
        4,
        4,
        3,
        4,
        4,
        4,
        3
    ]
}