{
    "min_pitch": 67,
    "max_pitch": 81,
    "avg_pitch": 75.88847583643123,
    "avg_duration": 0.44409512306381643,
    "avg_position": 121.3164903523079,
    "note_density": 1.1873363451461671,
    "pitch_classes": [
        7,
        7,
        9,
        7,
        7,
        9,
        4,
        7,
        7,
        9,
        7,
        7,
        9,
        2,
        0,
        9,
        2,
        4,
        2,
        0,
        9,
        0,
        2,
        2,
        4,
        2,
        0,
        9,
        0,
        0,
        9,
        7,
        7,
        7,
        9,
        7,
        7,
        9,
        4,
        7,
        7,
        9,
        7,
        7,
        9,
        2,
        0,
        9,
        2,
        4,
        2,
        0,
        9,
        0,
        2,
        2,
        4,
        2,
        0,
        9,
        0,
        2,
        0,
        0,
        0,
        4,
        7,
        7,
        4,
        9,
        7,
        5,
        9,
        9,
        9,
        7,
        0,
        4,
        7,
        4,
        7,
        4,
        7,
        9,
        2,
        0,
        9,
        7,
        4,
        7,
        4,
        7,
        9,
        2,
        0,
        9,
        7,
        7,
        4,
        2,
        2,
        0,
        2,
        0,
        0,
        0,
        2,
        4,
        4,
        9,
        7,
        7,
        9,
        2,
        0,
        9,
        9,
        9,
        7,
        7,
        0,
        4,
        7,
        7,
        7,
        7,
        4,
        7,
        4,
        2,
        0,
        0,
        2,
        4,
        4,
        9,
        7,
        7,
        9,
        2,
        0,
        9,
        7,
        9,
        7,
        7,
        0,
        4,
        7,
        7,
        7,
        7,
        4,
        7,
        4,
        2,
        5,
        4,
        0,
        2,
        0,
        0,
        0,
        4,
        7,
        7,
        4,
        9,
        7,
        5,
        9,
        9,
        9,
        7,
        0,
        4,
        7,
        4,
        7,
        4,
        7,
        9,
        2,
        0,
        9,
        7,
        4,
        7,
        4,
        7,
        9,
        2,
        0,
        9,
        7,
        7,
        4,
        2,
        2,
        0,
        2,
        0,
        0,
        0,
        2,
        4,
        4,
        9,
        7,
        7,
        9,
        2,
        0,
        9,
        9,
        9,
        7,
        7,
        0,
        4,
        7,
        7,
        7,
        7,
        4,
        7,
        4,
        2,
        0,
        0,
        2,
        4,
        4,
        9,
        7,
        7,
        9,
        2,
        0,
        9,
        7,
        9,
        7,
        7,
        0,
        4,
        7,
        7,
        7,
        7,
        4,
        7,
        4,
        2,
        5,
        4,
        0,
        2,
        0,
        5,
        4,
        0,
        2,
        0,
        5,
        4,
        0,
        2,
        0
    ],
    "octaves": [
        6,
        6,
        6,
        6,
        6,
        6,
        6,
        6,
        6,
        6,
        6,
        6,
        6,
        6,
        6,
        5,
        6,
        6,
        6,
        6,
        5,
        6,
        6,
        6,
        6,
        6,
        6,
        5,
        6,
        6,
        5,
        5,
        6,
        6,
        6,
        6,
        6,
        6,
        6,
        6,
        6,
        6,
        6,
        6,
        6,
        6,
        6,
        5,
        6,
        6,
        6,
        6,
        5,
        6,
        6,
        6,
        6,
        6,
        6,
        5,
        6,
        6,
        6,
        6,
        6,
        6,
        6,
        6,
        6,
        6,
        6,
        6,
        6,
        6,
        6,
        6,
        6,
        6,
        6,
        6,
        6,
        6,
        6,
        6,
        6,
        6,
        5,
        6,
        6,
        6,
        6,
        6,
        6,
        6,
        6,
        5,
        5,
        5,
        6,
        6,
        6,
        6,
        6,
        6,
        6,
        6,
        6,
        6,
        6,
        6,
        6,
        6,
        6,
        6,
        6,
        5,
        6,
        6,
        6,
        6,
        6,
        6,
        6,
        6,
        6,
        6,
        6,
        6,
        6,
        6,
        6,
        6,
        6,
        6,
        6,
        6,
        6,
        6,
        6,
        6,
        6,
        5,
        6,
        6,
        6,
        6,
        6,
        6,
        6,
        6,
        6,
        6,
        6,
        6,
        6,
        6,
        6,
        6,
        6,
        6,
        6,
        6,
        6,
        6,
        6,
        6,
        6,
        6,
        6,
        6,
        6,
        6,
        6,
        6,
        6,
        6,
        6,
        6,
        6,
        6,
        6,
        6,
        6,
        6,
        5,
        6,
        6,
        6,
        6,
        6,
        6,
        6,
        6,
        5,
        5,
        5,
        6,
        6,
        6,
        6,
        6,
        6,
        6,
        6,
        6,
        6,
        6,
        6,
        6,
        6,
        6,
        6,
        6,
        5,
        6,
        6,
        6,
        6,
        6,
        6,
        6,
        6,
        6,
        6,
        6,
        6,
        6,
        6,
        6,
        6,
        6,
        6,
        6,
        6,
        6,
        6,
        6,
        6,
        6,
        5,
        6,
        6,
        6,
        6,
        6,
        6,
        6,
        6,
        6,
        6,
        6,
        6,
        6,
        6,
        6,
        6,
        6,
        6,
        6,
        6,
        6,
        6,
        6,
        6,
        6,
        6,
        6,
        6,
        6
    ]
}