{
    "min_pitch": 62,
    "max_pitch": 79,
    "avg_pitch": 70.32075471698113,
    "avg_duration": 0.41832167934355385,
    "avg_position": 144.28416942393858,
    "note_density": 0.9371663894351018,
    "pitch_classes": [
        4,
        4,
        0,
        0,
        0,
        0,
        0,
        10,
        9,
        0,
        0,
        0,
        0,
        7,
        0,
        0,
        9,
        0,
        9,
        0,
        2,
        7,
        5,
        2,
        0,
        9,
        0,
        9,
        0,
        2,
        7,
        5,
        0,
        2,
        9,
        7,
        5,
        5,
        4,
        5,
        4,
        9,
        9,
        11,
        0,
        0,
        4,
        0,
        0,
        0,
        9,
        7,
        5,
        0,
        0,
        0,
        0,
        7,
        0,
        0,
        0,
        0,
        0,
        0,
        11,
        9,
        7,
        9,
        9,
        11,
        0,
        0,
        4,
        0,
        0,
        0,
        2,
        9,
        0,
        7,
        9,
        5,
        0,
        0,
        0,
        0,
        7,
        0,
        0,
        0,
        0,
        0,
        0,
        11,
        9,
        7,
        9,
        7,
        4,
        5,
        4,
        4,
        4,
        0,
        0,
        0,
        0,
        0,
        10,
        9,
        0,
        0,
        0,
        0,
        7,
        0,
        0,
        9,
        0,
        9,
        0,
        2,
        7,
        5,
        2,
        0,
        9,
        0,
        9,
        0,
        2,
        7,
        5,
        0,
        2,
        9,
        7,
        5,
        5,
        4,
        5,
        4,
        9,
        9,
        11,
        0,
        0,
        4,
        0,
        0,
        0,
        9,
        7,
        5,
        0,
        0,
        0,
        0,
        7,
        0,
        0,
        0,
        0,
        0,
        0,
        11,
        9,
        7,
        9,
        9,
        11,
        0,
        0,
        4,
        0,
        0,
        0,
        2,
        9,
        0,
        7,
        9,
        5,
        0,
        0,
        0,
        0,
        7,
        0,
        0,
        0,
        0,
        0,
        0,
        11,
        9,
        7,
        9,
        7,
        4,
        5,
        4,
        9,
        7,
        4,
        5,
        4,
        9,
        7,
        4,
        5,
        4
    ],
    "octaves": [
        5,
        5,
        6,
        6,
        6,
        6,
        6,
        5,
        5,
        6,
        6,
        6,
        6,
        5,
        6,
        6,
        5,
        6,
        5,
        6,
        6,
        5,
        5,
        5,
        6,
        5,
        6,
        5,
        6,
        6,
        5,
        5,
        6,
        5,
        5,
        6,
        6,
        6,
        6,
        6,
        6,
        5,
        5,
        5,
        6,
        6,
        6,
        6,
        6,
        6,
        5,
        5,
        5,
        6,
        6,
        6,
        6,
        5,
        6,
        6,
        6,
        6,
        6,
        6,
        5,
        5,
        5,
        5,
        5,
        5,
        6,
        6,
        6,
        6,
        6,
        6,
        6,
        5,
        6,
        5,
        5,
        5,
        6,
        6,
        6,
        6,
        5,
        6,
        6,
        6,
        6,
        6,
        6,
        5,
        5,
        5,
        5,
        5,
        5,
        5,
        5,
        5,
        5,
        6,
        6,
        6,
        6,
        6,
        5,
        5,
        6,
        6,
        6,
        6,
        5,
        6,
        6,
        5,
        6,
        5,
        6,
        6,
        5,
        5,
        5,
        6,
        5,
        6,
        5,
        6,
        6,
        5,
        5,
        6,
        5,
        5,
        6,
        6,
        6,
        6,
        6,
        6,
        5,
        5,
        5,
        6,
        6,
        6,
        6,
        6,
        6,
        5,
        5,
        5,
        6,
        6,
        6,
        6,
        5,
        6,
        6,
        6,
        6,
        6,
        6,
        5,
        5,
        5,
        5,
        5,
        5,
        6,
        6,
        6,
        6,
        6,
        6,
        6,
        5,
        6,
        5,
        5,
        5,
        6,
        6,
        6,
        6,
        5,
        6,
        6,
        6,
        6,
        6,
        6,
        5,
        5,
        5,
        5,
        5,
        5,
        5,
        5,
        5,
        5,
        5,
        5,
        5,
        5,
        5,
        5,
        5,
        5
    ]
}