{
    "min_pitch": 47,
    "max_pitch": 58,
    "avg_pitch": 51.998266897746966,
    "avg_duration": 0.3275202195262857,
    "avg_position": 106.86897746967077,
    "note_density": 2.7741496053527785,
    "pitch_classes": [
        2,
        4,
        6,
        9,
        11,
        0,
        5,
        7,
        7,
        7,
        7,
        7,
        7,
        7,
        7,
        5,
        7,
        7,
        7,
        7,
        7,
        2,
        4,
        5,
        6,
        7,
        11,
        2,
        4,
        7,
        11,
        2,
        4,
        7,
        11,
        2,
        4,
        7,
        9,
        10,
        11,
        0,
        9,
        7,
        9,
        0,
        4,
        5,
        6,
        7,
        11,
        2,
        4,
        7,
        7,
        4,
        2,
        11,
        2,
        11,
        9,
        11,
        2,
        4,
        5,
        6,
        7,
        11,
        2,
        4,
        5,
        4,
        2,
        11,
        7,
        11,
        2,
        4,
        7,
        11,
        2,
        4,
        7,
        11,
        2,
        4,
        7,
        4,
        2,
        11,
        0,
        4,
        7,
        9,
        0,
        10,
        9,
        8,
        7,
        11,
        2,
        4,
        7,
        11,
        0,
        1,
        2,
        2,
        11,
        9,
        11,
        2,
        4,
        5,
        6,
        7,
        11,
        2,
        4,
        7,
        9,
        10,
        11,
        0,
        9,
        7,
        9,
        0,
        0,
        9,
        7,
        4,
        7,
        4,
        2,
        4,
        7,
        6,
        7,
        8,
        9,
        1,
        4,
        6,
        9,
        6,
        4,
        1,
        2,
        2,
        11,
        9,
        11,
        2,
        1,
        0,
        0,
        11,
        10,
        5,
        7,
        11,
        2,
        4,
        7,
        11,
        2,
        4,
        7,
        11,
        2,
        4,
        7,
        9,
        10,
        11,
        0,
        9,
        7,
        9,
        0,
        0,
        4,
        5,
        6,
        7,
        11,
        2,
        4,
        7,
        7,
        4,
        2,
        11,
        2,
        11,
        9,
        11,
        2,
        4,
        5,
        6,
        7,
        7,
        11,
        2,
        4,
        5,
        4,
        2,
        11,
        7,
        11,
        2,
        4,
        7,
        11,
        2,
        4,
        7,
        11,
        2,
        4,
        7,
        7,
        4,
        2,
        11,
        0,
        0,
        0,
        0,
        0,
        0,
        0,
        10,
        7,
        11,
        2,
        4,
        7,
        4,
        2,
        11,
        2,
        2,
        11,
        9,
        11,
        2,
        4,
        5,
        6,
        7,
        11,
        2,
        4,
        5,
        2,
        11,
        7,
        9,
        10,
        11,
        0,
        4,
        7,
        9,
        0,
        9,
        7,
        4,
        7,
        4,
        2,
        4,
        7,
        7,
        6,
        7,
        8,
        9,
        1,
        4,
        6,
        9,
        7,
        6,
        4,
        2,
        2,
        11,
        9,
        11,
        2,
        1,
        0,
        0,
        11,
        10,
        5,
        7,
        7,
        7,
        7,
        7,
        7,
        7,
        7,
        7,
        7,
        7,
        7,
        7,
        7,
        7,
        7,
        7,
        7,
        7,
        7,
        7,
        7,
        7,
        7,
        7,
        7,
        7,
        7,
        7,
        7,
        7,
        10,
        0,
        0,
        0,
        0,
        0,
        0,
        0,
        0,
        0,
        0,
        0,
        0,
        0,
        0,
        0,
        0,
        7,
        7,
        7,
        7,
        7,
        7,
        7,
        7,
        7,
        7,
        7,
        7,
        7,
        7,
        7,
        0,
        2,
        2,
        2,
        2,
        2,
        2,
        2,
        2,
        2,
        2,
        2,
        2,
        2,
        2,
        2,
        2,
        7,
        7,
        11,
        11,
        2,
        2,
        4,
        4,
        5,
        5,
        4,
        4,
        2,
        2,
        11,
        11,
        7,
        11,
        2,
        4,
        7,
        11,
        2,
        4,
        7,
        11,
        2,
        4,
        7,
        9,
        10,
        11,
        0,
        4,
        7,
        9,
        0,
        10,
        9,
        8,
        7,
        11,
        2,
        4,
        7,
        11,
        0,
        1,
        2,
        6,
        9,
        11,
        2,
        4,
        5,
        6,
        7,
        11,
        2,
        4,
        5,
        5,
        4,
        2,
        11,
        7,
        7,
        7,
        7,
        7,
        7,
        7,
        10,
        11,
        7,
        7,
        7,
        7,
        7,
        7,
        7,
        7,
        0,
        0,
        0,
        0,
        0,
        0,
        0,
        10,
        7,
        7,
        7,
        7,
        7,
        11,
        0,
        1,
        2,
        11,
        9,
        11,
        2,
        4,
        5,
        6,
        7,
        11,
        2,
        5,
        2,
        11,
        7,
        9,
        10,
        11,
        0,
        4,
        7,
        9,
        0,
        4,
        5,
        6,
        7,
        11,
        2,
        4,
        7,
        7,
        6,
        7,
        8,
        9,
        1,
        4,
        6,
        9,
        1,
        4,
        6,
        2,
        11,
        9,
        11,
        2,
        1,
        0,
        0,
        11,
        10,
        5,
        7,
        7,
        7,
        7,
        7,
        7,
        7,
        7,
        7,
        7,
        11,
        0,
        1,
        2,
        6,
        9,
        11,
        2,
        4,
        5,
        6,
        7,
        11,
        2,
        4,
        7,
        7,
        7,
        11,
        0,
        1,
        2,
        2,
        2,
        2,
        2,
        11,
        0,
        1,
        2,
        4,
        6,
        7,
        7
    ],