{
    "min_pitch": 47,
    "max_pitch": 79,
    "avg_pitch": 61.40928270042194,
    "avg_duration": 0.5360232067510547,
    "avg_position": 115.4093881856539,
    "note_density": 1.122712827902019,
    "pitch_classes": [
        7,
        2,
        7,
        2,
        2,
        7,
        10,
        7,
        0,
        7,
        0,
        0,
        7,
        5,
        10,
        5,
        10,
        7,
        2,
        4,
        10,
        2,
        7,
        2,
        9,
        7,
        7,
        2,
        7,
        2,
        2,
        7,
        10,
        7,
        0,
        7,
        0,
        0,
        7,
        5,
        10,
        5,
        10,
        7,
        2,
        4,
        10,
        2,
        7,
        2,
        9,
        7,
        7,
        4,
        7,
        5,
        7,
        10,
        11,
        10,
        11,
        10,
        11,
        7,
        9,
        7,
        2,
        5,
        2,
        5,
        0,
        10,
        7,
        2,
        5,
        2,
        5,
        0,
        10,
        7,
        7,
        11,
        7,
        11,
        5,
        2,
        11,
        7,
        11,
        7,
        11,
        5,
        2,
        11,
        2,
        5,
        2,
        4,
        10,
        4,
        0,
        4,
        2,
        0,
        7,
        7,
        10,
        10,
        11,
        7,
        6,
        11,
        0,
        9,
        0,
        1,
        1,
        10,
        11,
        2,
        11,
        3,
        0,
        4,
        5,
        6,
        2,
        3,
        4,
        4,
        7,
        7,
        4,
        7,
        4,
        2,
        11,
        7,
        1,
        5,
        2,
        6,
        11,
        2,
        1,
        5,
        10,
        1,
        0,
        0,
        9,
        4,
        11,
        6,
        11,
        2,
        5,
        10,
        10,
        1,
        5,
        9,
        0,
        4,
        9,
        5,
        4,
        2,
        0,
        4,
        0,
        7,
        11,
        1,
        2,
        5,
        1,
        2,
        7,
        1,
        2,
        11,
        1,
        0,
        10,
        7,
        11,
        2,
        5,
        7,
        0,
        4,
        7,
        11,
        11,
        2,
        10,
        1,
        2,
        11,
        0,
        3,
        1,
        4,
        9,
        2,
        2,
        1,
        0,
        0,
        11,
        10,
        5,
        7,
        2,
        9,
        2,
        9,
        7,
        11,
        2,
        6,
        6,
        2,
        6,
        2,
        6,
        2,
        11,
        0,
        1,
        2,
        4,
        6,
        7,
        11,
        5
    ],
    "octaves": [
        5,
        5,
        5,
        5,
        5,
        5,
        4,
        4,
        5,
        4,
        5,
        5,
        4,
        4,
        4,
        4,
        4,
        4,
        4,
        5,
        4,
        5,
        4,
        5,
        4,
        4,
        4,
        4,
        4,
        4,
        4,
        4,
        4,
        4,
        5,
        4,
        5,
        5,
        4,
        4,
        4,
        4,
        4,
        4,
        4,
        5,
        4,
        5,
        4,
        5,
        4,
        4,
        4,
        5,
        4,
        5,
        4,
        4,
        4,
        4,
        4,
        4,
        4,
        4,
        4,
        4,
        5,
        5,
        5,
        5,
        5,
        4,
        4,
        5,
        5,
        5,
        5,
        5,
        4,
        4,
        5,
        5,
        5,
        5,
        5,
        5,
        4,
        5,
        5,
        5,
        5,
        5,
        5,
        4,
        5,
        5,
        5,
        5,
        4,
        5,
        5,
        5,
        5,
        5,
        5,
        5,
        5,
        4,
        4,
        5,
        5,
        4,
        5,
        5,
        5,
        5,
        5,
        5,
        5,
        5,
        5,
        5,
        6,
        5,
        5,
        5,
        6,
        6,
        6,
        6,
        6,
        6,
        6,
        6,
        6,
        6,
        4,
        5,
        6,
        5,
        6,
        5,
        5,
        6,
        6,
        5,
        5,
        6,
        6,
        6,
        5,
        5,
        5,
        5,
        5,
        5,
        5,
        5,
        5,
        5,
        5,
        5,
        5,
        5,
        5,
        5,
        5,
        5,
        5,
        5,
        5,
        5,
        4,
        5,
        5,
        5,
        5,
        5,
        5,
        5,
        5,
        5,
        5,
        5,
        4,
        4,
        4,
        5,
        5,
        5,
        5,
        4,
        4,
        3,
        4,
        4,
        4,
        4,
        4,
        4,
        5,
        4,
        5,
        4,
        4,
        5,
        5,
        5,
        5,
        5,
        4,
        4,
        4,
        4,
        5,
        4,
        5,
        4,
        4,
        3,
        5,
        4,
        4,
        5,
        4,
        5,
        4,
        5,
        3,
        4,
        4,
        4,
        4,
        4,
        4,
        4,
        5
    ]
}