{
    "min_pitch": 43,
    "max_pitch": 70,
    "avg_pitch": 58.181102362204726,
    "avg_duration": 0.23866360454943109,
    "avg_position": 95.31683945756785,
    "note_density": 1.8751614927466687,
    "pitch_classes": [
        2,
        2,
        5,
        5,
        7,
        2,
        9,
        7,
        10,
        9,
        4,
        11,
        2,
        7,
        4,
        2,
        4,
        0,
        10,
        9,
        4,
        3,
        7,
        2,
        0,
        6,
        11,
        7,
        0,
        0,
        4,
        5,
        7,
        4,
        2,
        2,
        9,
        6,
        9,
        11,
        11,
        11,
        4,
        9,
        6,
        0,
        6,
        7,
        2,
        11,
        7,
        5,
        4,
        2,
        11,
        0,
        7,
        2,
        5,
        7,
        10,
        2,
        9,
        7,
        4,
        2,
        11,
        1,
        2,
        7,
        7,
        9,
        0,
        4,
        7,
        9,
        0,
        10,
        4,
        10,
        9,
        7,
        11,
        3,
        0,
        4,
        2,
        1,
        0,
        9,
        8,
        4,
        7,
        2,
        7,
        9,
        9,
        2,
        2,
        6,
        6,
        6,
        0,
        2,
        4,
        9,
        9,
        0,
        2,
        6,
        11,
        2,
        9,
        0,
        4,
        11,
        9,
        2,
        5,
        6,
        7,
        11,
        7,
        9,
        2,
        7,
        9,
        0,
        10,
        4,
        7,
        9,
        8,
        7,
        2,
        0,
        9,
        2,
        7,
        2,
        5,
        4,
        3,
        2,
        10,
        11,
        2,
        11,
        11,
        2,
        10,
        11,
        5,
        9,
        6,
        9,
        6,
        1,
        9,
        6,
        2,
        9,
        6,
        3,
        0,
        3,
        1,
        4,
        2,
        9,
        11,
        4,
        9,
        1,
        4,
        6,
        2,
        4,
        6,
        2,
        6,
        9,
        2,
        9,
        0,
        4,
        5,
        6,
        0,
        6,
        11,
        2,
        10,
        1,
        10,
        0,
        9,
        0,
        6,
        11,
        5,
        10,
        5,
        5,
        7,
        11,
        6,
        7,
        2,
        7,
        2,
        7,
        7,
        2,
        1,
        6,
        7,
        2,
        7,
        2,
        7,
        2,
        1,
        6,
        7,
        2,
        5,
        2,
        5,
        2,
        5,
        2,
        5,
        2,
        5,
        2,
        6,
        7,
        0,
        7,
        0,
        7,
        7,
        0,
        11,
        6,
        7,
        0,
        7,
        0,
        7,
        0,
        6,
        7,
        0,
        7,
        0,
        7,
        7,
        0,
        11,
        6,
        7,
        0,
        7,
        0,
        7,
        0,
        7,
        7,
        0,
        4,
        7,
        7,
        9,
        10,
        11,
        0,
        7,
        4,
        0,
        10,
        7,
        10,
        0,
        4,
        10,
        0,
        2,
        3,
        4,
        5,
        7,
        10,
        6,
        5,
        4,
        7,
        11,
        2,
        7,
        7,
        11,
        2,
        4,
        5,
        7,
        4,
        2,
        11,
        7,
        5,
        11,
        2,
        4,
        2,
        4,
        6,
        4,
        6,
        9,
        6,
        7,
        9,
        9,
        11,
        1,
        11,
        1,
        2,
        4,
        6,
        7,
        9,
        6,
        7,
        1,
        2,
        4,
        6,
        4,
        2,
        0,
        9,
        7,
        0,
        9,
        7,
        11,
        9,
        7,
        6,
        9,
        0,
        2,
        2,
        6,
        9,
        2,
        4,
        5,
        6,
        7,
        9,
        0,
        8,
        7,
        6,
        2,
        6,
        9,
        0,
        2,
        5,
        6,
        7,
        9,
        6,
        5,
        4,
        2
    ],