{
    "min_pitch": 48,
    "max_pitch": 69,
    "avg_pitch": 58.53896103896104,
    "avg_duration": 0.17106060606060625,
    "avg_position": 166.2028625541126,
    "note_density": 0.8762197377030524,
    "pitch_classes": [
        2,
        2,
        7,
        7,
        11,
        11,
        11,
        5,
        7,
        9,
        2,
        2,
        5,
        7,
        11,
        4,
        7,
        2,
        1,
        11,
        5,
        2,
        2,
        7,
        7,
        11,
        11,
        11,
        5,
        7,
        9,
        2,
        2,
        5,
        7,
        11,
        4,
        7,
        2,
        4,
        5,
        9,
        7,
        7,
        0,
        0,
        4,
        4,
        10,
        0,
        4,
        2,
        7,
        7,
        10,
        0,
        4,
        9,
        0,
        7,
        4,
        10,
        0,
        0,
        4,
        7,
        4,
        10,
        4,
        0,
        4,
        2,
        7,
        7,
        10,
        0,
        4,
        9,
        0,
        7,
        10,
        0,
        7,
        2,
        2,
        7,
        11,
        11,
        5,
        7,
        11,
        9,
        2,
        2,
        5,
        7,
        11,
        4,
        7,
        0,
        2,
        5,
        9,
        4,
        6,
        2,
        6,
        9,
        2,
        9,
        0,
        4,
        5,
        6,
        8,
        9,
        11,
        7,
        11,
        2,
        7,
        2,
        5,
        9,
        10,
        11,
        10,
        11,
        2,
        4,
        2,
        7,
        4,
        9,
        2,
        7,
        1,
        5,
        0,
        4,
        2,
        10,
        7,
        4,
        0,
        7,
        2,
        10,
        7,
        0,
        4,
        7,
        10,
        2
    ],
    "octaves": [
        5,
        5,
        5,
        4,
        4,
        4,
        4,
        5,
        4,
        4,
        5,
        5,
        5,
        4,
        4,
        5,
        4,
        5,
        5,
        4,
        5,
        5,
        5,
        5,
        4,
        4,
        4,
        4,
        5,
        4,
        4,
        5,
        5,
        5,
        4,
        4,
        5,
        4,
        5,
        5,
        5,
        5,
        4,
        4,
        5,
        4,
        4,
        4,
        4,
        4,
        4,
        4,
        4,
        4,
        4,
        4,
        4,
        4,
        4,
        4,
        4,
        4,
        5,
        5,
        5,
        4,
        4,
        4,
        5,
        4,
        4,
        4,
        4,
        4,
        4,
        4,
        4,
        4,
        4,
        4,
        4,
        5,
        5,
        5,
        5,
        4,
        4,
        4,
        5,
        4,
        4,
        4,
        5,
        5,
        5,
        4,
        4,
        5,
        4,
        5,
        5,
        5,
        5,
        4,
        4,
        4,
        4,
        4,
        4,
        4,
        5,
        4,
        4,
        4,
        4,
        4,
        4,
        4,
        4,
        5,
        4,
        5,
        5,
        4,
        4,
        4,
        4,
        4,
        5,
        5,
        5,
        5,
        5,
        5,
        5,
        5,
        5,
        5,
        5,
        5,
        5,
        4,
        4,
        5,
        5,
        4,
        5,
        4,
        4,
        5,
        5,
        4,
        4,
        5
    ]
}